facility_key,facility_name,source_facility_id,care_category,program_type,county,address,city,state,zip,phone,fax,capacity,licensee,administrator,facility_status,license_first_date,closed_date,regional_office,source_file_date,is_active,latitude,longitude,distance_miles_from_center,source_id,source_name,source_url,source_owner
"tx-hhsc-assisted-living:000745","BROOKDALE WESTLAKE HILLS","000745","assisted_living","Assisted Living","TRAVIS","1034 LIBERTY PARK DR","AUSTIN","TX","78746","(512) 328-3775","(512) 329-6533","36","","","","","","","","true","30.2675","-97.7876","2.7","tx-hhsc-assisted-living","Texas HHSC Assisted Living Facilities","https://services1.arcgis.com/jI1j5lArZnrgFYSc/ArcGIS/rest/services/Assisted_Living/FeatureServer/0","Texas Health and Human Services Commission"
"tx-hhsc-assisted-living:110472","SOCO VILLAGE","110472","assisted_living","Assisted Living","TRAVIS","3700 PAYLOAD PASS","AUSTIN","TX","78704","512 6531430","","129","","","","","","","","true","30.2232","-97.7552","3.1","tx-hhsc-assisted-living","Texas HHSC Assisted Living Facilities","https://services1.arcgis.com/jI1j5lArZnrgFYSc/ArcGIS/rest/services/Assisted_Living/FeatureServer/0","Texas Health and Human Services Commission"
"tx-hhsc-assisted-living:107288","THE VILLAGE AT THE TRIANGLE","107288","assisted_living","Assisted Living","TRAVIS","4517 TRIANGLE AVENUE","AUSTIN","TX","78751","(512) 323-0933","(512) 489-0956","98","","","","","","","","true","30.3134","-97.7342","3.2","tx-hhsc-assisted-living","Texas HHSC Assisted Living Facilities","https://services1.arcgis.com/jI1j5lArZnrgFYSc/ArcGIS/rest/services/Assisted_Living/FeatureServer/0","Texas Health and Human Services Commission"
"tx-hhsc-assisted-living:105071","WESTMINSTER MANOR ASSISTED LIVING","105071","assisted_living","Assisted Living","TRAVIS","4200 JACKSON AVENUE","AUSTIN","TX","78731","(512) 454-2140","(512) 454-5713","37","","","","","","","","true","30.3154","-97.7552","3.4","tx-hhsc-assisted-living","Texas HHSC Assisted Living Facilities","https://services1.arcgis.com/jI1j5lArZnrgFYSc/ArcGIS/rest/services/Assisted_Living/FeatureServer/0","Texas Health and Human Services Commission"
"tx-hhsc-assisted-living:050404","HOME OF SOUTHERN HOSPITALITY LLC","050404","assisted_living","Assisted Living","TRAVIS","5000 SHOALWOOD AVE","AUSTIN","TX","78756","(512) 451-8400","(512) 451-7972","15","","","","","","","","true","30.3229","-97.743","3.8","tx-hhsc-assisted-living","Texas HHSC Assisted Living Facilities","https://services1.arcgis.com/jI1j5lArZnrgFYSc/ArcGIS/rest/services/Assisted_Living/FeatureServer/0","Texas Health and Human Services Commission"
"tx-hhsc-assisted-living:105870","BELMONT VILLAGE WEST LAKE HILLS TENANT LLC","105870","assisted_living","Assisted Living","TRAVIS","4310 BEE CAVE ROAD","WEST LAKE HILLS","TX","78746","(512) 347-1700","(512) 347-1701","183","","","","","","","","true","30.2875","-97.8129","4.4","tx-hhsc-assisted-living","Texas HHSC Assisted Living Facilities","https://services1.arcgis.com/jI1j5lArZnrgFYSc/ArcGIS/rest/services/Assisted_Living/FeatureServer/0","Texas Health and Human Services Commission"
"tx-hhsc-assisted-living:030416","BROOKDALE GAINES RANCH","030416","assisted_living","Assisted Living","TRAVIS","4409 GAINES RANCH LOOP","AUSTIN","TX","78735","(512) 721-3100","(512) 899-1711","58","","","","","","","","true","30.2417","-97.8166","4.7","tx-hhsc-assisted-living","Texas HHSC Assisted Living Facilities","https://services1.arcgis.com/jI1j5lArZnrgFYSc/ArcGIS/rest/services/Assisted_Living/FeatureServer/0","Texas Health and Human Services Commission"
"tx-hhsc-assisted-living:000785","PARSONS HOUSE AUSTIN","000785","assisted_living","Assisted Living","TRAVIS","1130 CAMINO LA COSTA","AUSTIN","TX","78752","(512) 454-0524","(512) 454-5502","120","","","","","","","","true","30.3246","-97.6964","4.8","tx-hhsc-assisted-living","Texas HHSC Assisted Living Facilities","https://services1.arcgis.com/jI1j5lArZnrgFYSc/ArcGIS/rest/services/Assisted_Living/FeatureServer/0","Texas Health and Human Services Commission"
"tx-hhsc-assisted-living:050750","BROOKDALE NORTHWEST HILLS","050750","assisted_living","Assisted Living","TRAVIS","5715 MESA DR","AUSTIN","TX","78731","(512) 454-5900","(512) 652-0004","240","","","","","","","","true","30.3415","-97.7695","5.4","tx-hhsc-assisted-living","Texas HHSC Assisted Living Facilities","https://services1.arcgis.com/jI1j5lArZnrgFYSc/ArcGIS/rest/services/Assisted_Living/FeatureServer/0","Texas Health and Human Services Commission"
"tx-hhsc-assisted-living:100114","SODALIS AUSTIN","100114","assisted_living","Assisted Living","TRAVIS","7017 MENCHACA RD","AUSTIN","TX","78745","(512) 916-4095","(512) 916-9239","133","","","","","","","","true","30.201","-97.807","6","tx-hhsc-assisted-living","Texas HHSC Assisted Living Facilities","https://services1.arcgis.com/jI1j5lArZnrgFYSc/ArcGIS/rest/services/Assisted_Living/FeatureServer/0","Texas Health and Human Services Commission"
"tx-hhsc-assisted-living:110292","NEURORESTORATIVE TEXAS","110292","assisted_living","Assisted Living","TRAVIS","8600 CROSS PARK DR.","AUSTIN","TX","78754","(512) 648-8276","","12","","","","","","","","true","30.341","-97.6778","6.4","tx-hhsc-assisted-living","Texas HHSC Assisted Living Facilities","https://services1.arcgis.com/jI1j5lArZnrgFYSc/ArcGIS/rest/services/Assisted_Living/FeatureServer/0","Texas Health and Human Services Commission"
"tx-hhsc-assisted-living:100331","TEXAS NEURO REHAB CENTER","100331","assisted_living","Assisted Living","TRAVIS","1106 W DITTMAR RD","AUSTIN","TX","78745","(512) 444-4835","(512) 462-6709","8","","","","","","","","true","30.189","-97.8058","6.6","tx-hhsc-assisted-living","Texas HHSC Assisted Living Facilities","https://services1.arcgis.com/jI1j5lArZnrgFYSc/ArcGIS/rest/services/Assisted_Living/FeatureServer/0","Texas Health and Human Services Commission"
"tx-hhsc-assisted-living:110425","TEXAS NEUROREHAB CENTER","110425","assisted_living","Assisted Living","TRAVIS","1106 W. DITTMAR ROAD","AUSTIN","TX","78745","(512) 444-4835","(512) 462-6709","14","","","","","","","","true","30.189","-97.8058","6.6","tx-hhsc-assisted-living","Texas HHSC Assisted Living Facilities","https://services1.arcgis.com/jI1j5lArZnrgFYSc/ArcGIS/rest/services/Assisted_Living/FeatureServer/0","Texas Health and Human Services Commission"
"tx-hhsc-assisted-living:010266","THE COLLINFIELD HOUSE","010266","assisted_living","Assisted Living","TRAVIS","9205 COLLINFIELD DR","AUSTIN","TX","78758","(512) 619-4366","512 3584851","8","","","","","","","","true","30.3642","-97.702","7.1","tx-hhsc-assisted-living","Texas HHSC Assisted Living Facilities","https://services1.arcgis.com/jI1j5lArZnrgFYSc/ArcGIS/rest/services/Assisted_Living/FeatureServer/0","Texas Health and Human Services Commission"
"tx-hhsc-assisted-living:000958","JUNIPER VILLAGE AT SPICEWOOD SUMMIT","000958","assisted_living","Assisted Living","TRAVIS","4401 SPICEWOOD SPRINGS RD","AUSTIN","TX","78759","(512) 418-8822","(512) 418-8825","109","","","","","","","","true","30.3719","-97.7591","7.3","tx-hhsc-assisted-living","Texas HHSC Assisted Living Facilities","https://services1.arcgis.com/jI1j5lArZnrgFYSc/ArcGIS/rest/services/Assisted_Living/FeatureServer/0","Texas Health and Human Services Commission"
"tx-hhsc-assisted-living:110749","THE RESERVE AT LAKE AUSTIN","110749","assisted_living","Assisted Living","TRAVIS","6401 RR 2222","AUSTIN","TX","78730","(512) 961-7789","","156","","","","","","","","true","30.3654","-97.7973","7.5","tx-hhsc-assisted-living","Texas HHSC Assisted Living Facilities","https://services1.arcgis.com/jI1j5lArZnrgFYSc/ArcGIS/rest/services/Assisted_Living/FeatureServer/0","Texas Health and Human Services Commission"
"tx-hhsc-assisted-living:106662","THE WATERMARK AT SOUTHPARK MEADOWS","106662","assisted_living","Assisted Living","TRAVIS","9320 ALICE MAE LANE","AUSTIN","TX","78748","(512) 222-3224","(512) 649-1514","122","","","","","","","","true","30.1664","-97.7939","7.6","tx-hhsc-assisted-living","Texas HHSC Assisted Living Facilities","https://services1.arcgis.com/jI1j5lArZnrgFYSc/ArcGIS/rest/services/Assisted_Living/FeatureServer/0","Texas Health and Human Services Commission"
"tx-hhsc-assisted-living:103118","QUERENCIA AT BARTON CREEK","103118","assisted_living","Assisted Living","TRAVIS","2500 BARTON CREEK BOULEVARD","AUSTIN","TX","78735","(512) 610-9400","(512) 610-9427","73","","","","","","","","true","30.2901","-97.8688","7.7","tx-hhsc-assisted-living","Texas HHSC Assisted Living Facilities","https://services1.arcgis.com/jI1j5lArZnrgFYSc/ArcGIS/rest/services/Assisted_Living/FeatureServer/0","Texas Health and Human Services Commission"
"tx-hhsc-assisted-living:010282","BROOKDALE BECKETT MEADOWS","010282","assisted_living","Assisted Living","TRAVIS","7709 BECKETT RD","AUSTIN","TX","78749","(512) 891-9544","(512) 892-8980","95","","","","","","","","true","30.2176","-97.8603","7.8","tx-hhsc-assisted-living","Texas HHSC Assisted Living Facilities","https://services1.arcgis.com/jI1j5lArZnrgFYSc/ArcGIS/rest/services/Assisted_Living/FeatureServer/0","Texas Health and Human Services Commission"
"tx-hhsc-assisted-living:106821","SILVERADO BARTON SPRINGS","106821","assisted_living","Assisted Living","TRAVIS","5200A DAVIS LANE","AUSTIN","TX","78749","(512) 301-8747","(512) 717-0329","56","","","","","","","","true","30.2089","-97.8623","8.2","tx-hhsc-assisted-living","Texas HHSC Assisted Living Facilities","https://services1.arcgis.com/jI1j5lArZnrgFYSc/ArcGIS/rest/services/Assisted_Living/FeatureServer/0","Texas Health and Human Services Commission"
"tx-hhsc-assisted-living:107111","SILVERLEAF ELDERCARE AT THE ARBORETUM","107111","assisted_living","Assisted Living","TRAVIS","9004 WILDRIDGE DR","AUSTIN","TX","78759","(512) 831-5600","","12","","","","","","","","true","30.3872","-97.7507","8.3","tx-hhsc-assisted-living","Texas HHSC Assisted Living Facilities","https://services1.arcgis.com/jI1j5lArZnrgFYSc/ArcGIS/rest/services/Assisted_Living/FeatureServer/0","Texas Health and Human Services Commission"
"tx-hhsc-assisted-living:106179","LIVE OAK ESTATES","106179","assisted_living","Assisted Living","TRAVIS","10212 ENGLISH OAK DR.","AUSTIN","TX","78748","(512) 551-9331","(512) 861-5799","9","","","","","","","","true","30.1564","-97.8012","8.4","tx-hhsc-assisted-living","Texas HHSC Assisted Living Facilities","https://services1.arcgis.com/jI1j5lArZnrgFYSc/ArcGIS/rest/services/Assisted_Living/FeatureServer/0","Texas Health and Human Services Commission"
"tx-hhsc-assisted-living:000417","MARILYN M CAMPBELL CENTER","000417","assisted_living","Assisted Living","TRAVIS","11110 TOM ADAMS DR","AUSTIN","TX","78753","(512) 836-1515","(512) 836-1951","80","","","","","","","","true","30.3723","-97.6713","8.4","tx-hhsc-assisted-living","Texas HHSC Assisted Living Facilities","https://services1.arcgis.com/jI1j5lArZnrgFYSc/ArcGIS/rest/services/Assisted_Living/FeatureServer/0","Texas Health and Human Services Commission"
"tx-hhsc-assisted-living:107237","ACCESSION ESTATES ASSISTED LIVING HOMES","107237","assisted_living","Assisted Living","TRAVIS","10301 ENGLISH OAK DRIVE","AUSTIN","TX","78748","(512) 800-7405","(512) 800-7617","10","","","","","","","","true","30.1552","-97.8008","8.5","tx-hhsc-assisted-living","Texas HHSC Assisted Living Facilities","https://services1.arcgis.com/jI1j5lArZnrgFYSc/ArcGIS/rest/services/Assisted_Living/FeatureServer/0","Texas Health and Human Services Commission"
"tx-hhsc-assisted-living:103370","SOUTH AUSTIN ASSISTED LIVING INC","103370","assisted_living","Assisted Living","TRAVIS","4601 CHESNEY RIDGE DR","AUSTIN","TX","78749","(512) 436-8004","(512) 436-8004","6","","","","","","","","true","30.196","-97.8612","8.6","tx-hhsc-assisted-living","Texas HHSC Assisted Living Facilities","https://services1.arcgis.com/jI1j5lArZnrgFYSc/ArcGIS/rest/services/Assisted_Living/FeatureServer/0","Texas Health and Human Services Commission"
"tx-hhsc-assisted-living:106219","THE CROSSING AT OAK HILL ASSISTED LIVING & MEMORY CARE","106219","assisted_living","Assisted Living","TRAVIS","7501 W HWY 290","AUSTIN","TX","78736","(512) 288-8300","(512) 767-1844","122","","","","","","","","true","30.2285","-97.8806","8.6","tx-hhsc-assisted-living","Texas HHSC Assisted Living Facilities","https://services1.arcgis.com/jI1j5lArZnrgFYSc/ArcGIS/rest/services/Assisted_Living/FeatureServer/0","Texas Health and Human Services Commission"
"tx-hhsc-assisted-living:106824","THREE RIVERS ASSISTED LIVING  HUNTERS LANE","106824","assisted_living","Assisted Living","TRAVIS","11300 HUNTERS LANE & 11302","AUSTIN","TX","78753","(512) 900-3306","","12","","","","","","","","true","30.3787","-97.6772","8.6","tx-hhsc-assisted-living","Texas HHSC Assisted Living Facilities","https://services1.arcgis.com/jI1j5lArZnrgFYSc/ArcGIS/rest/services/Assisted_Living/FeatureServer/0","Texas Health and Human Services Commission"
"tx-hhsc-assisted-living:105080","SOUTH AUSTIN ASSISTED LIVING INC","105080","assisted_living","Assisted Living","TRAVIS","4816 CHESNEY RIDGE DR","AUSTIN","TX","78749","(512) 243-8476","(512) 436-8004","6","","","","","","","","true","30.1978","-97.8637","8.7","tx-hhsc-assisted-living","Texas HHSC Assisted Living Facilities","https://services1.arcgis.com/jI1j5lArZnrgFYSc/ArcGIS/rest/services/Assisted_Living/FeatureServer/0","Texas Health and Human Services Commission"
"tx-hhsc-assisted-living:105478","THE AUBERGE AT ONION CREEK  A MEMORY CARE COMMUNITY","105478","assisted_living","Assisted Living","TRAVIS","11330 FARRAH LANE","AUSTIN","TX","78748","512 2802030","","92","","","","","","","","true","30.1403","-97.8021","9.4","tx-hhsc-assisted-living","Texas HHSC Assisted Living Facilities","https://services1.arcgis.com/jI1j5lArZnrgFYSc/ArcGIS/rest/services/Assisted_Living/FeatureServer/0","Texas Health and Human Services Commission"
"tx-hhsc-assisted-living:106216","VILLAGE ON THE PARKONION CREEK","106216","assisted_living","Assisted Living","TRAVIS","11300 FARRAH LANE BLDG 6","AUSTIN","TX","78748","(512) 280-5500","(281) 996-1141","38","","","","","","","","true","30.1415","-97.8011","9.4","tx-hhsc-assisted-living","Texas HHSC Assisted Living Facilities","https://services1.arcgis.com/jI1j5lArZnrgFYSc/ArcGIS/rest/services/Assisted_Living/FeatureServer/0","Texas Health and Human Services Commission"
"tx-hhsc-assisted-living:110291","MARAVILLA AT THE DOMAIN","110291","assisted_living","Assisted Living","TRAVIS","11001 AUSTIN LANE","AUSTIN","TX","78758","(512) 598-4100","","108","","","","","","","","true","30.4046","-97.7189","9.6","tx-hhsc-assisted-living","Texas HHSC Assisted Living Facilities","https://services1.arcgis.com/jI1j5lArZnrgFYSc/ArcGIS/rest/services/Assisted_Living/FeatureServer/0","Texas Health and Human Services Commission"
"tx-hhsc-assisted-living:103390","LIVE OAK DRIVE","103390","assisted_living","Assisted Living","TRAVIS","11611 CIRCLE DR","SAN LEANNA","TX","78748","(512) 906-0377","(512) 373-8838","13","","","","","","","","true","30.1431","-97.8177","9.7","tx-hhsc-assisted-living","Texas HHSC Assisted Living Facilities","https://services1.arcgis.com/jI1j5lArZnrgFYSc/ArcGIS/rest/services/Assisted_Living/FeatureServer/0","Texas Health and Human Services Commission"
"tx-hhsc-assisted-living:102254","SHADY HOLLOW II ASSISTED LIVING","102254","assisted_living","Assisted Living","TRAVIS","11303 ALOYSIA DR","AUSTIN","TX","78748","(512) 292-4796","(512) 292-4796","5","","","","","","","","true","30.1667","-97.8576","9.7","tx-hhsc-assisted-living","Texas HHSC Assisted Living Facilities","https://services1.arcgis.com/jI1j5lArZnrgFYSc/ArcGIS/rest/services/Assisted_Living/FeatureServer/0","Texas Health and Human Services Commission"
"tx-hhsc-assisted-living:101766","SHADY HOLLOW ASSISTED LIVING","101766","assisted_living","Assisted Living","TRAVIS","11315 MENODORA DR","AUSTIN","TX","78748","(512) 280-8861","(512) 292-4796","5","","","","","","","","true","30.1651","-97.8569","9.8","tx-hhsc-assisted-living","Texas HHSC Assisted Living Facilities","https://services1.arcgis.com/jI1j5lArZnrgFYSc/ArcGIS/rest/services/Assisted_Living/FeatureServer/0","Texas Health and Human Services Commission"
"tx-hhsc-assisted-living:000733","RENAISSANCE  AUSTIN","000733","assisted_living","Assisted Living","TRAVIS","11279 TAYLOR DRAPER LANE","AUSTIN","TX","78759-3953","(512) 338-0995","(512) 794-8687","44","","","","","","","","true","30.4117","-97.7532","10","tx-hhsc-assisted-living","Texas HHSC Assisted Living Facilities","https://services1.arcgis.com/jI1j5lArZnrgFYSc/ArcGIS/rest/services/Assisted_Living/FeatureServer/0","Texas Health and Human Services Commission"
"tx-hhsc-assisted-living:107005","TECH RIDGE OAKS ASSISTED LIVING AND MEMORY CARE","107005","assisted_living","Assisted Living","TRAVIS","400 E YAGER LANE","AUSTIN","TX","78753","(512) 339-9700","","131","","","","","","","","true","30.3973","-97.6656","10.1","tx-hhsc-assisted-living","Texas HHSC Assisted Living Facilities","https://services1.arcgis.com/jI1j5lArZnrgFYSc/ArcGIS/rest/services/Assisted_Living/FeatureServer/0","Texas Health and Human Services Commission"
"tx-hhsc-assisted-living:104789","LIVE OAK WEST","104789","assisted_living","Assisted Living","TRAVIS","3123 SUNLAND DR","AUSTIN","TX","78748","(512) 351-9446","(512) 916-8623","10","","","","","","","","true","30.1583","-97.8578","10.2","tx-hhsc-assisted-living","Texas HHSC Assisted Living Facilities","https://services1.arcgis.com/jI1j5lArZnrgFYSc/ArcGIS/rest/services/Assisted_Living/FeatureServer/0","Texas Health and Human Services Commission"
"tx-hhsc-assisted-living:030176","PARMER WOODS AT NORTH AUSTIN","030176","assisted_living","Assisted Living","TRAVIS","12429 SCOFIELD FARMS DRIVE","AUSTIN","TX","78758","(512) 835-9080","(512) 410-2688","36","","","","","","","","true","30.4101","-97.6866","10.4","tx-hhsc-assisted-living","Texas HHSC Assisted Living Facilities","https://services1.arcgis.com/jI1j5lArZnrgFYSc/ArcGIS/rest/services/Assisted_Living/FeatureServer/0","Texas Health and Human Services Commission"
"tx-hhsc-assisted-living:030175","PARMER WOODS AT NORTH AUSTIN","030175","assisted_living","Assisted Living","TRAVIS","12429 SCOFIELD FARMS DRIVE","AUSTIN","TX","78758","(512) 835-1316","(512) 410-2688","112","","","","","","","","true","30.4101","-97.6866","10.4","tx-hhsc-assisted-living","Texas HHSC Assisted Living Facilities","https://services1.arcgis.com/jI1j5lArZnrgFYSc/ArcGIS/rest/services/Assisted_Living/FeatureServer/0","Texas Health and Human Services Commission"
"tx-hhsc-assisted-living:010257","AUSTIN SENIOR CARE","010257","assisted_living","Assisted Living","TRAVIS","1414 CARDINAL HILL DR","AUSTIN","TX","78758","(512) 853-9503","(512) 692-7648","6","","","","","","","","true","30.41","-97.6849","10.5","tx-hhsc-assisted-living","Texas HHSC Assisted Living Facilities","https://services1.arcgis.com/jI1j5lArZnrgFYSc/ArcGIS/rest/services/Assisted_Living/FeatureServer/0","Texas Health and Human Services Commission"
"tx-hhsc-assisted-living:000948","BROOKDALE NORTH AUSTIN","000948","assisted_living","Assisted Living","TRAVIS","5310 DUVAL RD","AUSTIN","TX","78727","(512) 418-8228","(512) 418-9211","112","","","","","","","","true","30.4191","-97.7441","10.5","tx-hhsc-assisted-living","Texas HHSC Assisted Living Facilities","https://services1.arcgis.com/jI1j5lArZnrgFYSc/ArcGIS/rest/services/Assisted_Living/FeatureServer/0","Texas Health and Human Services Commission"
"tx-hhsc-assisted-living:000482","COLONIAL GARDENS OF AUSTIN A1","000482","assisted_living","Assisted Living","TRAVIS","3700 ADELPHI LN","AUSTIN","TX","78727","(512) 833-0114","(512) 833-3235","32","","","","","","","","true","30.4217","-97.7145","10.8","tx-hhsc-assisted-living","Texas HHSC Assisted Living Facilities","https://services1.arcgis.com/jI1j5lArZnrgFYSc/ArcGIS/rest/services/Assisted_Living/FeatureServer/0","Texas Health and Human Services Commission"
"tx-hhsc-assisted-living:030112","COLONIAL GARDENS OF AUSTIN A2","030112","assisted_living","Assisted Living","TRAVIS","3706 ADELPHI LN","AUSTIN","TX","78727","(512) 833-0114","(512) 833-3235","32","","","","","","","","true","30.4219","-97.715","10.8","tx-hhsc-assisted-living","Texas HHSC Assisted Living Facilities","https://services1.arcgis.com/jI1j5lArZnrgFYSc/ArcGIS/rest/services/Assisted_Living/FeatureServer/0","Texas Health and Human Services Commission"
"tx-hhsc-assisted-living:104336","PAVILION AT GREAT HILLS","104336","assisted_living","Assisted Living","TRAVIS","11819 PAVILION BLVD","AUSTIN","TX","78759","(512) 249-0500","(512) 249-0567","35","","","","","","","","true","30.424","-97.7551","10.9","tx-hhsc-assisted-living","Texas HHSC Assisted Living Facilities","https://services1.arcgis.com/jI1j5lArZnrgFYSc/ArcGIS/rest/services/Assisted_Living/FeatureServer/0","Texas Health and Human Services Commission"
"tx-hhsc-assisted-living:104337","THE PAVILION AT GREAT HILLS","104337","assisted_living","Assisted Living","TRAVIS","11819 PAVILION BLVD","AUSTIN","TX","78759","(512) 249-0500","(512) 249-0567","130","","","","","","","","true","30.424","-97.7551","10.9","tx-hhsc-assisted-living","Texas HHSC Assisted Living Facilities","https://services1.arcgis.com/jI1j5lArZnrgFYSc/ArcGIS/rest/services/Assisted_Living/FeatureServer/0","Texas Health and Human Services Commission"
"tx-hhsc-assisted-living:100279","GRACE HOUSE ASSISTED LIVING","100279","assisted_living","Assisted Living","TRAVIS","11825 BEE CAVE RD","AUSTIN","TX","78738","(512) 402-0968","(512) 402-0950","16","","","","","","","","true","30.3081","-97.9215","11","tx-hhsc-assisted-living","Texas HHSC Assisted Living Facilities","https://services1.arcgis.com/jI1j5lArZnrgFYSc/ArcGIS/rest/services/Assisted_Living/FeatureServer/0","Texas Health and Human Services Commission"
"tx-hhsc-assisted-living:100113","GRACE HOUSE ASSISTED LIVING","100113","assisted_living","Assisted Living","TRAVIS","11825 BEE CAVE RD","AUSTIN","TX","78738","(512) 402-0968","(512) 402-0950","16","","","","","","","","true","30.3081","-97.9215","11","tx-hhsc-assisted-living","Texas HHSC Assisted Living Facilities","https://services1.arcgis.com/jI1j5lArZnrgFYSc/ArcGIS/rest/services/Assisted_Living/FeatureServer/0","Texas Health and Human Services Commission"
"tx-hhsc-assisted-living:000377","BROOKSIDE FARM","000377","assisted_living","Assisted Living","TRAVIS","2213 E HOWARD LN","MANOR","TX","78653","(512) 251-6997","(512) 251-7003","10","","","","","","","","true","30.3975","-97.634","11.1","tx-hhsc-assisted-living","Texas HHSC Assisted Living Facilities","https://services1.arcgis.com/jI1j5lArZnrgFYSc/ArcGIS/rest/services/Assisted_Living/FeatureServer/0","Texas Health and Human Services Commission"
"tx-hhsc-assisted-living:000706","MABEE VILLAGE AT MARBRIDGE","000706","assisted_living","Assisted Living","TRAVIS","2310 BLISS SPILLAR RD","MANCHACA","TX","78652","(512) 282-3163","(512) 282-5279","96","","","","","","","","true","30.1369","-97.856","11.2","tx-hhsc-assisted-living","Texas HHSC Assisted Living Facilities","https://services1.arcgis.com/jI1j5lArZnrgFYSc/ArcGIS/rest/services/Assisted_Living/FeatureServer/0","Texas Health and Human Services Commission"
"tx-hhsc-assisted-living:000520","MARBRIDGE RANCH","000520","assisted_living","Assisted Living","TRAVIS","2310 BLISS SPILLAR RD","MANCHACA","TX","78652","(512) 282-1144","(512) 282-3723","99","","","","","","","","true","30.1369","-97.856","11.2","tx-hhsc-assisted-living","Texas HHSC Assisted Living Facilities","https://services1.arcgis.com/jI1j5lArZnrgFYSc/ArcGIS/rest/services/Assisted_Living/FeatureServer/0","Texas Health and Human Services Commission"
"tx-hhsc-assisted-living:103952","LONGHORN VILLAGE","103952","assisted_living","Assisted Living","TRAVIS","12001 LONGHORN PARKWAY","AUSTIN","TX","78732","(512) 266-5600","(512) 628-6170","40","","","","","","","","true","30.3508","-97.9116","11.6","tx-hhsc-assisted-living","Texas HHSC Assisted Living Facilities","https://services1.arcgis.com/jI1j5lArZnrgFYSc/ArcGIS/rest/services/Assisted_Living/FeatureServer/0","Texas Health and Human Services Commission"
"tx-hhsc-assisted-living:104169","LONGHORN VILLAGE","104169","assisted_living","Assisted Living","TRAVIS","12001 LONGHORN PARKWAY","AUSTIN","TX","78732","(512) 266-5600","(512) 628-6170","16","","","","","","","","true","30.3508","-97.9116","11.6","tx-hhsc-assisted-living","Texas HHSC Assisted Living Facilities","https://services1.arcgis.com/jI1j5lArZnrgFYSc/ArcGIS/rest/services/Assisted_Living/FeatureServer/0","Texas Health and Human Services Commission"
"tx-hhsc-assisted-living:100262","ARDEN COURTS AUSTIN","100262","assisted_living","Assisted Living","TRAVIS","11630 FOUR IRON DR","AUSTIN","TX","78750","(512) 918-2800","(512) 918-2862","60","","","","","","","","true","30.433","-97.7795","11.7","tx-hhsc-assisted-living","Texas HHSC Assisted Living Facilities","https://services1.arcgis.com/jI1j5lArZnrgFYSc/ArcGIS/rest/services/Assisted_Living/FeatureServer/0","Texas Health and Human Services Commission"
"tx-hhsc-assisted-living:110596","LONGLEAF BEE CAVE","110596","assisted_living","Assisted Living","TRAVIS","3936 SOUTH FM 620 RD.","BEE CAVE","TX","78738","(512) 877-5323","","120","","","","","","","","true","30.3116","-97.9465","12.5","tx-hhsc-assisted-living","Texas HHSC Assisted Living Facilities","https://services1.arcgis.com/jI1j5lArZnrgFYSc/ArcGIS/rest/services/Assisted_Living/FeatureServer/0","Texas Health and Human Services Commission"
"tx-hhsc-assisted-living:106074","PECAN RIDGE MEMORY CARE","106074","assisted_living","Assisted Living","TRAVIS","10025 ANDERSON MILL RD","AUSTIN","TX","78750","(512) 487-5243","(512) 487-5972","50","","","","","","","","true","30.4465","-97.8005","12.9","tx-hhsc-assisted-living","Texas HHSC Assisted Living Facilities","https://services1.arcgis.com/jI1j5lArZnrgFYSc/ArcGIS/rest/services/Assisted_Living/FeatureServer/0","Texas Health and Human Services Commission"
"tx-hhsc-assisted-living:110681","SPRINGS OF AUSTIN MEMORY CARE","110681","assisted_living","Assisted Living","TRAVIS","1020 E. WELLS BRANCH PARKWAY, BUILDING 2","PFLUGERVILLE","TX","78660","(512) 626-1212","","16","","","","","","","","true","30.4296","-97.636","12.9","tx-hhsc-assisted-living","Texas HHSC Assisted Living Facilities","https://services1.arcgis.com/jI1j5lArZnrgFYSc/ArcGIS/rest/services/Assisted_Living/FeatureServer/0","Texas Health and Human Services Commission"
"tx-hhsc-assisted-living:110779","THE SPRINGS OF AUSTIN ASSISTED LIVING","110779","assisted_living","Assisted Living","TRAVIS","1020 E. WELLS BRANCH PARKWAY, BUILDING 1","PFLUGERVILLE","TX","78660","(512) 626-1212","","16","","","","","","","","true","30.4295","-97.6366","12.9","tx-hhsc-assisted-living","Texas HHSC Assisted Living Facilities","https://services1.arcgis.com/jI1j5lArZnrgFYSc/ArcGIS/rest/services/Assisted_Living/FeatureServer/0","Texas Health and Human Services Commission"
"tx-hhsc-assisted-living:104144","FAMILY TREE ASSISTED LIVING LLC","104144","assisted_living","Assisted Living","TRAVIS","15309 DELAHUNTY","PFLUGERVILLE","TX","78660","(512) 721-5352","(512) 251-1811","11","","","","","","","","true","30.441","-97.6503","13.2","tx-hhsc-assisted-living","Texas HHSC Assisted Living Facilities","https://services1.arcgis.com/jI1j5lArZnrgFYSc/ArcGIS/rest/services/Assisted_Living/FeatureServer/0","Texas Health and Human Services Commission"
"tx-hhsc-assisted-living:110718","MILLHOUSE ASSISTED LIVING","110718","assisted_living","Assisted Living","TRAVIS","11005 ANDERSON MILL RD","AUSTIN","TX","78750","(512) 731-3633","","8","","","","","","","","true","30.4493","-97.8161","13.3","tx-hhsc-assisted-living","Texas HHSC Assisted Living Facilities","https://services1.arcgis.com/jI1j5lArZnrgFYSc/ArcGIS/rest/services/Assisted_Living/FeatureServer/0","Texas Health and Human Services Commission"
"tx-hhsc-assisted-living:110647","NORTH AUSTIN SENIOR LIVING, LLC","110647","assisted_living","Assisted Living","TRAVIS","728 STANSTED MANOR DR","PFLUGERVILLE","TX","78660","","(512) 712-4757","10","","","","","","","","true","30.4297","-97.6162","13.5","tx-hhsc-assisted-living","Texas HHSC Assisted Living Facilities","https://services1.arcgis.com/jI1j5lArZnrgFYSc/ArcGIS/rest/services/Assisted_Living/FeatureServer/0","Texas Health and Human Services Commission"
"tx-hhsc-assisted-living:110310","BUDA OAKS ASSISTED LIVING AND MEMORY CARE","110310","assisted_living","Assisted Living","HAYS","1250 CABELAS DRIVE","BUDA","TX","78610","(512) 906-2225","","132","","","","","","","","true","30.0851","-97.8274","13.6","tx-hhsc-assisted-living","Texas HHSC Assisted Living Facilities","https://services1.arcgis.com/jI1j5lArZnrgFYSc/ArcGIS/rest/services/Assisted_Living/FeatureServer/0","Texas Health and Human Services Commission"
"tx-hhsc-assisted-living:030159","RUBY'S HOME AT ANDERSON MILL LLC","030159","assisted_living","Assisted Living","WILLIAMSON","11009 EL SALIDO PKWY","AUSTIN","TX","78750","(512) 550-1767","(512) 250-1853","10","","","","","","","","true","30.4543","-97.8125","13.6","tx-hhsc-assisted-living","Texas HHSC Assisted Living Facilities","https://services1.arcgis.com/jI1j5lArZnrgFYSc/ArcGIS/rest/services/Assisted_Living/FeatureServer/0","Texas Health and Human Services Commission"
"tx-hhsc-assisted-living:105945","THE AUBERGE AT BEE CAVE  A MEMORY CARE COMMUNITY","105945","assisted_living","Assisted Living","TRAVIS","14058 A BEE CAVE PARKWAY","BEE CAVE","TX","78738","512 2632544","512 2632944","92","","","","","","","","true","30.3124","-97.9643","13.6","tx-hhsc-assisted-living","Texas HHSC Assisted Living Facilities","https://services1.arcgis.com/jI1j5lArZnrgFYSc/ArcGIS/rest/services/Assisted_Living/FeatureServer/0","Texas Health and Human Services Commission"
"tx-hhsc-assisted-living:100306","WELLS POINT LODGE","100306","assisted_living","Assisted Living","TRAVIS","401 SOUTH HEATHERWILDE BLVD","PFLUGERVILLE","TX","78660","(512) 251-1640","(512) 251-1642","40","","","","","","","","true","30.4439","-97.6412","13.6","tx-hhsc-assisted-living","Texas HHSC Assisted Living Facilities","https://services1.arcgis.com/jI1j5lArZnrgFYSc/ArcGIS/rest/services/Assisted_Living/FeatureServer/0","Texas Health and Human Services Commission"
"tx-hhsc-assisted-living:000896","WELLS POINT LODGE","000896","assisted_living","Assisted Living","TRAVIS","401 SOUTH HEATHERWILDE BLVD","PFLUGERVILLE","TX","78660","(512) 251-1640","(512) 251-1642","20","","","","","","","","true","30.4439","-97.6412","13.6","tx-hhsc-assisted-living","Texas HHSC Assisted Living Facilities","https://services1.arcgis.com/jI1j5lArZnrgFYSc/ArcGIS/rest/services/Assisted_Living/FeatureServer/0","Texas Health and Human Services Commission"
"tx-hhsc-assisted-living:103685","PROVIDENT MEMORY CARE CENTER DBA SODALIS DRIPPING SPRINGS","103685","assisted_living","Assisted Living","TRAVIS","11013 SIGNAL HILL DR","AUSTIN","TX","78737","(512) 637-5400","(512) 637-5404","22","","","","","","","","true","30.211","-97.9663","13.9","tx-hhsc-assisted-living","Texas HHSC Assisted Living Facilities","https://services1.arcgis.com/jI1j5lArZnrgFYSc/ArcGIS/rest/services/Assisted_Living/FeatureServer/0","Texas Health and Human Services Commission"
"tx-hhsc-assisted-living:107193","SODALIS BUDA ASSISTED LIVING, LLC","107193","assisted_living","Assisted Living","HAYS","645 FM 967, STE 300","BUDA","TX","78610","(512) 637-5400","(512) 637-5404","48","","","","","","","","true","30.0887","-97.8519","13.9","tx-hhsc-assisted-living","Texas HHSC Assisted Living Facilities","https://services1.arcgis.com/jI1j5lArZnrgFYSc/ArcGIS/rest/services/Assisted_Living/FeatureServer/0","Texas Health and Human Services Commission"
"tx-hhsc-assisted-living:103686","SODALIS BUDA LLC","103686","assisted_living","Assisted Living","HAYS","645 FM 967","BUDA","TX","78610","(512) 295-5600","(512) 296-5633","22","","","","","","","","true","30.0887","-97.8519","13.9","tx-hhsc-assisted-living","Texas HHSC Assisted Living Facilities","https://services1.arcgis.com/jI1j5lArZnrgFYSc/ArcGIS/rest/services/Assisted_Living/FeatureServer/0","Texas Health and Human Services Commission"
"tx-hhsc-assisted-living:103582","RUBY'S HOME AT LAKELINE LLC","103582","assisted_living","Assisted Living","WILLIAMSON","11206 POWDER MILL TRAIL","AUSTIN","TX","78750","(512) 550-1767","(512) 465-2157","15","","","","","","","","true","30.4614","-97.8117","14","tx-hhsc-assisted-living","Texas HHSC Assisted Living Facilities","https://services1.arcgis.com/jI1j5lArZnrgFYSc/ArcGIS/rest/services/Assisted_Living/FeatureServer/0","Texas Health and Human Services Commission"
"tx-hhsc-assisted-living:110190","THE ENCLAVE AT CEDAR PARK SENIOR LIVING","110190","assisted_living","Assisted Living","WILLIAMSON","3405 EL SALIDO PARKWAY","CEDAR PARK","TX","78613","512 4025040","","65","","","","","","","","true","30.4585","-97.8257","14.1","tx-hhsc-assisted-living","Texas HHSC Assisted Living Facilities","https://services1.arcgis.com/jI1j5lArZnrgFYSc/ArcGIS/rest/services/Assisted_Living/FeatureServer/0","Texas Health and Human Services Commission"
"tx-hhsc-assisted-living:110184","THE ENCLAVE AT CEDAR PARK SENIOR LIVING","110184","assisted_living","Assisted Living","WILLIAMSON","3405 EL SALIDO PARKWAY","CEDAR PARK","TX","78613","512 4025040","","46","","","","","","","","true","30.4585","-97.8257","14.1","tx-hhsc-assisted-living","Texas HHSC Assisted Living Facilities","https://services1.arcgis.com/jI1j5lArZnrgFYSc/ArcGIS/rest/services/Assisted_Living/FeatureServer/0","Texas Health and Human Services Commission"
"tx-hhsc-assisted-living:106031","ARBOR TERRACE LAKEWAY","106031","assisted_living","Assisted Living","TRAVIS","300 MEDICAL PARKWAY","LAKEWAY","TX","78738","(512) 402-1222","(512) 263-4289","226","","","","","","","","true","30.3308","-97.9695","14.2","tx-hhsc-assisted-living","Texas HHSC Assisted Living Facilities","https://services1.arcgis.com/jI1j5lArZnrgFYSc/ArcGIS/rest/services/Assisted_Living/FeatureServer/0","Texas Health and Human Services Commission"
"tx-hhsc-assisted-living:107187","BELMONT VILLAGE LAKEWAY, LLC","107187","assisted_living","Assisted Living","TRAVIS","107 BELLA MONTAGNA CIRCLE","LAKEWAY","TX","78734","(512) 402-1800","(512) 402-1803","215","","","","","","","","true","30.3588","-97.9586","14.3","tx-hhsc-assisted-living","Texas HHSC Assisted Living Facilities","https://services1.arcgis.com/jI1j5lArZnrgFYSc/ArcGIS/rest/services/Assisted_Living/FeatureServer/0","Texas Health and Human Services Commission"
"tx-hhsc-assisted-living:105497","SERENITY SENIOR LIVING","105497","assisted_living","Assisted Living","TRAVIS","900 RAMBLE CREEK DRIVE","PFLUGERVILLE","TX","78660","(512) 989-5816","(512) 989-5816","11","","","","","","","","true","30.4568","-97.6427","14.4","tx-hhsc-assisted-living","Texas HHSC Assisted Living Facilities","https://services1.arcgis.com/jI1j5lArZnrgFYSc/ArcGIS/rest/services/Assisted_Living/FeatureServer/0","Texas Health and Human Services Commission"
"tx-hhsc-assisted-living:110553","HERITAGE LAKES ASSISTED LIVING","110553","assisted_living","Assisted Living","TRAVIS","19005 PLEASANT BAY DR.","PFLUGERVILLE","TX","78660","(737) 224-1057","","56","","","","","","","","true","30.4501","-97.6152","14.8","tx-hhsc-assisted-living","Texas HHSC Assisted Living Facilities","https://services1.arcgis.com/jI1j5lArZnrgFYSc/ArcGIS/rest/services/Assisted_Living/FeatureServer/0","Texas Health and Human Services Commission"
"tx-hhsc-assisted-living:030272","BROOKDALE LAKEWAY","030272","assisted_living","Assisted Living","TRAVIS","1915 LOHMANS CROSSING RD","LAKEWAY","TX","78734","(512) 261-7146","(512) 261-7149","132","","","","","","","","true","30.3477","-97.9765","15","tx-hhsc-assisted-living","Texas HHSC Assisted Living Facilities","https://services1.arcgis.com/jI1j5lArZnrgFYSc/ArcGIS/rest/services/Assisted_Living/FeatureServer/0","Texas Health and Human Services Commission"
"tx-hhsc-assisted-living:030273","BROOKDALE LAKEWAY ALMC","030273","assisted_living","Assisted Living","TRAVIS","1915 LOHMANS CROSSING RD","LAKEWAY","TX","78734","(512) 261-7146","(512) 261-7149","16","","","","","","","","true","30.3477","-97.9765","15","tx-hhsc-assisted-living","Texas HHSC Assisted Living Facilities","https://services1.arcgis.com/jI1j5lArZnrgFYSc/ArcGIS/rest/services/Assisted_Living/FeatureServer/0","Texas Health and Human Services Commission"
"tx-hhsc-assisted-living:106696","LEDGESTONE SENIOR LIVING","106696","assisted_living","Assisted Living","HAYS","13150 FOUR STAR BLVD","AUSTIN","TX","78737","(512) 767-1800","","92","","","","","","","","true","30.2069","-97.9851","15","tx-hhsc-assisted-living","Texas HHSC Assisted Living Facilities","https://services1.arcgis.com/jI1j5lArZnrgFYSc/ArcGIS/rest/services/Assisted_Living/FeatureServer/0","Texas Health and Human Services Commission"
"tx-hhsc-assisted-living:106829","SPANISH OAK ASSISTED LIVING LLC","106829","assisted_living","Assisted Living","TRAVIS","1417 E PFENNIG LN","PFLUGERVILLE","TX","78660","(940) 736-0532","(737) 203-5206","16","","","","","","","","true","30.453","-97.6121","15","tx-hhsc-assisted-living","Texas HHSC Assisted Living Facilities","https://services1.arcgis.com/jI1j5lArZnrgFYSc/ArcGIS/rest/services/Assisted_Living/FeatureServer/0","Texas Health and Human Services Commission"
"tx-hhsc-assisted-living:105483","GRACELAND SENIOR LIVING","105483","assisted_living","Assisted Living","TRAVIS","17228 SANDWICK DRIVE","PFLUGERVILLE","TX","78660","(512) 736-6206","(512) 857-0353","8","","","","","","","","true","30.4676","-97.642","15.1","tx-hhsc-assisted-living","Texas HHSC Assisted Living Facilities","https://services1.arcgis.com/jI1j5lArZnrgFYSc/ArcGIS/rest/services/Assisted_Living/FeatureServer/0","Texas Health and Human Services Commission"
"tx-hhsc-assisted-living:101583","SHENANDOAH VILLA","101583","assisted_living","Assisted Living","WILLIAMSON","1623 SHENANDOAH DR.","CEDAR PARK","TX","78613","(512) 257-7526","(512) 257-1673","16","","","","","","","","true","30.4746","-97.822","15.1","tx-hhsc-assisted-living","Texas HHSC Assisted Living Facilities","https://services1.arcgis.com/jI1j5lArZnrgFYSc/ArcGIS/rest/services/Assisted_Living/FeatureServer/0","Texas Health and Human Services Commission"
"tx-hhsc-assisted-living:106027","AVALON MEMORY CARE CEDAR PARK","106027","assisted_living","Assisted Living","WILLIAMSON","2215 S LAKELINE","CEDAR PARK","TX","78613","(214) 752-7050","(214) 752-7054","25","","","","","","","","true","30.4784","-97.8203","15.3","tx-hhsc-assisted-living","Texas HHSC Assisted Living Facilities","https://services1.arcgis.com/jI1j5lArZnrgFYSc/ArcGIS/rest/services/Assisted_Living/FeatureServer/0","Texas Health and Human Services Commission"
"tx-hhsc-assisted-living:030267","BROOKDALE LOHMANS CROSSING","030267","assisted_living","Assisted Living","TRAVIS","1604 LOHMANS CROSSING","AUSTIN","TX","78734","(512) 261-6653","(512) 261-2699","75","","","","","","","","true","30.3553","-97.9785","15.3","tx-hhsc-assisted-living","Texas HHSC Assisted Living Facilities","https://services1.arcgis.com/jI1j5lArZnrgFYSc/ArcGIS/rest/services/Assisted_Living/FeatureServer/0","Texas Health and Human Services Commission"
"tx-hhsc-assisted-living:104870","ISLE AT CEDAR RIDGE","104870","assisted_living","Assisted Living","WILLIAMSON","2200 S LAKELINE BLVD","CEDAR PARK","TX","78613","(512) 219-0200","(512) 219-0466","98","","","","","","","","true","30.48","-97.822","15.4","tx-hhsc-assisted-living","Texas HHSC Assisted Living Facilities","https://services1.arcgis.com/jI1j5lArZnrgFYSc/ArcGIS/rest/services/Assisted_Living/FeatureServer/0","Texas Health and Human Services Commission"
"tx-hhsc-assisted-living:030374","BROOKDALE ROUND ROCK","030374","assisted_living","Assisted Living","WILLIAMSON","8005 CORNERWOOD DR","AUSTIN","TX","78717","(512) 238-7200","(512) 238-8593","16","","","","","","","","true","30.4909","-97.7351","15.5","tx-hhsc-assisted-living","Texas HHSC Assisted Living Facilities","https://services1.arcgis.com/jI1j5lArZnrgFYSc/ArcGIS/rest/services/Assisted_Living/FeatureServer/0","Texas Health and Human Services Commission"
"tx-hhsc-assisted-living:030306","BROOKDALE ROUND ROCK","030306","assisted_living","Assisted Living","WILLIAMSON","8005 CORNERWOOD DR","AUSTIN","TX","78717","(512) 238-7200","(512) 238-8593","74","","","","","","","","true","30.4909","-97.7351","15.5","tx-hhsc-assisted-living","Texas HHSC Assisted Living Facilities","https://services1.arcgis.com/jI1j5lArZnrgFYSc/ArcGIS/rest/services/Assisted_Living/FeatureServer/0","Texas Health and Human Services Commission"
"tx-hhsc-assisted-living:110578","CNS  ROCKIES RUN","110578","assisted_living","Assisted Living","TRAVIS","16300 ROCKIES RUN SUMMIT","BEE CAVE","TX","78738","512 8873883","512 8873873","6","","","","","","","","true","30.3215","-97.9965","15.6","tx-hhsc-assisted-living","Texas HHSC Assisted Living Facilities","https://services1.arcgis.com/jI1j5lArZnrgFYSc/ArcGIS/rest/services/Assisted_Living/FeatureServer/0","Texas Health and Human Services Commission"
"tx-hhsc-assisted-living:106613","ROUND ROCK ASSISTED LIVING, LLC","106613","assisted_living","Assisted Living","WILLIAMSON","16708 MARSALA SPRINGS DRIVE","ROUND ROCK","TX","78681","(512) 218-5952","(844) 272-2643","11","","","","","","","","true","30.5022","-97.732","16.3","tx-hhsc-assisted-living","Texas HHSC Assisted Living Facilities","https://services1.arcgis.com/jI1j5lArZnrgFYSc/ArcGIS/rest/services/Assisted_Living/FeatureServer/0","Texas Health and Human Services Commission"
"tx-hhsc-assisted-living:107007","DOUBLE CREEK ASSISTED LIVING","107007","assisted_living","Assisted Living","WILLIAMSON","2300 LOUIS HENNA BLVD","ROUND ROCK","TX","78664","(512) 839-2823","","122","","","","","","","","true","30.4891","-97.6416","16.5","tx-hhsc-assisted-living","Texas HHSC Assisted Living Facilities","https://services1.arcgis.com/jI1j5lArZnrgFYSc/ArcGIS/rest/services/Assisted_Living/FeatureServer/0","Texas Health and Human Services Commission"
"tx-hhsc-assisted-living:106896","LAUREL'S HOUSE","106896","assisted_living","Assisted Living","HAYS","13701 TRAUTWEIN ROAD","AUSTIN","TX","78737","(512) 858-0211","(866) 731-7135","16","","","","","","","","true","30.2124","-98.0193","16.9","tx-hhsc-assisted-living","Texas HHSC Assisted Living Facilities","https://services1.arcgis.com/jI1j5lArZnrgFYSc/ArcGIS/rest/services/Assisted_Living/FeatureServer/0","Texas Health and Human Services Commission"
"tx-hhsc-assisted-living:105170","THE ROSE AT ROUND ROCK","105170","assisted_living","Assisted Living","WILLIAMSON","7230 WYOMING SPRINGS DRIVE","ROUND ROCK","TX","78681","(855) 840-7257","(512) 218-0073","114","","","","","","","","true","30.5144","-97.7145","17.2","tx-hhsc-assisted-living","Texas HHSC Assisted Living Facilities","https://services1.arcgis.com/jI1j5lArZnrgFYSc/ArcGIS/rest/services/Assisted_Living/FeatureServer/0","Texas Health and Human Services Commission"
"tx-hhsc-assisted-living:106346","SERENITY SENIOR LIVING","106346","assisted_living","Assisted Living","WILLIAMSON","100 SHADY TRAILS PASS","CEDAR PARK","TX","78613","(512) 250-9108","(512) 727-6038","10","","","","","","","","true","30.5045","-97.8405","17.4","tx-hhsc-assisted-living","Texas HHSC Assisted Living Facilities","https://services1.arcgis.com/jI1j5lArZnrgFYSc/ArcGIS/rest/services/Assisted_Living/FeatureServer/0","Texas Health and Human Services Commission"
"tx-hhsc-assisted-living:106075","SUNDANCE AT BRUSHY CREEK","106075","assisted_living","Assisted Living","WILLIAMSON","3000 GLACIER PASS LN.","CEDAR PARK","TX","78613","(713) 542-6700","","52","","","","","","","","true","30.5186","-97.7767","17.5","tx-hhsc-assisted-living","Texas HHSC Assisted Living Facilities","https://services1.arcgis.com/jI1j5lArZnrgFYSc/ArcGIS/rest/services/Assisted_Living/FeatureServer/0","Texas Health and Human Services Commission"
"tx-hhsc-assisted-living:110682","THE PRIMROSE","110682","assisted_living","Assisted Living","WILLIAMSON","3602 WINDING WAY","ROUND ROCK","TX","78664","(617) 688-7549","","11","","","","","","","","true","30.4933","-97.6112","17.5","tx-hhsc-assisted-living","Texas HHSC Assisted Living Facilities","https://services1.arcgis.com/jI1j5lArZnrgFYSc/ArcGIS/rest/services/Assisted_Living/FeatureServer/0","Texas Health and Human Services Commission"
"tx-hhsc-assisted-living:030013","A TOUCH OF HOME","030013","assisted_living","Assisted Living","WILLIAMSON","4301 CRESTRIDGE DR","ROUND ROCK","TX","78681","(512) 218-0042","(512) 218-0039","16","","","","","","","","true","30.5215","-97.744","17.6","tx-hhsc-assisted-living","Texas HHSC Assisted Living Facilities","https://services1.arcgis.com/jI1j5lArZnrgFYSc/ArcGIS/rest/services/Assisted_Living/FeatureServer/0","Texas Health and Human Services Commission"
"tx-hhsc-assisted-living:107093","FAMILY TREE ASSITED LIVING","107093","assisted_living","Assisted Living","WILLIAMSON","124 SILK TREE LANE","ROUND ROCK","TX","78664","(703) 283-6397","","15","","","","","","","","true","30.4947","-97.6102","17.6","tx-hhsc-assisted-living","Texas HHSC Assisted Living Facilities","https://services1.arcgis.com/jI1j5lArZnrgFYSc/ArcGIS/rest/services/Assisted_Living/FeatureServer/0","Texas Health and Human Services Commission"
"tx-hhsc-assisted-living:107060","SUNDARA OF ROUND ROCK","107060","assisted_living","Assisted Living","WILLIAMSON","1000-1 RUSK ROAD","ROUND ROCK","TX","78665","(512) 400-0488","","16","","","","","","","","true","30.5082","-97.6304","18","tx-hhsc-assisted-living","Texas HHSC Assisted Living Facilities","https://services1.arcgis.com/jI1j5lArZnrgFYSc/ArcGIS/rest/services/Assisted_Living/FeatureServer/0","Texas Health and Human Services Commission"
"tx-hhsc-assisted-living:107062","SUNDARA ROUND ROCK","107062","assisted_living","Assisted Living","WILLIAMSON","1000-2 RUSK ROAD","ROUND ROCK","TX","78665","(512) 400-0488","","16","","","","","","","","true","30.5082","-97.6304","18","tx-hhsc-assisted-living","Texas HHSC Assisted Living Facilities","https://services1.arcgis.com/jI1j5lArZnrgFYSc/ArcGIS/rest/services/Assisted_Living/FeatureServer/0","Texas Health and Human Services Commission"
"tx-hhsc-assisted-living:101068","A SERENE SETTING","101068","assisted_living","Assisted Living","WILLIAMSON","2101 CROSS CREEK TRL","ROUND ROCK","TX","78681","(512) 716-0108","(512) 716-0108","10","","","","","","","","true","30.5291","-97.7198","18.1","tx-hhsc-assisted-living","Texas HHSC Assisted Living Facilities","https://services1.arcgis.com/jI1j5lArZnrgFYSc/ArcGIS/rest/services/Assisted_Living/FeatureServer/0","Texas Health and Human Services Commission"
"tx-hhsc-assisted-living:030240","POINTE AT CEDAR PARK","030240","assisted_living","Assisted Living","WILLIAMSON","450 DISCOVERY BLVD","CEDAR PARK","TX","78613","(512) 259-6525","(512) 260-7365","60","","","","","","","","true","30.5188","-97.8248","18.1","tx-hhsc-assisted-living","Texas HHSC Assisted Living Facilities","https://services1.arcgis.com/jI1j5lArZnrgFYSc/ArcGIS/rest/services/Assisted_Living/FeatureServer/0","Texas Health and Human Services Commission"
"tx-hhsc-assisted-living:106257","THE AUBERGE AT CEDAR PARK  A MEMORY CARE COMMUNITY","106257","assisted_living","Assisted Living","WILLIAMSON","800 C-BAR RANCH TRAIL","CEDAR PARK","TX","78613","512 9867202","512 9867140","90","","","","","","","","true","30.5245","-97.8096","18.2","tx-hhsc-assisted-living","Texas HHSC Assisted Living Facilities","https://services1.arcgis.com/jI1j5lArZnrgFYSc/ArcGIS/rest/services/Assisted_Living/FeatureServer/0","Texas Health and Human Services Commission"
"tx-hhsc-assisted-living:106171","TRAN'S SENIOR OASIS LLC","106171","assisted_living","Assisted Living","WILLIAMSON","2304 LIVE OAK CIRCLE","ROUND ROCK","TX","78681","(512) 310-8727","(512) 792-9893","10","","","","","","","","true","30.5346","-97.7445","18.5","tx-hhsc-assisted-living","Texas HHSC Assisted Living Facilities","https://services1.arcgis.com/jI1j5lArZnrgFYSc/ArcGIS/rest/services/Assisted_Living/FeatureServer/0","Texas Health and Human Services Commission"
"tx-hhsc-assisted-living:106804","POET'S WALK CEDAR PARK","106804","assisted_living","Assisted Living","WILLIAMSON","1503 MEDICAL PARKWAY","CEDAR PARK","TX","78613","(512) 725-8288","(512) 738-8289","70","","","","","","","","true","30.5307","-97.8089","18.6","tx-hhsc-assisted-living","Texas HHSC Assisted Living Facilities","https://services1.arcgis.com/jI1j5lArZnrgFYSc/ArcGIS/rest/services/Assisted_Living/FeatureServer/0","Texas Health and Human Services Commission"
"tx-hhsc-assisted-living:105695","ORCHARD PARK OF KYLE","105695","assisted_living","Assisted Living","HAYS","4701 RATCLIFFE DRIVE","KYLE","TX","78640","(512) 920-6400","(512) 268-5304","141","","","","","","","","true","30.0199","-97.8733","18.8","tx-hhsc-assisted-living","Texas HHSC Assisted Living Facilities","https://services1.arcgis.com/jI1j5lArZnrgFYSc/ArcGIS/rest/services/Assisted_Living/FeatureServer/0","Texas Health and Human Services Commission"
"tx-hhsc-assisted-living:104692","THE COTTAGES AT CHANDLER CREEK III","104692","assisted_living","Assisted Living","WILLIAMSON","2351 NORTH A.W. GRIMES BLVD","ROUND ROCK","TX","78665","(512) 218-9757","(512) 218-8768","54","","","","","","","","true","30.5328","-97.6514","19.1","tx-hhsc-assisted-living","Texas HHSC Assisted Living Facilities","https://services1.arcgis.com/jI1j5lArZnrgFYSc/ArcGIS/rest/services/Assisted_Living/FeatureServer/0","Texas Health and Human Services Commission"
"tx-hhsc-assisted-living:030118","THE COTTAGES AT CHANDLER CREEK I","030118","assisted_living","Assisted Living","WILLIAMSON","2401 NORTH A W GRIMES BLVD","ROUND ROCK","TX","78665","(512) 218-9757","(512) 218-9759","16","","","","","","","","true","30.5335","-97.6515","19.2","tx-hhsc-assisted-living","Texas HHSC Assisted Living Facilities","https://services1.arcgis.com/jI1j5lArZnrgFYSc/ArcGIS/rest/services/Assisted_Living/FeatureServer/0","Texas Health and Human Services Commission"
"tx-hhsc-assisted-living:030119","THE COTTAGES AT CHANDLER CREEK II","030119","assisted_living","Assisted Living","WILLIAMSON","2401 N AW GRIMES BLVD","ROUND ROCK","TX","78665","(512) 218-9757","(512) 218-9759","16","","","","","","","","true","30.5335","-97.6515","19.2","tx-hhsc-assisted-living","Texas HHSC Assisted Living Facilities","https://services1.arcgis.com/jI1j5lArZnrgFYSc/ArcGIS/rest/services/Assisted_Living/FeatureServer/0","Texas Health and Human Services Commission"
"tx-hhsc-assisted-living:102655","CEDAR RIDGE ALZHEIMER'S SPECIAL CARE CENTER","102655","assisted_living","Assisted Living","WILLIAMSON","2100 LAKELINE BLVD","CEDAR PARK","TX","78613","(512) 258-5157","(512) 258-5157","66","","","","","","","","true","30.5294","-97.8567","19.3","tx-hhsc-assisted-living","Texas HHSC Assisted Living Facilities","https://services1.arcgis.com/jI1j5lArZnrgFYSc/ArcGIS/rest/services/Assisted_Living/FeatureServer/0","Texas Health and Human Services Commission"
"tx-hhsc-assisted-living:030121","COURT AT ROUND ROCK ASSISTED LIVING COMMUNITY","030121","assisted_living","Assisted Living","WILLIAMSON","2700 SUNRISE RD","ROUND ROCK","TX","78664","(512) 310-0002","(512) 310-0002","123","","","","","","","","true","30.5401","-97.6707","19.3","tx-hhsc-assisted-living","Texas HHSC Assisted Living Facilities","https://services1.arcgis.com/jI1j5lArZnrgFYSc/ArcGIS/rest/services/Assisted_Living/FeatureServer/0","Texas Health and Human Services Commission"
"tx-hhsc-assisted-living:110250","THE PHILOMENA ASSISTED LIVING AND MEMORY CARE","110250","assisted_living","Assisted Living","HAYS","350 PHILOMENA DRIVE","KYLE","TX","78640","(512) 382-0996","","132","","","","","","","","true","29.9948","-97.8675","20.2","tx-hhsc-assisted-living","Texas HHSC Assisted Living Facilities","https://services1.arcgis.com/jI1j5lArZnrgFYSc/ArcGIS/rest/services/Assisted_Living/FeatureServer/0","Texas Health and Human Services Commission"
"tx-hhsc-assisted-living:110368","THE ENCLAVE AT ROUND ROCK SENIOR LIVING","110368","assisted_living","Assisted Living","WILLIAMSON","2351 OAKMONT DRIVE","ROUND ROCK","TX","78665","(512) 693-2420","(512) 255-6414","116","","","","","","","","true","30.5554","-97.6793","20.3","tx-hhsc-assisted-living","Texas HHSC Assisted Living Facilities","https://services1.arcgis.com/jI1j5lArZnrgFYSc/ArcGIS/rest/services/Assisted_Living/FeatureServer/0","Texas Health and Human Services Commission"
"tx-hhsc-assisted-living:106513","POET'S WALK ROUND ROCK","106513","assisted_living","Assisted Living","WILLIAMSON","4050 SUNRISE ROAD","ROUND ROCK","TX","78665","(512) 255-6009","(512) 255-6039","70","","","","","","","","true","30.5576","-97.6796","20.4","tx-hhsc-assisted-living","Texas HHSC Assisted Living Facilities","https://services1.arcgis.com/jI1j5lArZnrgFYSc/ArcGIS/rest/services/Assisted_Living/FeatureServer/0","Texas Health and Human Services Commission"
"tx-hhsc-assisted-living:107248","PRECIOUS GROUP HOME CARE LLC","107248","assisted_living","Assisted Living","WILLIAMSON","2200 SOUTH BAGDAD ROAD","LEANDER","TX","78641","(512) 541-1606","(512) 221-2927","16","","","","","","","","true","30.5465","-97.8516","20.4","tx-hhsc-assisted-living","Texas HHSC Assisted Living Facilities","https://services1.arcgis.com/jI1j5lArZnrgFYSc/ArcGIS/rest/services/Assisted_Living/FeatureServer/0","Texas Health and Human Services Commission"
"tx-hhsc-assisted-living:106164","LEGACY AT CRYSTAL FALLS","106164","assisted_living","Assisted Living","WILLIAMSON","1841 CRYSTAL FALLS PARKWAY","LEANDER","TX","78641","(512) 487-7049","","138","","","","","","","","true","30.546","-97.866","20.6","tx-hhsc-assisted-living","Texas HHSC Assisted Living Facilities","https://services1.arcgis.com/jI1j5lArZnrgFYSc/ArcGIS/rest/services/Assisted_Living/FeatureServer/0","Texas Health and Human Services Commission"
"tx-hhsc-assisted-living:102973","FAIRWAY VISTA","102973","assisted_living","Assisted Living","WILLIAMSON","1017 HIDDEN VIEW PLACE","ROUND ROCK","TX","78665","(512) 220-7316","(512) 220-7317","8","","","","","","","","true","30.5666","-97.6754","21.1","tx-hhsc-assisted-living","Texas HHSC Assisted Living Facilities","https://services1.arcgis.com/jI1j5lArZnrgFYSc/ArcGIS/rest/services/Assisted_Living/FeatureServer/0","Texas Health and Human Services Commission"
"tx-hhsc-assisted-living:104424","FAIRWAY VISTA II","104424","assisted_living","Assisted Living","WILLIAMSON","1019 HIDDEN VIEW PL","ROUND ROCK","TX","78665","(512) 220-7316","(512) 220-7317","9","","","","","","","","true","30.5667","-97.6753","21.1","tx-hhsc-assisted-living","Texas HHSC Assisted Living Facilities","https://services1.arcgis.com/jI1j5lArZnrgFYSc/ArcGIS/rest/services/Assisted_Living/FeatureServer/0","Texas Health and Human Services Commission"
"tx-hhsc-assisted-living:106733","FRANKLIN PARK TERAVISTA ASSISTED LIVING","106733","assisted_living","Assisted Living","WILLIAMSON","4155 TERAVISTA CLUB DRIVE","ROUND ROCK","TX","78665","(512) 388-6076","(512) 388-6087","88","","","","","","","","true","30.5678","-97.6684","21.2","tx-hhsc-assisted-living","Texas HHSC Assisted Living Facilities","https://services1.arcgis.com/jI1j5lArZnrgFYSc/ArcGIS/rest/services/Assisted_Living/FeatureServer/0","Texas Health and Human Services Commission"
"tx-hhsc-assisted-living:104858","UNIVERSITY VILLAGE MEMORY CARE","104858","assisted_living","Assisted Living","WILLIAMSON","4701 CAMPUS VILLAGE DRIVE","ROUND ROCK","TX","78665","(512) 248-2222","(512) 248-2234","74","","","","","","","","true","30.5672","-97.6618","21.3","tx-hhsc-assisted-living","Texas HHSC Assisted Living Facilities","https://services1.arcgis.com/jI1j5lArZnrgFYSc/ArcGIS/rest/services/Assisted_Living/FeatureServer/0","Texas Health and Human Services Commission"
"tx-hhsc-assisted-living:105977","NEW HAVEN ASSISTED LIVING AND MEMORY CARE OF KYLE, LLC","105977","assisted_living","Assisted Living","HAYS","107 CREEKSIDE TRAIL - BUILDING B","KYLE","TX","78640","(888) 774-2836","","16","","","","","","","","true","29.9743","-97.8578","21.4","tx-hhsc-assisted-living","Texas HHSC Assisted Living Facilities","https://services1.arcgis.com/jI1j5lArZnrgFYSc/ArcGIS/rest/services/Assisted_Living/FeatureServer/0","Texas Health and Human Services Commission"
"tx-hhsc-assisted-living:105976","NEW HAVEN ASSISTED LIVING AND MEMORY CARE OF KYLE, LLC","105976","assisted_living","Assisted Living","HAYS","107 CREEKSIDE TRAIL - BUILDING A","KYLE","TX","78640","(888) 774-2836","","16","","","","","","","","true","29.9743","-97.8578","21.4","tx-hhsc-assisted-living","Texas HHSC Assisted Living Facilities","https://services1.arcgis.com/jI1j5lArZnrgFYSc/ArcGIS/rest/services/Assisted_Living/FeatureServer/0","Texas Health and Human Services Commission"
"tx-hhsc-assisted-living:110102","MENTIS NEURO AUSTIN, LLC","110102","assisted_living","Assisted Living","WILLIAMSON","5150 N. AW GRIMES BLVD","ROUND ROCK","TX","78665","(512) 982-9929","(512) 218-3984","16","","","","","","","","true","30.5744","-97.6527","21.9","tx-hhsc-assisted-living","Texas HHSC Assisted Living Facilities","https://services1.arcgis.com/jI1j5lArZnrgFYSc/ArcGIS/rest/services/Assisted_Living/FeatureServer/0","Texas Health and Human Services Commission"
"tx-hhsc-assisted-living:000575","MENTIS NEURO HEALTH","000575","assisted_living","Assisted Living","HAYS","3035 HWY 290 W","DRIPPING SPRINGS","TX","78620","(512) 894-0701","(512) 858-5104","16","","","","","","","","true","30.2038","-98.1361","23.9","tx-hhsc-assisted-living","Texas HHSC Assisted Living Facilities","https://services1.arcgis.com/jI1j5lArZnrgFYSc/ArcGIS/rest/services/Assisted_Living/FeatureServer/0","Texas Health and Human Services Commission"
"tx-hhsc-assisted-living:000573","MENTIS NEURO HEALTH","000573","assisted_living","Assisted Living","HAYS","3035 HWY 290 W","DRIPPING SPRINGS","TX","78620","(512) 923-0940","(512) 858-5104","16","","","","","","","","true","30.2038","-98.1361","23.9","tx-hhsc-assisted-living","Texas HHSC Assisted Living Facilities","https://services1.arcgis.com/jI1j5lArZnrgFYSc/ArcGIS/rest/services/Assisted_Living/FeatureServer/0","Texas Health and Human Services Commission"
"tx-hhsc-assisted-living:106837","RIVA RIDGE ASSISTED LIVING","106837","assisted_living","Assisted Living","WILLIAMSON","807 RIVA RIDGE DR","LEANDER","TX","78641","(512) 259-1330","(512) 988-5024","16","","","","","","","","true","30.6153","-97.8524","24.9","tx-hhsc-assisted-living","Texas HHSC Assisted Living Facilities","https://services1.arcgis.com/jI1j5lArZnrgFYSc/ArcGIS/rest/services/Assisted_Living/FeatureServer/0","Texas Health and Human Services Commission"
"tx-hhsc-assisted-living:103482","RIVA RIDGE MEMORY CARE CENTER","103482","assisted_living","Assisted Living","WILLIAMSON","801 RIVA RIDGE DR","LEANDER","TX","78641","(512) 259-1330","(512) 986-5024","12","","","","","","","","true","30.6161","-97.8529","25","tx-hhsc-assisted-living","Texas HHSC Assisted Living Facilities","https://services1.arcgis.com/jI1j5lArZnrgFYSc/ArcGIS/rest/services/Assisted_Living/FeatureServer/0","Texas Health and Human Services Commission"
"tx-hhsc-assisted-living:110558","GRAND LIVING AT GEORGETOWN","110558","assisted_living","Assisted Living","WILLIAMSON","1330 UNIVERSITY AVENUE","GEORGETOWN","TX","78628","","","0","","","","","","","","true","30.6336","-97.7059","25.4","tx-hhsc-assisted-living","Texas HHSC Assisted Living Facilities","https://services1.arcgis.com/jI1j5lArZnrgFYSc/ArcGIS/rest/services/Assisted_Living/FeatureServer/0","Texas Health and Human Services Commission"
"tx-hhsc-assisted-living:110557","GRAND LIVING AT GEORGETOWN","110557","assisted_living","Assisted Living","WILLIAMSON","1330 UNIVERSITY AVENUE","GEORGETOWN","TX","78628","(512) 649-1339","(512) 649-1339","184","","","","","","","","true","30.6336","-97.7059","25.4","tx-hhsc-assisted-living","Texas HHSC Assisted Living Facilities","https://services1.arcgis.com/jI1j5lArZnrgFYSc/ArcGIS/rest/services/Assisted_Living/FeatureServer/0","Texas Health and Human Services Commission"
"tx-hhsc-assisted-living:000329","BROOKDALE GEORGETOWN","000329","assisted_living","Assisted Living","WILLIAMSON","2600 E UNIVERSITY AVE","GEORGETOWN","TX","78626","(512) 863-7700","(512) 819-9498","54","","","","","","","","true","30.637","-97.6484","26.2","tx-hhsc-assisted-living","Texas HHSC Assisted Living Facilities","https://services1.arcgis.com/jI1j5lArZnrgFYSc/ArcGIS/rest/services/Assisted_Living/FeatureServer/0","Texas Health and Human Services Commission"
"tx-hhsc-assisted-living:000435","RESCARE PREMIER SIERRA VERDE","000435","assisted_living","Assisted Living","CALDWELL","2385 FM 1984 AT REEDVILLE","MAXWELL","TX","78656","(512) 357-6033","(512) 357-2902","8","","","","","","","","true","29.8923","-97.8185","26.3","tx-hhsc-assisted-living","Texas HHSC Assisted Living Facilities","https://services1.arcgis.com/jI1j5lArZnrgFYSc/ArcGIS/rest/services/Assisted_Living/FeatureServer/0","Texas Health and Human Services Commission"
"tx-hhsc-assisted-living:100336","ARGENT COURT","100336","assisted_living","Assisted Living","BASTROP","508 OLD AUSTIN HWY","BASTROP","TX","78602","(512) 321-9500","(512) 321-9508","68","","","","","","","","true","30.1104","-97.3361","26.6","tx-hhsc-assisted-living","Texas HHSC Assisted Living Facilities","https://services1.arcgis.com/jI1j5lArZnrgFYSc/ArcGIS/rest/services/Assisted_Living/FeatureServer/0","Texas Health and Human Services Commission"
"tx-hhsc-assisted-living:103391","GARDEN GATE ASSISTED LIVING OF LOCKHART, LLC","103391","assisted_living","Assisted Living","CALDWELL","1017 BOIS D'ARC ST","LOCKHART","TX","78644","(512) 620-0900","(512) 620-0904","16","","","","","","","","true","29.885","-97.686","26.6","tx-hhsc-assisted-living","Texas HHSC Assisted Living Facilities","https://services1.arcgis.com/jI1j5lArZnrgFYSc/ArcGIS/rest/services/Assisted_Living/FeatureServer/0","Texas Health and Human Services Commission"
"tx-hhsc-assisted-living:103585","SODALIS ELDER LIVING SAN MARCOS I","103585","assisted_living","Assisted Living","HAYS","1001 CREPE MYRTLE DR","SAN MARCOS","TX","78666","(830) 624-1044","(830) 629-4884","16","","","","","","","","true","29.9003","-97.9044","27.1","tx-hhsc-assisted-living","Texas HHSC Assisted Living Facilities","https://services1.arcgis.com/jI1j5lArZnrgFYSc/ArcGIS/rest/services/Assisted_Living/FeatureServer/0","Texas Health and Human Services Commission"
"tx-hhsc-assisted-living:000974","WIMBERLEY LIFE CARE","000974","assisted_living","Assisted Living","HAYS","845 E SUMMIT DR","WIMBERLEY","TX","78676","(512) 847-5676","(512) 847-6577","10","","","","","","","","true","30.0203","-98.1022","27.4","tx-hhsc-assisted-living","Texas HHSC Assisted Living Facilities","https://services1.arcgis.com/jI1j5lArZnrgFYSc/ArcGIS/rest/services/Assisted_Living/FeatureServer/0","Texas Health and Human Services Commission"
"tx-hhsc-assisted-living:000763","RESCARE PREMIER ROCA VISTA","000763","assisted_living","Assisted Living","CALDWELL","320 MILL RD","MAXWELL","TX","78656","(512) 357-6022","(512) 357-2523","8","","","","","","","","true","29.8775","-97.8478","27.6","tx-hhsc-assisted-living","Texas HHSC Assisted Living Facilities","https://services1.arcgis.com/jI1j5lArZnrgFYSc/ArcGIS/rest/services/Assisted_Living/FeatureServer/0","Texas Health and Human Services Commission"
"tx-hhsc-assisted-living:110423","SYMPHONY OF WIMBERLEY ASSISTED LIVING","110423","assisted_living","Assisted Living","HAYS","501 FM 3237","WIMBERLEY","TX","78676","(512) 243-5852","(512) 261-3893","16","","","","","","","","true","29.9988","-98.0874","27.7","tx-hhsc-assisted-living","Texas HHSC Assisted Living Facilities","https://services1.arcgis.com/jI1j5lArZnrgFYSc/ArcGIS/rest/services/Assisted_Living/FeatureServer/0","Texas Health and Human Services Commission"
"tx-hhsc-assisted-living:110460","SYMPHONY OF WIMBERLEY LLC","110460","assisted_living","Assisted Living","HAYS","501 FM3237","WIMBERLEY","TX","78676","(512) 243-5852","","16","","","","","","","","true","29.9988","-98.0874","27.7","tx-hhsc-assisted-living","Texas HHSC Assisted Living Facilities","https://services1.arcgis.com/jI1j5lArZnrgFYSc/ArcGIS/rest/services/Assisted_Living/FeatureServer/0","Texas Health and Human Services Commission"
"tx-hhsc-assisted-living:106160","BADER HOUSE OF GEORGETOWN","106160","assisted_living","Assisted Living","WILLIAMSON","3600 WILLIAMS DRIVE","GEORGETOWN","TX","78628","(512) 789-6516","(512) 688-5145","50","","","","","","","","true","30.6678","-97.6974","27.8","tx-hhsc-assisted-living","Texas HHSC Assisted Living Facilities","https://services1.arcgis.com/jI1j5lArZnrgFYSc/ArcGIS/rest/services/Assisted_Living/FeatureServer/0","Texas Health and Human Services Commission"
"tx-hhsc-assisted-living:000767","GOLDEN AGE HOME PERSONAL CARE","000767","assisted_living","Assisted Living","CALDWELL","1505 S MAIN ST","LOCKHART","TX","78644","(512) 398-2421","(512) 398-5591","44","","","","","","","","true","29.8657","-97.6705","28.1","tx-hhsc-assisted-living","Texas HHSC Assisted Living Facilities","https://services1.arcgis.com/jI1j5lArZnrgFYSc/ArcGIS/rest/services/Assisted_Living/FeatureServer/0","Texas Health and Human Services Commission"
"tx-hhsc-assisted-living:110314","ALEXIS POINTE","110314","assisted_living","Assisted Living","HAYS","14390 RANCH ROAD 12","WIMBERLEY","TX","78676","(512) 847-2250","","96","","","","","","","","true","30.0016","-98.1016","28.2","tx-hhsc-assisted-living","Texas HHSC Assisted Living Facilities","https://services1.arcgis.com/jI1j5lArZnrgFYSc/ArcGIS/rest/services/Assisted_Living/FeatureServer/0","Texas Health and Human Services Commission"
"tx-hhsc-assisted-living:104746","THE WESLEYAN AT ESTRELLA ASSISTED LIVING","104746","assisted_living","Assisted Living","WILLIAMSON","109 ESTRELLA CROSSING","GEORGETOWN","TX","78628","(512) 943-9804","(512) 943-9808","104","","","","","","","","true","30.6771","-97.7069","28.4","tx-hhsc-assisted-living","Texas HHSC Assisted Living Facilities","https://services1.arcgis.com/jI1j5lArZnrgFYSc/ArcGIS/rest/services/Assisted_Living/FeatureServer/0","Texas Health and Human Services Commission"
"tx-hhsc-assisted-living:050254","BROOKDALE SAN MARCOS NORTH","050254","assisted_living","Assisted Living","HAYS","1720 OLD RANCH RD 12","SAN MARCOS","TX","78666","(512) 392-7200","(512) 396-3652","65","","","","","","","","true","29.8975","-97.9653","28.8","tx-hhsc-assisted-living","Texas HHSC Assisted Living Facilities","https://services1.arcgis.com/jI1j5lArZnrgFYSc/ArcGIS/rest/services/Assisted_Living/FeatureServer/0","Texas Health and Human Services Commission"
"tx-hhsc-assisted-living:050255","BROOKDALE SAN MARCOS NORTH","050255","assisted_living","Assisted Living","HAYS","1720 OLD RANCH RD 12","SAN MARCOS","TX","78666","(512) 392-7200","(512) 396-3652","12","","","","","","","","true","29.8975","-97.9653","28.8","tx-hhsc-assisted-living","Texas HHSC Assisted Living Facilities","https://services1.arcgis.com/jI1j5lArZnrgFYSc/ArcGIS/rest/services/Assisted_Living/FeatureServer/0","Texas Health and Human Services Commission"
"tx-hhsc-assisted-living:107134","NEW HAVEN ASSISTED LIVING OF BASTROP","107134","assisted_living","Assisted Living","BASTROP","2604 STATE HIGHWAY 71 E. BUILDING B","BASTROP","TX","78602","(512) 428-8488","","16","","","","","","","","true","30.1054","-97.2958","29","tx-hhsc-assisted-living","Texas HHSC Assisted Living Facilities","https://services1.arcgis.com/jI1j5lArZnrgFYSc/ArcGIS/rest/services/Assisted_Living/FeatureServer/0","Texas Health and Human Services Commission"
"tx-hhsc-assisted-living:107132","NEW HAVEN ASSISTED LIVING OF BASTROP","107132","assisted_living","Assisted Living","BASTROP","2604 STATE HIGHWAY 71 E. BUILDING A","BASTROP","TX","78602","(512) 428-8488","(801) 606-2793","16","","","","","","","","true","30.1054","-97.2958","29","tx-hhsc-assisted-living","Texas HHSC Assisted Living Facilities","https://services1.arcgis.com/jI1j5lArZnrgFYSc/ArcGIS/rest/services/Assisted_Living/FeatureServer/0","Texas Health and Human Services Commission"
"tx-hhsc-assisted-living:110418","PLATINUM RESORT ASSISTED LIVING AND MEMORY CARE","110418","assisted_living","Assisted Living","WILLIAMSON","208 MESA DR","GEORGETOWN","TX","78628","(512) 580-8037","","16","","","","","","","","true","30.687","-97.6982","29.1","tx-hhsc-assisted-living","Texas HHSC Assisted Living Facilities","https://services1.arcgis.com/jI1j5lArZnrgFYSc/ArcGIS/rest/services/Assisted_Living/FeatureServer/0","Texas Health and Human Services Commission"
"tx-hhsc-assisted-living:104086","SMITHHOUSE","104086","assisted_living","Assisted Living","HAYS","119 SMITH LN","SAN MARCOS","TX","78666","(512) 878-8755","(512) 878-0391","8","","","","","","","","true","29.876","-97.9272","29.2","tx-hhsc-assisted-living","Texas HHSC Assisted Living Facilities","https://services1.arcgis.com/jI1j5lArZnrgFYSc/ArcGIS/rest/services/Assisted_Living/FeatureServer/0","Texas Health and Human Services Commission"
"tx-hhsc-assisted-living:000635","RESCARE PREMIER TOWN","000635","assisted_living","Assisted Living","HAYS","618 W HUTCHISON","SAN MARCOS","TX","78666","(512) 396-1305","(512) 396-1707","8","","","","","","","","true","29.8812","-97.9492","29.4","tx-hhsc-assisted-living","Texas HHSC Assisted Living Facilities","https://services1.arcgis.com/jI1j5lArZnrgFYSc/ArcGIS/rest/services/Assisted_Living/FeatureServer/0","Texas Health and Human Services Commission"
"tx-hhsc-assisted-living:105556","LEGACY AT GEORGETOWN","105556","assisted_living","Assisted Living","WILLIAMSON","4907 WILLIAMS DRIVE","GEORGETOWN","TX","78633","(512) 686-1694","","156","","","","","","","","true","30.6946","-97.7323","29.5","tx-hhsc-assisted-living","Texas HHSC Assisted Living Facilities","https://services1.arcgis.com/jI1j5lArZnrgFYSc/ArcGIS/rest/services/Assisted_Living/FeatureServer/0","Texas Health and Human Services Commission"
"tx-hhsc-assisted-living:105653","SEDRO TRAIL ASSISTED LIVING AND MEMORY CARE","105653","assisted_living","Assisted Living","WILLIAMSON","292 SEDRO TRL","GEORGETOWN","TX","78633","(512) 943-4837","","12","","","","","","","","true","30.6959","-97.7236","29.6","tx-hhsc-assisted-living","Texas HHSC Assisted Living Facilities","https://services1.arcgis.com/jI1j5lArZnrgFYSc/ArcGIS/rest/services/Assisted_Living/FeatureServer/0","Texas Health and Human Services Commission"
"tx-hhsc-assisted-living:101695","SPJST ASSISTED LIVING FACILITY","101695","assisted_living","Assisted Living","WILLIAMSON","505 E LAKE DR","TAYLOR","TX","76574","(512) 352-6940","(512) 352-6947","64","","","","","","","","true","30.5849","-97.4065","29.7","tx-hhsc-assisted-living","Texas HHSC Assisted Living Facilities","https://services1.arcgis.com/jI1j5lArZnrgFYSc/ArcGIS/rest/services/Assisted_Living/FeatureServer/0","Texas Health and Human Services Commission"
"tx-hhsc-assisted-living:106705","THE DELANEY AT GEORGETOWN VILLAGE","106705","assisted_living","Assisted Living","WILLIAMSON","359 VILLAGE COMMONS BOULEVARD","GEORGETOWN","TX","78633","(512) 819-9500","(844) 789-0917","97","","","","","","","","true","30.6959","-97.7111","29.7","tx-hhsc-assisted-living","Texas HHSC Assisted Living Facilities","https://services1.arcgis.com/jI1j5lArZnrgFYSc/ArcGIS/rest/services/Assisted_Living/FeatureServer/0","Texas Health and Human Services Commission"
"tx-hhsc-assisted-living:104055","TIFFIN HOUSE LLC","104055","assisted_living","Assisted Living","WILLIAMSON","84 WOODCREST RD","GEORGETOWN","TX","78633","(512) 718-4280","(512) 869-7762","16","","","","","","","","true","30.7065","-97.7754","30.4","tx-hhsc-assisted-living","Texas HHSC Assisted Living Facilities","https://services1.arcgis.com/jI1j5lArZnrgFYSc/ArcGIS/rest/services/Assisted_Living/FeatureServer/0","Texas Health and Human Services Commission"
"tx-hhsc-assisted-living:105479","TIFFIN HOUSE II","105479","assisted_living","Assisted Living","WILLIAMSON","90 WOODCREST RD","GEORGETOWN","TX","78633","(512) 818-7697","(512) 869-7762","16","","","","","","","","true","30.7071","-97.7757","30.5","tx-hhsc-assisted-living","Texas HHSC Assisted Living Facilities","https://services1.arcgis.com/jI1j5lArZnrgFYSc/ArcGIS/rest/services/Assisted_Living/FeatureServer/0","Texas Health and Human Services Commission"
"tx-hhsc-assisted-living:104046","GEORGETOWN LIVING","104046","assisted_living","Assisted Living","WILLIAMSON","2700 SHELL RD","GEORGETOWN","TX","78628","(512) 863-9888","(512) 863-8222","16","","","","","","","","true","30.7073","-97.6855","30.6","tx-hhsc-assisted-living","Texas HHSC Assisted Living Facilities","https://services1.arcgis.com/jI1j5lArZnrgFYSc/ArcGIS/rest/services/Assisted_Living/FeatureServer/0","Texas Health and Human Services Commission"
"tx-hhsc-assisted-living:104973","GEORGETOWN LIVING II","104973","assisted_living","Assisted Living","WILLIAMSON","2700 SHELL RD","GEORGETOWN","TX","78628","(512) 843-0117","(512) 863-8222","16","","","","","","","","true","30.7073","-97.6855","30.6","tx-hhsc-assisted-living","Texas HHSC Assisted Living Facilities","https://services1.arcgis.com/jI1j5lArZnrgFYSc/ArcGIS/rest/services/Assisted_Living/FeatureServer/0","Texas Health and Human Services Commission"
"tx-hhsc-assisted-living:110422","SAGE SPRING SENIOR LIVING","110422","assisted_living","Assisted Living","HAYS","802 LEAH AVENUE","SAN MARCOS","TX","78666","(512) 270-8668","","106","","","","","","","","true","29.8573","-97.9459","30.8","tx-hhsc-assisted-living","Texas HHSC Assisted Living Facilities","https://services1.arcgis.com/jI1j5lArZnrgFYSc/ArcGIS/rest/services/Assisted_Living/FeatureServer/0","Texas Health and Human Services Commission"
"tx-hhsc-assisted-living:000743","BROOKDALE SAN MARCOS SOUTH","000743","assisted_living","Assisted Living","HAYS","1401 WONDER WORLD DR","SAN MARCOS","TX","78666","(512) 396-8271","(512) 396-8273","90","","","","","","","","true","29.8504","-97.9439","31.2","tx-hhsc-assisted-living","Texas HHSC Assisted Living Facilities","https://services1.arcgis.com/jI1j5lArZnrgFYSc/ArcGIS/rest/services/Assisted_Living/FeatureServer/0","Texas Health and Human Services Commission"
"tx-hhsc-assisted-living:000924","BROOKDALE SAN MARCOS SOUTH","000924","assisted_living","Assisted Living","HAYS","1401 WONDER WORLD DR","SAN MARCOS","TX","78666","(512) 396-8271","(512) 396-8273","60","","","","","","","","true","29.8504","-97.9439","31.2","tx-hhsc-assisted-living","Texas HHSC Assisted Living Facilities","https://services1.arcgis.com/jI1j5lArZnrgFYSc/ArcGIS/rest/services/Assisted_Living/FeatureServer/0","Texas Health and Human Services Commission"
"tx-hhsc-assisted-living:101807","LIVEOAK LIVING COMMUNITY","101807","assisted_living","Assisted Living","CALDWELL","7343 FM 621","MARTINDALE","TX","78655","(512) 357-1510","(512) 357-0264","16","","","","","","","","true","29.812","-97.8566","32.2","tx-hhsc-assisted-living","Texas HHSC Assisted Living Facilities","https://services1.arcgis.com/jI1j5lArZnrgFYSc/ArcGIS/rest/services/Assisted_Living/FeatureServer/0","Texas Health and Human Services Commission"
"tx-hhsc-assisted-living:103423","ROCKY HOLLOW CABINS","103423","assisted_living","Assisted Living","WILLIAMSON","1650 CR 245","GEORGETOWN","TX","78633","(512) 868-7885","(254) 793-2554","16","","","","","","","","true","30.7454","-97.7753","33.1","tx-hhsc-assisted-living","Texas HHSC Assisted Living Facilities","https://services1.arcgis.com/jI1j5lArZnrgFYSc/ArcGIS/rest/services/Assisted_Living/FeatureServer/0","Texas Health and Human Services Commission"
"tx-hhsc-assisted-living:106641","ROCKY HOLLOW LAKE HOUSE","106641","assisted_living","Assisted Living","WILLIAMSON","1650 COUNTY ROAD 245","GEORGETOWN","TX","78633","(254) 793-2311","","16","","","","","","","","true","30.7454","-97.7753","33.1","tx-hhsc-assisted-living","Texas HHSC Assisted Living Facilities","https://services1.arcgis.com/jI1j5lArZnrgFYSc/ArcGIS/rest/services/Assisted_Living/FeatureServer/0","Texas Health and Human Services Commission"
"tx-hhsc-assisted-living:102467","ROCKY HOLLOW LODGE","102467","assisted_living","Assisted Living","WILLIAMSON","1650 CR 245","GEORGETOWN","TX","78633","(512) 868-7885","(254) 793-2554","16","","","","","","","","true","30.7454","-97.7753","33.1","tx-hhsc-assisted-living","Texas HHSC Assisted Living Facilities","https://services1.arcgis.com/jI1j5lArZnrgFYSc/ArcGIS/rest/services/Assisted_Living/FeatureServer/0","Texas Health and Human Services Commission"
"tx-hhsc-assisted-living:110298","WILLOBELL ASSISTED LIVING, LLC","110298","assisted_living","Assisted Living","WILLIAMSON","800 N. COMMERCE STREET","GRANGER","TX","76530","(254) 527-3371","(254) 527-3173","40","","","","","","","","true","30.7245","-97.4413","36.3","tx-hhsc-assisted-living","Texas HHSC Assisted Living Facilities","https://services1.arcgis.com/jI1j5lArZnrgFYSc/ArcGIS/rest/services/Assisted_Living/FeatureServer/0","Texas Health and Human Services Commission"
"tx-hhsc-assisted-living:101238","GATEWAY GARDENS","101238","assisted_living","Assisted Living","BURNET","605 GATEWAY CENTRAL","MARBLE FALLS","TX","78654","(830) 693-1903","(830) 693-1990","52","","","","","","","","true","30.5602","-98.2739","37.6","tx-hhsc-assisted-living","Texas HHSC Assisted Living Facilities","https://services1.arcgis.com/jI1j5lArZnrgFYSc/ArcGIS/rest/services/Assisted_Living/FeatureServer/0","Texas Health and Human Services Commission"
"tx-hhsc-assisted-living:000875","GATEWAY VILLA","000875","assisted_living","Assisted Living","BURNET","601 STEVE HAWKINS PKWY","MARBLE FALLS","TX","78654","(830) 693-1800","(830) 693-2564","32","","","","","","","","true","30.5607","-98.2746","37.6","tx-hhsc-assisted-living","Texas HHSC Assisted Living Facilities","https://services1.arcgis.com/jI1j5lArZnrgFYSc/ArcGIS/rest/services/Assisted_Living/FeatureServer/0","Texas Health and Human Services Commission"
"tx-hhsc-assisted-living:105513","ARBOR HOUSE OF MARBLE FALLS","105513","assisted_living","Assisted Living","BURNET","1801 KING ROAD","MARBLE FALLS","TX","78654","(830) 613-3260","","52","","","","","","","","true","30.5855","-98.2636","38","tx-hhsc-assisted-living","Texas HHSC Assisted Living Facilities","https://services1.arcgis.com/jI1j5lArZnrgFYSc/ArcGIS/rest/services/Assisted_Living/FeatureServer/0","Texas Health and Human Services Commission"
"tx-hhsc-assisted-living:100058","800 CLAREMONT","100058","assisted_living","Assisted Living","BURNET","800 CLAREMONT","MARBLE FALLS","TX","78654","(830) 693-6446","(830) 693-8249","35","","","","","","","","true","30.5842","-98.2684","38.2","tx-hhsc-assisted-living","Texas HHSC Assisted Living Facilities","https://services1.arcgis.com/jI1j5lArZnrgFYSc/ArcGIS/rest/services/Assisted_Living/FeatureServer/0","Texas Health and Human Services Commission"
"tx-hhsc-assisted-living:000738","RESCARE PREMIER TANGRAM BEHAVIORAL PROGRAM NORTH CAMPUS","000738","assisted_living","Assisted Living","GUADALUPE","500 TANGRAM RANCH RD","SEGUIN","TX","78155","(830) 372-4774","(830) 372-0638","16","","","","","","","","true","29.7089","-97.9004","39.7","tx-hhsc-assisted-living","Texas HHSC Assisted Living Facilities","https://services1.arcgis.com/jI1j5lArZnrgFYSc/ArcGIS/rest/services/Assisted_Living/FeatureServer/0","Texas Health and Human Services Commission"
"tx-hhsc-assisted-living:030104","RESCARE PREMIER LOMA LINDA","030104","assisted_living","Assisted Living","GUADALUPE","301 TANGRAM RANCH RD","SEGUIN","TX","78155","(830) 372-4380","(830) 372-1822","6","","","","","","","","true","29.7069","-97.8991","39.8","tx-hhsc-assisted-living","Texas HHSC Assisted Living Facilities","https://services1.arcgis.com/jI1j5lArZnrgFYSc/ArcGIS/rest/services/Assisted_Living/FeatureServer/0","Texas Health and Human Services Commission"
"tx-hhsc-assisted-living:000554","HACIENDA ASSISTED LIVING CYPRESS HILL","000554","assisted_living","Assisted Living","GUADALUPE","3015 OLD LEHMANN RD","SEGUIN","TX","78155","(830) 372-2701","(830) 303-3870","16","","","","","","","","true","29.7041","-97.9015","40","tx-hhsc-assisted-living","Texas HHSC Assisted Living Facilities","https://services1.arcgis.com/jI1j5lArZnrgFYSc/ArcGIS/rest/services/Assisted_Living/FeatureServer/0","Texas Health and Human Services Commission"
"tx-hhsc-assisted-living:110563","THE BLAKE AT NEW BRAUNFELS, LLC","110563","assisted_living","Assisted Living","COMAL","220 CREEKSIDE CROSSING","NEW BRAUNFELS","TX","78130","(830) 623-2105","","159","","","","","","","","true","29.7263","-98.0757","42.3","tx-hhsc-assisted-living","Texas HHSC Assisted Living Facilities","https://services1.arcgis.com/jI1j5lArZnrgFYSc/ArcGIS/rest/services/Assisted_Living/FeatureServer/0","Texas Health and Human Services Commission"
"tx-hhsc-assisted-living:103926","RIO TERRA ASSISTED LIVING","103926","assisted_living","Assisted Living","COMAL","2294 COMMON ST.","NEW BRAUNFELS","TX","78130","(830) 221-4800","(830) 221-4850","75","","","","","","","","true","29.7324","-98.0976","42.6","tx-hhsc-assisted-living","Texas HHSC Assisted Living Facilities","https://services1.arcgis.com/jI1j5lArZnrgFYSc/ArcGIS/rest/services/Assisted_Living/FeatureServer/0","Texas Health and Human Services Commission"
"tx-hhsc-assisted-living:103402","GRUENE SENIOR LIVING LP","103402","assisted_living","Assisted Living","COMAL","1820 E COMMON ST","NEW BRAUNFELS","TX","78130","(830) 626-2111","(830) 626-2115","84","","","","","","","","true","29.7289","-98.0948","42.7","tx-hhsc-assisted-living","Texas HHSC Assisted Living Facilities","https://services1.arcgis.com/jI1j5lArZnrgFYSc/ArcGIS/rest/services/Assisted_Living/FeatureServer/0","Texas Health and Human Services Commission"
"tx-hhsc-assisted-living:104874","CELESTECARE OF HORSESHOE BAY","104874","assisted_living","Assisted Living","LLANO","26409 TX HWY 71","HORSESHOE BAY","TX","78657","(830) 596-1710","(830) 596-1713","16","","","","","","","","true","30.5196","-98.4034","43","tx-hhsc-assisted-living","Texas HHSC Assisted Living Facilities","https://services1.arcgis.com/jI1j5lArZnrgFYSc/ArcGIS/rest/services/Assisted_Living/FeatureServer/0","Texas Health and Human Services Commission"
"tx-hhsc-assisted-living:106255","CELESTECARE OF HORSESHOE BAY MEMORY CARE","106255","assisted_living","Assisted Living","LLANO","26409 TX HWY 71 BLDG B","HORSESHOE BAY","TX","78657","(512) 422-8787","","16","","","","","","","","true","30.5196","-98.4034","43","tx-hhsc-assisted-living","Texas HHSC Assisted Living Facilities","https://services1.arcgis.com/jI1j5lArZnrgFYSc/ArcGIS/rest/services/Assisted_Living/FeatureServer/0","Texas Health and Human Services Commission"
"tx-hhsc-assisted-living:100800","PAFFORD PLACE","100800","assisted_living","Assisted Living","BURNET","615 CR 340 A","BURNET","TX","78611","(512) 756-7854","(512) 756-8088","16","","","","","","","","true","30.7334","-98.2278","43.2","tx-hhsc-assisted-living","Texas HHSC Assisted Living Facilities","https://services1.arcgis.com/jI1j5lArZnrgFYSc/ArcGIS/rest/services/Assisted_Living/FeatureServer/0","Texas Health and Human Services Commission"
"tx-hhsc-assisted-living:103037","MERCY HOUSE B","103037","assisted_living","Assisted Living","COMAL","550 ROCK ST","NEW BRAUNFELS","TX","78130","(830) 624-7702","(830) 629-4884","16","","","","","","","","true","29.7256","-98.1221","43.8","tx-hhsc-assisted-living","Texas HHSC Assisted Living Facilities","https://services1.arcgis.com/jI1j5lArZnrgFYSc/ArcGIS/rest/services/Assisted_Living/FeatureServer/0","Texas Health and Human Services Commission"
"tx-hhsc-assisted-living:030347","SODALIS ELDER LIVING NEW BRAUNFELS I","030347","assisted_living","Assisted Living","COMAL","550 ROCK ST BLDG B","NEW BRAUNFELS","TX","78130","(830) 624-7702","(830) 608-0309","16","","","","","","","","true","29.7256","-98.1221","43.8","tx-hhsc-assisted-living","Texas HHSC Assisted Living Facilities","https://services1.arcgis.com/jI1j5lArZnrgFYSc/ArcGIS/rest/services/Assisted_Living/FeatureServer/0","Texas Health and Human Services Commission"
"tx-hhsc-assisted-living:000529","EDEN HOME INC","000529","assisted_living","Assisted Living","COMAL","631 LAKEVIEW BLVD","NEW BRAUNFELS","TX","78130","(830) 625-6291","(830) 620-7786","64","","","","","","","","true","29.7244","-98.1279","44","tx-hhsc-assisted-living","Texas HHSC Assisted Living Facilities","https://services1.arcgis.com/jI1j5lArZnrgFYSc/ArcGIS/rest/services/Assisted_Living/FeatureServer/0","Texas Health and Human Services Commission"
"tx-hhsc-assisted-living:101942","COUNTRY OAKS AT HAMILTON CREEK","101942","assisted_living","Assisted Living","BURNET","407 W JACKSON ST","BURNET","TX","78611","(512) 756-4724","(512) 756-1387","60","","","","","","","","true","30.7553","-98.2314","44.5","tx-hhsc-assisted-living","Texas HHSC Assisted Living Facilities","https://services1.arcgis.com/jI1j5lArZnrgFYSc/ArcGIS/rest/services/Assisted_Living/FeatureServer/0","Texas Health and Human Services Commission"
"tx-hhsc-assisted-living:000380","BROOKDALE NEW BRAUNFELS","000380","assisted_living","Assisted Living","COMAL","2457 LOOP 337","NEW BRAUNFELS","TX","78130","(830) 606-5300","(830) 625-7958","60","","","","","","","","true","29.7213","-98.1472","44.8","tx-hhsc-assisted-living","Texas HHSC Assisted Living Facilities","https://services1.arcgis.com/jI1j5lArZnrgFYSc/ArcGIS/rest/services/Assisted_Living/FeatureServer/0","Texas Health and Human Services Commission"
"tx-hhsc-assisted-living:000396","OAKTREE ASSISTED LIVING","000396","assisted_living","Assisted Living","COMAL","1750 HIGHWAY 46 WEST","NEW BRAUNFELS","TX","78132","(830) 608-9222","(830) 608-0995","60","","","","","","","","true","29.7182","-98.1608","45.4","tx-hhsc-assisted-living","Texas HHSC Assisted Living Facilities","https://services1.arcgis.com/jI1j5lArZnrgFYSc/ArcGIS/rest/services/Assisted_Living/FeatureServer/0","Texas Health and Human Services Commission"
"tx-hhsc-assisted-living:106504","MEMORY CARE OF NEW BRAUNFELS","106504","assisted_living","Assisted Living","COMAL","2022 TEXAS 46","NEW BRAUNFELS","TX","78132","(830) 420-5882","(830) 629-2389","64","","","","","","","","true","29.7219","-98.1712","45.6","tx-hhsc-assisted-living","Texas HHSC Assisted Living Facilities","https://services1.arcgis.com/jI1j5lArZnrgFYSc/ArcGIS/rest/services/Assisted_Living/FeatureServer/0","Texas Health and Human Services Commission"
"tx-hhsc-assisted-living:106312","ELAN WESTPOINTE","106312","assisted_living","Assisted Living","COMAL","2140 INDEPENDENCE DRIVE","NEW BRAUNFELS","TX","78132","830 4834900","830 6288021","128","","","","","","","","true","29.7132","-98.1636","45.8","tx-hhsc-assisted-living","Texas HHSC Assisted Living Facilities","https://services1.arcgis.com/jI1j5lArZnrgFYSc/ArcGIS/rest/services/Assisted_Living/FeatureServer/0","Texas Health and Human Services Commission"
"tx-hhsc-assisted-living:110107","BECS BLESSING, LLC","110107","assisted_living","Assisted Living","LEE","325 CACTUS STREET","GIDDINGS","TX","78942","(979) 540-6894","(979) 212-0472","16","","","","","","","","true","30.1917","-96.9284","48.9","tx-hhsc-assisted-living","Texas HHSC Assisted Living Facilities","https://services1.arcgis.com/jI1j5lArZnrgFYSc/ArcGIS/rest/services/Assisted_Living/FeatureServer/0","Texas Health and Human Services Commission"
"tx-hhsc-assisted-living:000702","THE BRAIN INJURY LIFECARE CENTER","000702","assisted_living","Assisted Living","GONZALES","239 PRIVATE ROAD 5091","GONZALES","TX","78629","(830) 672-6596","(830) 672-7446","8","","","","","","","","true","29.5807","-97.4968","49.7","tx-hhsc-assisted-living","Texas HHSC Assisted Living Facilities","https://services1.arcgis.com/jI1j5lArZnrgFYSc/ArcGIS/rest/services/Assisted_Living/FeatureServer/0","Texas Health and Human Services Commission"
"tx-hhsc-assisted-living:050604","SEGUIN ASSISTED LIVING","050604","assisted_living","Assisted Living","GUADALUPE","226 PRESTON DR","SEGUIN","TX","78155","(830) 379-8882","(830) 379-8998","60","","","","","","","","true","29.5661","-97.9392","49.8","tx-hhsc-assisted-living","Texas HHSC Assisted Living Facilities","https://services1.arcgis.com/jI1j5lArZnrgFYSc/ArcGIS/rest/services/Assisted_Living/FeatureServer/0","Texas Health and Human Services Commission"
"tx-hhsc-assisted-living:000359","WINDCHIME AT THE VILLAGE","000359","assisted_living","Assisted Living","LLANO","216 COVENANT LN","KINGSLAND","TX","78639","(325) 388-3502","(325) 388-0742","60","","","","","","","","true","30.6587","-98.4471","49.9","tx-hhsc-assisted-living","Texas HHSC Assisted Living Facilities","https://services1.arcgis.com/jI1j5lArZnrgFYSc/ArcGIS/rest/services/Assisted_Living/FeatureServer/0","Texas Health and Human Services Commission"
"tx-hhsc-assisted-living:030122","ARGENT COURT","030122","assisted_living","Assisted Living","GUADALUPE","953 S HWY 123 BYPASS","SEGUIN","TX","78155","(830) 372-1177","(830) 372-4477","56","","","","","","","","true","29.5606","-97.9433","50.3","tx-hhsc-assisted-living","Texas HHSC Assisted Living Facilities","https://services1.arcgis.com/jI1j5lArZnrgFYSc/ArcGIS/rest/services/Assisted_Living/FeatureServer/0","Texas Health and Human Services Commission"
"tx-hhsc-assisted-living:106447","THE VILLAGE OF GARDEN RIDGE","106447","assisted_living","Assisted Living","COMAL","9514 FM 1863","SAN ANTONIO","TX","78266","(210) 860-8964","(210) 651-7400","16","","","","","","","","true","29.7123","-98.2986","50.7","tx-hhsc-assisted-living","Texas HHSC Assisted Living Facilities","https://services1.arcgis.com/jI1j5lArZnrgFYSc/ArcGIS/rest/services/Assisted_Living/FeatureServer/0","Texas Health and Human Services Commission"
"tx-hhsc-assisted-living:110649","BELLA GROVES  BULVERDE I","110649","assisted_living","Assisted Living","COMAL","3650 WESTWARD SPUR","BULVERDE","TX","78163","210 2016931","","16","","","","","","","","true","29.7653","-98.433","53.9","tx-hhsc-assisted-living","Texas HHSC Assisted Living Facilities","https://services1.arcgis.com/jI1j5lArZnrgFYSc/ArcGIS/rest/services/Assisted_Living/FeatureServer/0","Texas Health and Human Services Commission"
"tx-hhsc-assisted-living:030010","THE ROMBERG HOUSE","030010","assisted_living","Assisted Living","GONZALES","210 QUALLS ST","GONZALES","TX","78629","(830) 672-8249","(830) 672-2493","16","","","","","","","","true","29.5127","-97.4601","54.8","tx-hhsc-assisted-living","Texas HHSC Assisted Living Facilities","https://services1.arcgis.com/jI1j5lArZnrgFYSc/ArcGIS/rest/services/Assisted_Living/FeatureServer/0","Texas Health and Human Services Commission"
"tx-hhsc-assisted-living:106854","BULVERDE ASSISTED LIVING INC","106854","assisted_living","Assisted Living","COMAL","1396 BULVERDE ROAD","BULVERDE","TX","78163","(830) 980-2254","(210) 783-8256","40","","","","","","","","true","29.7662","-98.4594","55.1","tx-hhsc-assisted-living","Texas HHSC Assisted Living Facilities","https://services1.arcgis.com/jI1j5lArZnrgFYSc/ArcGIS/rest/services/Assisted_Living/FeatureServer/0","Texas Health and Human Services Commission"
"tx-hhsc-assisted-living:101536","GARDEN RIDGE ASSISTED LIVING","101536","assisted_living","Assisted Living","COMAL","9621 MEADOW RUE","GARDEN RIDGE","TX","78266","(210) 744-2971","(210) 651-7400","8","","","","","","","","true","29.6281","-98.2946","55.1","tx-hhsc-assisted-living","Texas HHSC Assisted Living Facilities","https://services1.arcgis.com/jI1j5lArZnrgFYSc/ArcGIS/rest/services/Assisted_Living/FeatureServer/0","Texas Health and Human Services Commission"
"tx-hhsc-assisted-living:105480","NEW HAVEN ASSISTED LIVING OF SCHERTZ LLC","105480","assisted_living","Assisted Living","GUADALUPE","2300 FM 3009","CIBOLO","TX","78108","(210) 319-4965","(210) 309-4947","16","","","","","","","","true","29.5875","-98.2323","55.4","tx-hhsc-assisted-living","Texas HHSC Assisted Living Facilities","https://services1.arcgis.com/jI1j5lArZnrgFYSc/ArcGIS/rest/services/Assisted_Living/FeatureServer/0","Texas Health and Human Services Commission"
"tx-hhsc-assisted-living:105481","NEW HAVEN ASSISTED LIVING OF SCHERTZ LLC","105481","assisted_living","Assisted Living","GUADALUPE","2332 FM 3009","CIBOLO","TX","78108","(210) 319-4965","(210) 309-4947","16","","","","","","","","true","29.5875","-98.2323","55.4","tx-hhsc-assisted-living","Texas HHSC Assisted Living Facilities","https://services1.arcgis.com/jI1j5lArZnrgFYSc/ArcGIS/rest/services/Assisted_Living/FeatureServer/0","Texas Health and Human Services Commission"
"tx-hhsc-assisted-living:030300","THE ROSEWOOD RETIREMENT COMMUNITY","030300","assisted_living","Assisted Living","BELL","5700 E CENTRAL TEXAS EXPY","KILLEEN","TX","76543","(254) 680-5020","(254) 690-3238","85","","","","","","","","true","31.0731","-97.6868","55.8","tx-hhsc-assisted-living","Texas HHSC Assisted Living Facilities","https://services1.arcgis.com/jI1j5lArZnrgFYSc/ArcGIS/rest/services/Assisted_Living/FeatureServer/0","Texas Health and Human Services Commission"
"tx-hhsc-assisted-living:101917","SODALIS ELDER LIVING GRACELAND","101917","assisted_living","Assisted Living","COMAL","19095 FM 2252","GARDEN RIDGE","TX","78266","(210) 651-2377","","50","","","","","","","","true","29.6173","-98.3117","56.3","tx-hhsc-assisted-living","Texas HHSC Assisted Living Facilities","https://services1.arcgis.com/jI1j5lArZnrgFYSc/ArcGIS/rest/services/Assisted_Living/FeatureServer/0","Texas Health and Human Services Commission"
"tx-hhsc-assisted-living:106371","LEGACY AT FOREST RIDGE","106371","assisted_living","Assisted Living","GUADALUPE","5001 SCHERTZ PARKWAY","SCHERTZ","TX","78154","(210) 305-5713","","108","","","","","","","","true","29.5883","-98.2906","57.2","tx-hhsc-assisted-living","Texas HHSC Assisted Living Facilities","https://services1.arcgis.com/jI1j5lArZnrgFYSc/ArcGIS/rest/services/Assisted_Living/FeatureServer/0","Texas Health and Human Services Commission"
"tx-hhsc-assisted-living:110495","THE BROOKS OF CIBOLO","110495","assisted_living","Assisted Living","GUADALUPE","816 EVERYDAY WAY","CIBOLO","TX","78108","210 4551200","","126","","","","","","","","true","29.5542","-98.2299","57.2","tx-hhsc-assisted-living","Texas HHSC Assisted Living Facilities","https://services1.arcgis.com/jI1j5lArZnrgFYSc/ArcGIS/rest/services/Assisted_Living/FeatureServer/0","Texas Health and Human Services Commission"
"tx-hhsc-assisted-living:030411","JEFFERSON PLACE ASSISTED LIVING","030411","assisted_living","Assisted Living","FAYETTE","911 S JEFFERSON","LA GRANGE","TX","78945","(979) 968-9161","(979) 968-6962","45","","","","","","","","true","29.8979","-96.8707","58.1","tx-hhsc-assisted-living","Texas HHSC Assisted Living Facilities","https://services1.arcgis.com/jI1j5lArZnrgFYSc/ArcGIS/rest/services/Assisted_Living/FeatureServer/0","Texas Health and Human Services Commission"
"tx-hhsc-assisted-living:106767","SODALIS AT STONE OAK","106767","assisted_living","Assisted Living","BEXAR","25690 WILDERNESS OAKS","SAN ANTONIO","TX","78261","(830) 624-1044","(830) 626-4884","66","","","","","","","","true","29.6814","-98.4386","58.1","tx-hhsc-assisted-living","Texas HHSC Assisted Living Facilities","https://services1.arcgis.com/jI1j5lArZnrgFYSc/ArcGIS/rest/services/Assisted_Living/FeatureServer/0","Texas Health and Human Services Commission"
"tx-hhsc-assisted-living:104975","FIRST STREET ASSISTED LIVING AND ADULT DAY CARE","104975","assisted_living","Assisted Living","GUADALUPE","312 1ST STREET","SCHERTZ","TX","78154","(210) 566-6303","(210) 566-4191","16","","","","","","","","true","29.5511","-98.2699","58.7","tx-hhsc-assisted-living","Texas HHSC Assisted Living Facilities","https://services1.arcgis.com/jI1j5lArZnrgFYSc/ArcGIS/rest/services/Assisted_Living/FeatureServer/0","Texas Health and Human Services Commission"
"tx-hhsc-assisted-living:103463","CANYON CREEK MEMORY CARE","103463","assisted_living","Assisted Living","BELL","4257 LOWES DRIVE","TEMPLE","TX","76502","(254) 773-3081","(254) 231-3644","52","","","","","","","","true","31.058","-97.3659","59.1","tx-hhsc-assisted-living","Texas HHSC Assisted Living Facilities","https://services1.arcgis.com/jI1j5lArZnrgFYSc/ArcGIS/rest/services/Assisted_Living/FeatureServer/0","Texas Health and Human Services Commission"
"tx-hhsc-assisted-living:104460","STONEY BROOK OF BELTON","104460","assisted_living","Assisted Living","BELL","500 RIVER FAIR BLVD","BELTON","TX","76513","(254) 933-3800","","57","","","","","","","","true","31.0889","-97.4644","59.1","tx-hhsc-assisted-living","Texas HHSC Assisted Living Facilities","https://services1.arcgis.com/jI1j5lArZnrgFYSc/ArcGIS/rest/services/Assisted_Living/FeatureServer/0","Texas Health and Human Services Commission"
"tx-hhsc-assisted-living:104420","STONEY BROOK OF BELTON","104420","assisted_living","Assisted Living","BELL","500 RIVER FAIR BLVD","BELTON","TX","76513","(254) 933-3800","","56","","","","","","","","true","31.0889","-97.4644","59.1","tx-hhsc-assisted-living","Texas HHSC Assisted Living Facilities","https://services1.arcgis.com/jI1j5lArZnrgFYSc/ArcGIS/rest/services/Assisted_Living/FeatureServer/0","Texas Health and Human Services Commission"
"tx-hhsc-assisted-living:102947","AUTISM TREATMENT CENTER INC","102947","assisted_living","Assisted Living","BEXAR","16511 HUNTING VALLEY","SAN ANTONIO","TX","78247","(210) 590-2107","(210) 590-3143","7","","","","","","","","true","29.5909","-98.3627","59.7","tx-hhsc-assisted-living","Texas HHSC Assisted Living Facilities","https://services1.arcgis.com/jI1j5lArZnrgFYSc/ArcGIS/rest/services/Assisted_Living/FeatureServer/0","Texas Health and Human Services Commission"
"tx-hhsc-assisted-living:000365","SODALIS TEMPLE","000365","assisted_living","Assisted Living","BELL","3002 JACK RABBIT ROAD","TEMPLE","TX","76502","(254) 778-2222","(254) 778-2845","74","","","","","","","","true","31.074","-97.3791","59.8","tx-hhsc-assisted-living","Texas HHSC Assisted Living Facilities","https://services1.arcgis.com/jI1j5lArZnrgFYSc/ArcGIS/rest/services/Assisted_Living/FeatureServer/0","Texas Health and Human Services Commission"
"tx-hhsc-assisted-living:103040","THE MERCY HOUSE A","103040","assisted_living","Assisted Living","BELL","2728 COTTONWOOD LANE","TEMPLE","TX","76502","254 7719911","(866) 577-7154","16","","","","","","","","true","31.0744","-97.3818","59.8","tx-hhsc-assisted-living","Texas HHSC Assisted Living Facilities","https://services1.arcgis.com/jI1j5lArZnrgFYSc/ArcGIS/rest/services/Assisted_Living/FeatureServer/0","Texas Health and Human Services Commission"
"tx-hhsc-assisted-living:103473","THE MERCY HOUSE B","103473","assisted_living","Assisted Living","BELL","2728 COTTONWOOD LN","TEMPLE","TX","76502","254 7719911","(866) 577-7154","16","","","","","","","","true","31.0744","-97.3818","59.8","tx-hhsc-assisted-living","Texas HHSC Assisted Living Facilities","https://services1.arcgis.com/jI1j5lArZnrgFYSc/ArcGIS/rest/services/Assisted_Living/FeatureServer/0","Texas Health and Human Services Commission"
"tx-hhsc-assisted-living:106309","AUTISTIC TREATMENT CENTER","106309","assisted_living","Assisted Living","BEXAR","16330 MARTINS FERRY","SAN ANTONIO","TX","78247","(210) 590-2107","(210) 590-3143","5","","","","","","","","true","29.5866","-98.363","59.9","tx-hhsc-assisted-living","Texas HHSC Assisted Living Facilities","https://services1.arcgis.com/jI1j5lArZnrgFYSc/ArcGIS/rest/services/Assisted_Living/FeatureServer/0","Texas Health and Human Services Commission"
"tx-hhsc-assisted-living:110486","LAMPASAS ASSISTED LIVING","110486","assisted_living","Assisted Living","LAMPASAS","2032 HWY 281 SOUTH","LAMPASAS","TX","76550","(866) 304-6801","(972) 300-3640","50","","","","","","","","true","31.0501","-98.1826","60.1","tx-hhsc-assisted-living","Texas HHSC Assisted Living Facilities","https://services1.arcgis.com/jI1j5lArZnrgFYSc/ArcGIS/rest/services/Assisted_Living/FeatureServer/0","Texas Health and Human Services Commission"
"tx-hhsc-assisted-living:102468","SILVER CREEK ASSISTED LIVING LAMPASAS","102468","assisted_living","Assisted Living","LAMPASAS","1802 HWY 281 S","LAMPASAS","TX","76550","(512) 556-8990","(512) 556-8994","16","","","","","","","","true","31.0522","-98.1826","60.2","tx-hhsc-assisted-living","Texas HHSC Assisted Living Facilities","https://services1.arcgis.com/jI1j5lArZnrgFYSc/ArcGIS/rest/services/Assisted_Living/FeatureServer/0","Texas Health and Human Services Commission"
"tx-hhsc-assisted-living:104834","FRANKLIN PARK TPC PARKWAY","104834","assisted_living","Assisted Living","BEXAR","21802 ENCINO COMMONS","SAN ANTONIO","TX","78258","(210) 483-9999","","125","","","","","","","","true","29.6438","-98.4494","60.4","tx-hhsc-assisted-living","Texas HHSC Assisted Living Facilities","https://services1.arcgis.com/jI1j5lArZnrgFYSc/ArcGIS/rest/services/Assisted_Living/FeatureServer/0","Texas Health and Human Services Commission"
"tx-hhsc-assisted-living:105623","SEASON'S ALZHEIMERS AND ASSISTED CARE","105623","assisted_living","Assisted Living","BEXAR","15170 NACOGDOCHES ROAD","SAN ANTONIO","TX","78247","(210) 584-4238","","16","","","","","","","","true","29.58","-98.369","60.5","tx-hhsc-assisted-living","Texas HHSC Assisted Living Facilities","https://services1.arcgis.com/jI1j5lArZnrgFYSc/ArcGIS/rest/services/Assisted_Living/FeatureServer/0","Texas Health and Human Services Commission"
"tx-hhsc-assisted-living:106894","SEASONS ALZHEIMER'S CARE & ASSISTED LIVING LLC","106894","assisted_living","Assisted Living","BEXAR","15170 NACOGDOCHES ROAD BLDG 2","SAN ANTONIO","TX","78247","(210) 584-4238","(210) 584-4238","16","","","","","","","","true","29.58","-98.369","60.5","tx-hhsc-assisted-living","Texas HHSC Assisted Living Facilities","https://services1.arcgis.com/jI1j5lArZnrgFYSc/ArcGIS/rest/services/Assisted_Living/FeatureServer/0","Texas Health and Human Services Commission"
"tx-hhsc-assisted-living:104600","STONEY BROOK OF COPPERAS COVE","104600","assisted_living","Assisted Living","CORYELL","1808 MARTIN LUTHER KING JR DRIVE","COPPERAS COVE","TX","76522","(254) 547-1700","(254) 547-1788","28","","","","","","","","true","31.1358","-97.9192","60.9","tx-hhsc-assisted-living","Texas HHSC Assisted Living Facilities","https://services1.arcgis.com/jI1j5lArZnrgFYSc/ArcGIS/rest/services/Assisted_Living/FeatureServer/0","Texas Health and Human Services Commission"
"tx-hhsc-assisted-living:104601","STONEY BROOK OF COPPERAS COVE","104601","assisted_living","Assisted Living","CORYELL","1808 MARTIN LUTHER KING JR DRIVE","COPPERAS COVE","TX","76522","(254) 547-1700","(254) 547-1788","52","","","","","","","","true","31.1358","-97.9192","60.9","tx-hhsc-assisted-living","Texas HHSC Assisted Living Facilities","https://services1.arcgis.com/jI1j5lArZnrgFYSc/ArcGIS/rest/services/Assisted_Living/FeatureServer/0","Texas Health and Human Services Commission"
"tx-hhsc-assisted-living:000313","BROOKDALE NACOGDOCHES","000313","assisted_living","Assisted Living","BEXAR","14595 NACOGDOCHES RD","SAN ANTONIO","TX","78247","(210) 653-6100","(210) 653-2082","60","","","","","","","","true","29.5737","-98.3791","61.2","tx-hhsc-assisted-living","Texas HHSC Assisted Living Facilities","https://services1.arcgis.com/jI1j5lArZnrgFYSc/ArcGIS/rest/services/Assisted_Living/FeatureServer/0","Texas Health and Human Services Commission"
"tx-hhsc-assisted-living:030364","ESPLANADE GARDENS SENIOR INC","030364","assisted_living","Assisted Living","BEXAR","10790 TOEPPERWEIN","CONVERSE","TX","78109","(210) 566-7600","(210) 566-7605","120","","","","","","","","true","29.5376","-98.3319","61.5","tx-hhsc-assisted-living","Texas HHSC Assisted Living Facilities","https://services1.arcgis.com/jI1j5lArZnrgFYSc/ArcGIS/rest/services/Assisted_Living/FeatureServer/0","Texas Health and Human Services Commission"
"tx-hhsc-assisted-living:105159","MIRAMAR HOME CARE","105159","assisted_living","Assisted Living","BEXAR","8662 GAVEL DRIVE","CONVERSE","TX","78109","(210) 957-4769","(210) 932-8250","6","","","","","","","","true","29.5154","-98.2982","61.7","tx-hhsc-assisted-living","Texas HHSC Assisted Living Facilities","https://services1.arcgis.com/jI1j5lArZnrgFYSc/ArcGIS/rest/services/Assisted_Living/FeatureServer/0","Texas Health and Human Services Commission"
"tx-hhsc-assisted-living:110651","SERENITY OAKS ASSISTED LIVING AND MEMORY CARE","110651","assisted_living","Assisted Living","BEXAR","6674 RANDOLPH BLVD","LIVE OAK","TX","78233","","","16","","","","","","","","true","29.5504","-98.3571","61.7","tx-hhsc-assisted-living","Texas HHSC Assisted Living Facilities","https://services1.arcgis.com/jI1j5lArZnrgFYSc/ArcGIS/rest/services/Assisted_Living/FeatureServer/0","Texas Health and Human Services Commission"
"tx-hhsc-assisted-living:110554","SERENITY OAKS ASSISTED LIVING AND MEMORY CARE","110554","assisted_living","Assisted Living","BEXAR","6684 RANDOLPH BLVD","LIVE OAK","TX","78233","(210) 274-3556","","16","","","","","","","","true","29.5498","-98.357","61.7","tx-hhsc-assisted-living","Texas HHSC Assisted Living Facilities","https://services1.arcgis.com/jI1j5lArZnrgFYSc/ArcGIS/rest/services/Assisted_Living/FeatureServer/0","Texas Health and Human Services Commission"
"tx-hhsc-assisted-living:100002","WOODCREST HOME FOR SENIOR CITIZENS","100002","assisted_living","Assisted Living","BEXAR","11307 FOREST SHOWER","SAN ANTONIO","TX","78233","(210) 599-3053","(210) 627-6322","10","","","","","","","","true","29.5419","-98.3507","61.9","tx-hhsc-assisted-living","Texas HHSC Assisted Living Facilities","https://services1.arcgis.com/jI1j5lArZnrgFYSc/ArcGIS/rest/services/Assisted_Living/FeatureServer/0","Texas Health and Human Services Commission"
"tx-hhsc-assisted-living:000302","BROOKDALE WESTERN HILLS","000302","assisted_living","Assisted Living","BELL","3902 W ADAMS AVE","TEMPLE","TX","76504","(254) 791-8000","(254) 791-8003","54","","","","","","","","true","31.1089","-97.3824","62","tx-hhsc-assisted-living","Texas HHSC Assisted Living Facilities","https://services1.arcgis.com/jI1j5lArZnrgFYSc/ArcGIS/rest/services/Assisted_Living/FeatureServer/0","Texas Health and Human Services Commission"
"tx-hhsc-assisted-living:030135","GARDEN ESTATES OF TEMPLE ASSISTED LIVING COMMUNITY","030135","assisted_living","Assisted Living","BELL","5320 LOOP 205","TEMPLE","TX","76502","(254) 770-1017","(254) 770-1101","156","","","","","","","","true","31.1156","-97.3975","62.1","tx-hhsc-assisted-living","Texas HHSC Assisted Living Facilities","https://services1.arcgis.com/jI1j5lArZnrgFYSc/ArcGIS/rest/services/Assisted_Living/FeatureServer/0","Texas Health and Human Services Commission"
"tx-hhsc-assisted-living:000973","WILDFLOWER PLACE","000973","assisted_living","Assisted Living","BELL","706 RED COAT DR","TEMPLE","TX","76504","(254) 742-1581","(254) 742-0425","47","","","","","","","","true","31.1123","-97.3708","62.4","tx-hhsc-assisted-living","Texas HHSC Assisted Living Facilities","https://services1.arcgis.com/jI1j5lArZnrgFYSc/ArcGIS/rest/services/Assisted_Living/FeatureServer/0","Texas Health and Human Services Commission"
"tx-hhsc-assisted-living:110289","MENTIS NEURO HEALTH","110289","assisted_living","Assisted Living","BEXAR","18931 HARDY OAK BLVD","SAN ANTONIO","TX","78258","(210) 599-4400","(210) 599-1046","24","","","","","","","","true","29.6195","-98.4771","62.7","tx-hhsc-assisted-living","Texas HHSC Assisted Living Facilities","https://services1.arcgis.com/jI1j5lArZnrgFYSc/ArcGIS/rest/services/Assisted_Living/FeatureServer/0","Texas Health and Human Services Commission"
"tx-hhsc-assisted-living:010240","A & R GOLDEN CASA ASSISTED LIVING, INC","010240","assisted_living","Assisted Living","BEXAR","7715 BARREN RIDGE","SAN ANTONIO","TX","78239","(210) 669-0967","(210) 656-8024","11","","","","","","","","true","29.5196","-98.3401","62.8","tx-hhsc-assisted-living","Texas HHSC Assisted Living Facilities","https://services1.arcgis.com/jI1j5lArZnrgFYSc/ArcGIS/rest/services/Assisted_Living/FeatureServer/0","Texas Health and Human Services Commission"
"tx-hhsc-assisted-living:102130","SUSAN HOME CARE","102130","assisted_living","Assisted Living","BEXAR","8426 CASCADE RIDGE DR","SAN ANTONIO","TX","78239","(210) 630-9982","(210) 590-0860","10","","","","","","","","true","29.5143","-98.331","62.8","tx-hhsc-assisted-living","Texas HHSC Assisted Living Facilities","https://services1.arcgis.com/jI1j5lArZnrgFYSc/ArcGIS/rest/services/Assisted_Living/FeatureServer/0","Texas Health and Human Services Commission"
"tx-hhsc-assisted-living:000523","THE ARMY RESIDENCE COMMUNITY HEALTH CARE CENTER","000523","assisted_living","Assisted Living","BEXAR","7402 CRESTWAY DRIVE","SAN ANTONIO","TX","78239","(210) 646-5200","(210) 646-5395","30","","","","","","","","true","29.5209","-98.3426","62.8","tx-hhsc-assisted-living","Texas HHSC Assisted Living Facilities","https://services1.arcgis.com/jI1j5lArZnrgFYSc/ArcGIS/rest/services/Assisted_Living/FeatureServer/0","Texas Health and Human Services Commission"
"tx-hhsc-assisted-living:100102","INDEPENDENCE HILL ASSISTED LIVING","100102","assisted_living","Assisted Living","BEXAR","20500 HUEBNER RD","SAN ANTONIO","TX","78258","(210) 482-2000","(210) 482-2006","115","","","","","","","","true","29.6251","-98.4905","63","tx-hhsc-assisted-living","Texas HHSC Assisted Living Facilities","https://services1.arcgis.com/jI1j5lArZnrgFYSc/ArcGIS/rest/services/Assisted_Living/FeatureServer/0","Texas Health and Human Services Commission"
"tx-hhsc-assisted-living:101357","THE HAVEN IN STONE OAK","101357","assisted_living","Assisted Living","BEXAR","511 KNIGHTS CROSS DRIVE","SAN ANTONIO","TX","78258","210 4042687","210 4811599","60","","","","","","","","true","29.6338","-98.5011","63","tx-hhsc-assisted-living","Texas HHSC Assisted Living Facilities","https://services1.arcgis.com/jI1j5lArZnrgFYSc/ArcGIS/rest/services/Assisted_Living/FeatureServer/0","Texas Health and Human Services Commission"
"tx-hhsc-assisted-living:101554","THE LAURELS IN STONE OAK","101554","assisted_living","Assisted Living","BEXAR","575 KNIGHTS CROSS DRIVE","SAN ANTONIO","TX","78258","210 2490991","210 4975143","62","","","","","","","","true","29.6335","-98.4999","63","tx-hhsc-assisted-living","Texas HHSC Assisted Living Facilities","https://services1.arcgis.com/jI1j5lArZnrgFYSc/ArcGIS/rest/services/Assisted_Living/FeatureServer/0","Texas Health and Human Services Commission"
"tx-hhsc-assisted-living:101354","THE LAURELS IN STONE OAK","101354","assisted_living","Assisted Living","STARR","575 KNIGHTS CROSS DRIVE","SAN ANTONIO","TX","78258","210 2490991","210 4975143","62","","","","","","","","true","29.6335","-98.4999","63","tx-hhsc-assisted-living","Texas HHSC Assisted Living Facilities","https://services1.arcgis.com/jI1j5lArZnrgFYSc/ArcGIS/rest/services/Assisted_Living/FeatureServer/0","Texas Health and Human Services Commission"
"tx-hhsc-assisted-living:030383","SODALIS SAN ANTONIO","030383","assisted_living","Assisted Living","BEXAR","6849 CRESTWAY","SAN ANTONIO","TX","78239","(210) 946-4994","(210) 946-5775","113","","","","","","","","true","29.5224","-98.3536","63.1","tx-hhsc-assisted-living","Texas HHSC Assisted Living Facilities","https://services1.arcgis.com/jI1j5lArZnrgFYSc/ArcGIS/rest/services/Assisted_Living/FeatureServer/0","Texas Health and Human Services Commission"
"tx-hhsc-assisted-living:105022","LAKESIDE VILLAS AT THE ARC","105022","assisted_living","Assisted Living","BEXAR","10000 RHINELAND","SAN ANTONIO","TX","78239","(210) 646-5200","(210) 646-5395","68","","","","","","","","true","29.5148","-98.3425","63.2","tx-hhsc-assisted-living","Texas HHSC Assisted Living Facilities","https://services1.arcgis.com/jI1j5lArZnrgFYSc/ArcGIS/rest/services/Assisted_Living/FeatureServer/0","Texas Health and Human Services Commission"
"tx-hhsc-assisted-living:000652","CAMINO REAL SENIOR LIVING","000652","assisted_living","Assisted Living","BEXAR","4415 RIO DORO","SAN ANTONIO","TX","78233","(210) 653-3132","(210) 653-9791","205","","","","","","","","true","29.5524","-98.4036","63.3","tx-hhsc-assisted-living","Texas HHSC Assisted Living Facilities","https://services1.arcgis.com/jI1j5lArZnrgFYSc/ArcGIS/rest/services/Assisted_Living/FeatureServer/0","Texas Health and Human Services Commission"
"tx-hhsc-assisted-living:103524","HEART TO HEART RESIDENTIAL CARE HOME LLC","103524","assisted_living","Assisted Living","BEXAR","12119 SAN MIGUEL","SAN ANTONIO","TX","78233","(210) 777-1039","(210) 564-9319","12","","","","","","","","true","29.5513","-98.4014","63.3","tx-hhsc-assisted-living","Texas HHSC Assisted Living Facilities","https://services1.arcgis.com/jI1j5lArZnrgFYSc/ArcGIS/rest/services/Assisted_Living/FeatureServer/0","Texas Health and Human Services Commission"
"tx-hhsc-assisted-living:050192","IHCS RESIDENTIAL","050192","assisted_living","Assisted Living","BEXAR","15218 PEBBLE FOREST DR","SAN ANTONIO","TX","78232","(210) 559-9500","866 343 7707","9","","","","","","","","true","29.5821","-98.4457","63.3","tx-hhsc-assisted-living","Texas HHSC Assisted Living Facilities","https://services1.arcgis.com/jI1j5lArZnrgFYSc/ArcGIS/rest/services/Assisted_Living/FeatureServer/0","Texas Health and Human Services Commission"
"tx-hhsc-assisted-living:106920","IJNA ASSISTED FACILITY","106920","assisted_living","Assisted Living","BEXAR","8915 NEW WORLD","SAN ANTONIO","TX","78239","(210) 314-8919","(210) 314-8135","28","","","","","","","","true","29.5209","-98.3554","63.3","tx-hhsc-assisted-living","Texas HHSC Assisted Living Facilities","https://services1.arcgis.com/jI1j5lArZnrgFYSc/ArcGIS/rest/services/Assisted_Living/FeatureServer/0","Texas Health and Human Services Commission"
"tx-hhsc-assisted-living:103570","CAROL ANN'S HOME INC","103570","assisted_living","Assisted Living","BEXAR","4215 HILTON HEAD","SAN ANTONIO","TX","78217","(210) 966-0656","(210) 642-8113","8","","","","","","","","true","29.5555","-98.4108","63.4","tx-hhsc-assisted-living","Texas HHSC Assisted Living Facilities","https://services1.arcgis.com/jI1j5lArZnrgFYSc/ArcGIS/rest/services/Assisted_Living/FeatureServer/0","Texas Health and Human Services Commission"
"tx-hhsc-assisted-living:101026","FAITH HOME","101026","assisted_living","Assisted Living","BEXAR","4218 CLEAR LAKE","SAN ANTONIO","TX","78217","(210) 637-7848","(210) 637-7848","7","","","","","","","","true","29.5542","-98.4102","63.4","tx-hhsc-assisted-living","Texas HHSC Assisted Living Facilities","https://services1.arcgis.com/jI1j5lArZnrgFYSc/ArcGIS/rest/services/Assisted_Living/FeatureServer/0","Texas Health and Human Services Commission"
"tx-hhsc-assisted-living:000923","PIPESTONE PLACE ASSISTED LIVING","000923","assisted_living","Assisted Living","BEXAR","2104 PIPESTONE DR","SAN ANTONIO","TX","78232","(210) 545-6272","(210) 579-6557","16","","","","","","","","true","29.5917","-98.4604","63.4","tx-hhsc-assisted-living","Texas HHSC Assisted Living Facilities","https://services1.arcgis.com/jI1j5lArZnrgFYSc/ArcGIS/rest/services/Assisted_Living/FeatureServer/0","Texas Health and Human Services Commission"
"tx-hhsc-assisted-living:110685","PREMIER ASSISTED LIVING","110685","assisted_living","Assisted Living","BEXAR","1802 POPPY PEAK ST","SAN ANTONIO","TX","78232","(210) 437-1544","","6","","","","","","","","true","29.5951","-98.4654","63.5","tx-hhsc-assisted-living","Texas HHSC Assisted Living Facilities","https://services1.arcgis.com/jI1j5lArZnrgFYSc/ArcGIS/rest/services/Assisted_Living/FeatureServer/0","Texas Health and Human Services Commission"
"tx-hhsc-assisted-living:030200","BROOKDALE HOLLYWOOD PARK","030200","assisted_living","Assisted Living","BEXAR","16911 SAN PEDRO","HOLLYWOOD PARK","TX","78232","(210) 495-9340","(210) 495-3570","101","","","","","","","","true","29.5956","-98.4745","63.8","tx-hhsc-assisted-living","Texas HHSC Assisted Living Facilities","https://services1.arcgis.com/jI1j5lArZnrgFYSc/ArcGIS/rest/services/Assisted_Living/FeatureServer/0","Texas Health and Human Services Commission"
"tx-hhsc-assisted-living:104458","FRANKLIN PARK SONTERRA ASSISTED LIVING","104458","assisted_living","Assisted Living","BEXAR","18323 SONTERRA PLACE","SAN ANTONIO","TX","78258","(210) 404-1444","(210) 490-2801","70","","","","","","","","true","29.6111","-98.4993","64.1","tx-hhsc-assisted-living","Texas HHSC Assisted Living Facilities","https://services1.arcgis.com/jI1j5lArZnrgFYSc/ArcGIS/rest/services/Assisted_Living/FeatureServer/0","Texas Health and Human Services Commission"
"tx-hhsc-assisted-living:105598","THE LANDING AT STONE OAK","105598","assisted_living","Assisted Living","BEXAR","19110 HUEBNER ROAD","SAN ANTONIO","TX","78258","(210) 479-0155","","67","","","","","","","","true","29.6199","-98.5144","64.3","tx-hhsc-assisted-living","Texas HHSC Assisted Living Facilities","https://services1.arcgis.com/jI1j5lArZnrgFYSc/ArcGIS/rest/services/Assisted_Living/FeatureServer/0","Texas Health and Human Services Commission"
"tx-hhsc-assisted-living:103836","COPPERAS HOLLOW NURSING & REHABILITATION CENTER","103836","assisted_living","Assisted Living","BURLESON","343 COUNTRY CLUB DR","CALDWELL","TX","77836","(979) 567-6400","(979) 567-6434","16","","","","","","","","true","30.5438","-96.7112","64.4","tx-hhsc-assisted-living","Texas HHSC Assisted Living Facilities","https://services1.arcgis.com/jI1j5lArZnrgFYSc/ArcGIS/rest/services/Assisted_Living/FeatureServer/0","Texas Health and Human Services Commission"
"tx-hhsc-assisted-living:110704","OAK MIST ASSISTED LIVING, LLC","110704","assisted_living","Assisted Living","BEXAR","2035 OAK MIST DR.","SAN ANTONIO","TX","78232","","","6","","","","","","","","true","29.571","-98.4582","64.4","tx-hhsc-assisted-living","Texas HHSC Assisted Living Facilities","https://services1.arcgis.com/jI1j5lArZnrgFYSc/ArcGIS/rest/services/Assisted_Living/FeatureServer/0","Texas Health and Human Services Commission"
"tx-hhsc-assisted-living:000944","COLLEGE PLACE INC","000944","assisted_living","Assisted Living","FAYETTE","210 COLLEGE ST","SCHULENBURG","TX","78956","(979) 743-6180","(979) 743-3161","52","","","","","","","","true","29.684","-96.9007","64.5","tx-hhsc-assisted-living","Texas HHSC Assisted Living Facilities","https://services1.arcgis.com/jI1j5lArZnrgFYSc/ArcGIS/rest/services/Assisted_Living/FeatureServer/0","Texas Health and Human Services Commission"
"tx-hhsc-assisted-living:103674","CELESTECARE OF LLANO","103674","assisted_living","Assisted Living","LLANO","701 E YOUNG","LLANO","TX","78643","(512) 422-8787","(325) 247-5470","36","","","","","","","","true","30.7604","-98.6656","64.6","tx-hhsc-assisted-living","Texas HHSC Assisted Living Facilities","https://services1.arcgis.com/jI1j5lArZnrgFYSc/ArcGIS/rest/services/Assisted_Living/FeatureServer/0","Texas Health and Human Services Commission"
"tx-hhsc-assisted-living:000350","BROOKDALE MALTSBERGER","000350","assisted_living","Assisted Living","BEXAR","13303 JONES MALTSBERGER RD","SAN ANTONIO","TX","78247","(210) 402-3800","(210) 402-4047","60","","","","","","","","true","29.5629","-98.4583","64.8","tx-hhsc-assisted-living","Texas HHSC Assisted Living Facilities","https://services1.arcgis.com/jI1j5lArZnrgFYSc/ArcGIS/rest/services/Assisted_Living/FeatureServer/0","Texas Health and Human Services Commission"
"tx-hhsc-assisted-living:106553","CORNERSTONE ASSISTED LIVING","106553","assisted_living","Assisted Living","BEXAR","103 FAIRWAY CIRCLE","SAN ANTONIO","TX","78232","(206) 349-1816","(210) 908-9424","6","","","","","","","","true","29.6026","-98.5057","64.8","tx-hhsc-assisted-living","Texas HHSC Assisted Living Facilities","https://services1.arcgis.com/jI1j5lArZnrgFYSc/ArcGIS/rest/services/Assisted_Living/FeatureServer/0","Texas Health and Human Services Commission"
"tx-hhsc-assisted-living:107285","ASSISTED LIVING AT SWANS LANDING","107285","assisted_living","Assisted Living","BEXAR","4154 SWANS LANDING","SAN ANTONIO","TX","78217","(210) 379-7340","","16","","","","","","","","true","29.5241","-98.4118","65.1","tx-hhsc-assisted-living","Texas HHSC Assisted Living Facilities","https://services1.arcgis.com/jI1j5lArZnrgFYSc/ArcGIS/rest/services/Assisted_Living/FeatureServer/0","Texas Health and Human Services Commission"
"tx-hhsc-assisted-living:106890","CAROL ANN'S HOME","106890","assisted_living","Assisted Living","BEXAR","10506 WAYWARD","SAN ANTONIO","TX","78217","(210) 621-3685","(210) 354-7590","16","","","","","","","","true","29.5366","-98.4308","65.2","tx-hhsc-assisted-living","Texas HHSC Assisted Living Facilities","https://services1.arcgis.com/jI1j5lArZnrgFYSc/ArcGIS/rest/services/Assisted_Living/FeatureServer/0","Texas Health and Human Services Commission"
"tx-hhsc-assisted-living:101528","HOPES RESIDENCE","101528","assisted_living","Assisted Living","BEXAR","5102 GAWAIN DR","SAN ANTONIO","TX","78218","(210) 559-2551","(210) 559-1316","12","","","","","","","","true","29.5057","-98.3909","65.4","tx-hhsc-assisted-living","Texas HHSC Assisted Living Facilities","https://services1.arcgis.com/jI1j5lArZnrgFYSc/ArcGIS/rest/services/Assisted_Living/FeatureServer/0","Texas Health and Human Services Commission"
"tx-hhsc-assisted-living:110690","RED OAK MEMORY CARE","110690","assisted_living","Assisted Living","BEXAR","13311 CASSIA WAY","SAN ANTONIO","TX","78232","(210) 495-0397","(210) 495-0397","10","","","","","","","","true","29.5628","-98.4731","65.4","tx-hhsc-assisted-living","Texas HHSC Assisted Living Facilities","https://services1.arcgis.com/jI1j5lArZnrgFYSc/ArcGIS/rest/services/Assisted_Living/FeatureServer/0","Texas Health and Human Services Commission"
"tx-hhsc-assisted-living:106845","CELESTECARE OF FREDERICKSBURG","106845","assisted_living","Assisted Living","GILLESPIE","2230 N LLANO","FREDERICKSBURG","TX","78624","(830) 997-4613","(830) 997-3592","16","","","","","","","","true","30.2908","-98.8421","65.6","tx-hhsc-assisted-living","Texas HHSC Assisted Living Facilities","https://services1.arcgis.com/jI1j5lArZnrgFYSc/ArcGIS/rest/services/Assisted_Living/FeatureServer/0","Texas Health and Human Services Commission"
"tx-hhsc-assisted-living:106964","CELESTECARE OF FREDERICKSBURG MEMORY CARE","106964","assisted_living","Assisted Living","GILLESPIE","2230 N LLANO","FREDERICKSBURG","TX","78624","(830) 997-4613","(830) 997-3592","16","","","","","","","","true","30.2908","-98.8421","65.6","tx-hhsc-assisted-living","Texas HHSC Assisted Living Facilities","https://services1.arcgis.com/jI1j5lArZnrgFYSc/ArcGIS/rest/services/Assisted_Living/FeatureServer/0","Texas Health and Human Services Commission"
"tx-hhsc-assisted-living:030354","HOPES RESIDENCE","030354","assisted_living","Assisted Living","BEXAR","5046 GALAHAD DR","SAN ANTONIO","TX","78218","(210) 564-0870","(210) 251-4279","11","","","","","","","","true","29.5032","-98.3921","65.6","tx-hhsc-assisted-living","Texas HHSC Assisted Living Facilities","https://services1.arcgis.com/jI1j5lArZnrgFYSc/ArcGIS/rest/services/Assisted_Living/FeatureServer/0","Texas Health and Human Services Commission"
"tx-hhsc-assisted-living:110323","CHANGING SEASONS ON BLANCO","110323","assisted_living","Assisted Living","BEXAR","16400 BLANCO RD","SAN ANTONIO","TX","78232","(210) 540-8288","","119","","","","","","","","true","29.5896","-98.5123","65.7","tx-hhsc-assisted-living","Texas HHSC Assisted Living Facilities","https://services1.arcgis.com/jI1j5lArZnrgFYSc/ArcGIS/rest/services/Assisted_Living/FeatureServer/0","Texas Health and Human Services Commission"
"tx-hhsc-assisted-living:110359","LIVING WITH CHOICES","110359","assisted_living","Assisted Living","BEXAR","10327 LUZON DR.","SAN ANTONIO","TX","78217","(210) 748-2959","","6","","","","","","","","true","29.534","-98.4429","65.8","tx-hhsc-assisted-living","Texas HHSC Assisted Living Facilities","https://services1.arcgis.com/jI1j5lArZnrgFYSc/ArcGIS/rest/services/Assisted_Living/FeatureServer/0","Texas Health and Human Services Commission"
"tx-hhsc-assisted-living:104847","MORNING STAR MEMORY CARE OF FREDERICKSBURG TEXAS LLC","104847","assisted_living","Assisted Living","GILLESPIE","106 HERITAGE HILLS DR","FREDERICKSBURG","TX","78624","(830) 990-9007","(830) 990-8000","16","","","","","","","","true","30.248","-98.8477","65.9","tx-hhsc-assisted-living","Texas HHSC Assisted Living Facilities","https://services1.arcgis.com/jI1j5lArZnrgFYSc/ArcGIS/rest/services/Assisted_Living/FeatureServer/0","Texas Health and Human Services Commission"
"tx-hhsc-assisted-living:030089","HERITAGE PLACE","030089","assisted_living","Assisted Living","GILLESPIE","96 EAST FREDERICK ROAD","FREDERICKSBURG","TX","78624","830 9979406","830 9974374","70","","","","","","","","true","30.2879","-98.8498","66.1","tx-hhsc-assisted-living","Texas HHSC Assisted Living Facilities","https://services1.arcgis.com/jI1j5lArZnrgFYSc/ArcGIS/rest/services/Assisted_Living/FeatureServer/0","Texas Health and Human Services Commission"
"tx-hhsc-assisted-living:000793","THE INN AT LOS PATIOS","000793","assisted_living","Assisted Living","BEXAR","8700 POST OAK LN","SAN ANTONIO","TX","78217","(210) 829-7357","(210) 829-8238","30","","","","","","","","true","29.519","-98.434","66.2","tx-hhsc-assisted-living","Texas HHSC Assisted Living Facilities","https://services1.arcgis.com/jI1j5lArZnrgFYSc/ArcGIS/rest/services/Assisted_Living/FeatureServer/0","Texas Health and Human Services Commission"
"tx-hhsc-assisted-living:106436","SHAVANO PARK SENIOR LIVING","106436","assisted_living","Assisted Living","BEXAR","3220 N. LOOP 1604 W","SHAVANO PARK","TX","78231","(210) 492-4040","(210) 493-2559","90","","","","","","","","true","29.6007","-98.5446","66.5","tx-hhsc-assisted-living","Texas HHSC Assisted Living Facilities","https://services1.arcgis.com/jI1j5lArZnrgFYSc/ArcGIS/rest/services/Assisted_Living/FeatureServer/0","Texas Health and Human Services Commission"
"tx-hhsc-assisted-living:106230","BADER HOUSE OF SHAVANO PARK 1 LTD DBA SODALIS SHAVANO PARK","106230","assisted_living","Assisted Living","BEXAR","3411 PAESANO'S PARKWAY","SAN ANTONIO","TX","78231","(210) 408-1002","(210) 408-1004","24","","","","","","","","true","29.6","-98.5457","66.6","tx-hhsc-assisted-living","Texas HHSC Assisted Living Facilities","https://services1.arcgis.com/jI1j5lArZnrgFYSc/ArcGIS/rest/services/Assisted_Living/FeatureServer/0","Texas Health and Human Services Commission"
"tx-hhsc-assisted-living:030087","BROOKDALE OAKWELL","030087","assisted_living","Assisted Living","BEXAR","3360 OAKWELL COURT","SAN ANTONIO","TX","78218","(210) 820-8744","(210) 820-8233","136","","","","","","","","true","29.5082","-98.4306","66.7","tx-hhsc-assisted-living","Texas HHSC Assisted Living Facilities","https://services1.arcgis.com/jI1j5lArZnrgFYSc/ArcGIS/rest/services/Assisted_Living/FeatureServer/0","Texas Health and Human Services Commission"
"tx-hhsc-assisted-living:000552","KNOPP RETIREMENT CENTER, INC","000552","assisted_living","Assisted Living","GILLESPIE","103 E TRAILMOOR DR","FREDERICKSBURG","TX","78624","(830) 997-4426","(830) 997-5245","60","","","","","","","","true","30.2854","-98.8607","66.7","tx-hhsc-assisted-living","Texas HHSC Assisted Living Facilities","https://services1.arcgis.com/jI1j5lArZnrgFYSc/ArcGIS/rest/services/Assisted_Living/FeatureServer/0","Texas Health and Human Services Commission"
"tx-hhsc-assisted-living:030045","COLONIAL GARDENS OF SAN ANTONIO SA1","030045","assisted_living","Assisted Living","BEXAR","20 LYNN BATTS LANE","SAN ANTONIO","TX","78218","(210) 826-6594","(210) 826-0063","16","","","","","","","","true","29.5072","-98.433","66.8","tx-hhsc-assisted-living","Texas HHSC Assisted Living Facilities","https://services1.arcgis.com/jI1j5lArZnrgFYSc/ArcGIS/rest/services/Assisted_Living/FeatureServer/0","Texas Health and Human Services Commission"
"tx-hhsc-assisted-living:030288","COLONIAL GARDENS OF SAN ANTONIO SA2","030288","assisted_living","Assisted Living","BEXAR","10 LYNN BATTS LANE","SAN ANTONIO","TX","78218","(210) 826-6594","(210) 826-0063","20","","","","","","","","true","29.5066","-98.4328","66.8","tx-hhsc-assisted-living","Texas HHSC Assisted Living Facilities","https://services1.arcgis.com/jI1j5lArZnrgFYSc/ArcGIS/rest/services/Assisted_Living/FeatureServer/0","Texas Health and Human Services Commission"
"tx-hhsc-assisted-living:110535","ANTON ASSISTED LIVING HOME LLC","110535","assisted_living","Assisted Living","KENDALL","1033 E BLANCO RD","BOERNE","TX","78006","(210) 778-6078","","10","","","","","","","","true","29.7972","-98.7216","66.9","tx-hhsc-assisted-living","Texas HHSC Assisted Living Facilities","https://services1.arcgis.com/jI1j5lArZnrgFYSc/ArcGIS/rest/services/Assisted_Living/FeatureServer/0","Texas Health and Human Services Commission"
"tx-hhsc-assisted-living:106612","HEARTIS SAN ANTONIO","106612","assisted_living","Assisted Living","BEXAR","15430 HUEBNER ROAD","SAN ANTONIO","TX","78248","(210) 492-1928","","186","","","","","","","","true","29.5838","-98.5348","66.9","tx-hhsc-assisted-living","Texas HHSC Assisted Living Facilities","https://services1.arcgis.com/jI1j5lArZnrgFYSc/ArcGIS/rest/services/Assisted_Living/FeatureServer/0","Texas Health and Human Services Commission"
"tx-hhsc-assisted-living:106652","NEURORESTORATIVE SAN ANTONIO  FIVE OAKS","106652","assisted_living","Assisted Living","BEXAR","239 FIVE OAKS DR","SAN ANTONIO","TX","78209","(210) 832-0007","(210) 832-0012","5","","","","","","","","true","29.5081","-98.436","66.9","tx-hhsc-assisted-living","Texas HHSC Assisted Living Facilities","https://services1.arcgis.com/jI1j5lArZnrgFYSc/ArcGIS/rest/services/Assisted_Living/FeatureServer/0","Texas Health and Human Services Commission"
"tx-hhsc-assisted-living:103401","NEW HOPE ASSISTED LIVING INC","103401","assisted_living","Assisted Living","KENDALL","112 BUCKSKIN DR","BOERNE","TX","78006-8324","830 7554673","830 7558069","15","","","","","","","","true","29.7593","-98.6988","67.1","tx-hhsc-assisted-living","Texas HHSC Assisted Living Facilities","https://services1.arcgis.com/jI1j5lArZnrgFYSc/ArcGIS/rest/services/Assisted_Living/FeatureServer/0","Texas Health and Human Services Commission"
"tx-hhsc-assisted-living:106533","HAPPY LIVING CARE HOME","106533","assisted_living","Assisted Living","BEXAR","9143 AQUA DRIVE","BOERNE","TX","78006","(830) 755-4372","(830) 755-4372","11","","","","","","","","true","29.7145","-98.6667","67.2","tx-hhsc-assisted-living","Texas HHSC Assisted Living Facilities","https://services1.arcgis.com/jI1j5lArZnrgFYSc/ArcGIS/rest/services/Assisted_Living/FeatureServer/0","Texas Health and Human Services Commission"
"tx-hhsc-assisted-living:100213","ARDEN COURTS OF SAN ANTONIO","100213","assisted_living","Assisted Living","BEXAR","15290 HUEBNER RD","SAN ANTONIO","TX","78231","(210) 408-9100","(210) 408-9101","64","","","","","","","","true","29.5802","-98.5387","67.3","tx-hhsc-assisted-living","Texas HHSC Assisted Living Facilities","https://services1.arcgis.com/jI1j5lArZnrgFYSc/ArcGIS/rest/services/Assisted_Living/FeatureServer/0","Texas Health and Human Services Commission"
"tx-hhsc-assisted-living:106798","FRANKLIN PARK BOERNE ASSISTED LIVING","106798","assisted_living","Assisted Living","KENDALL","18 OLD SAN ANTONIO ROAD","BOERNE","TX","78006","(830) 816-5150","","88","","","","","","","","true","29.7789","-98.7195","67.5","tx-hhsc-assisted-living","Texas HHSC Assisted Living Facilities","https://services1.arcgis.com/jI1j5lArZnrgFYSc/ArcGIS/rest/services/Assisted_Living/FeatureServer/0","Texas Health and Human Services Commission"
"tx-hhsc-assisted-living:030325","PERSONALIZED CARE INC","030325","assisted_living","Assisted Living","LAVACA","122 AVENUE E","SHINER","TX","77984","(361) 594-2728","(361) 594-2273","10","","","","","","","","true","29.4265","-97.1684","67.5","tx-hhsc-assisted-living","Texas HHSC Assisted Living Facilities","https://services1.arcgis.com/jI1j5lArZnrgFYSc/ArcGIS/rest/services/Assisted_Living/FeatureServer/0","Texas Health and Human Services Commission"
"tx-hhsc-assisted-living:105889","ALPHA SENIOR CARE HOME","105889","assisted_living","Assisted Living","BEXAR","96 WINDMILL ROAD","SHAVANO PARK","TX","78231","(210) 290-9131","(210) 290-9131","6","","","","","","","","true","29.5833","-98.5514","67.6","tx-hhsc-assisted-living","Texas HHSC Assisted Living Facilities","https://services1.arcgis.com/jI1j5lArZnrgFYSc/ArcGIS/rest/services/Assisted_Living/FeatureServer/0","Texas Health and Human Services Commission"
"tx-hhsc-assisted-living:000432","KINCARE","000432","assisted_living","Assisted Living","BEXAR","107 BARBARA DR, SAN ANTONIO","SAN ANTONIO","TX","78216","(210) 551-9998","(210) 822-2494","14","","","","","","","","true","29.5356","-98.4927","67.6","tx-hhsc-assisted-living","Texas HHSC Assisted Living Facilities","https://services1.arcgis.com/jI1j5lArZnrgFYSc/ArcGIS/rest/services/Assisted_Living/FeatureServer/0","Texas Health and Human Services Commission"
"tx-hhsc-assisted-living:000740","DESERT SANDS ASSISTED LIVING LLC","000740","assisted_living","Assisted Living","BEXAR","10218 DESERT SANDS","SAN ANTONIO","TX","78216","(210) 341-1012","(210) 349-7876","42","","","","","","","","true","29.5333","-98.4926","67.7","tx-hhsc-assisted-living","Texas HHSC Assisted Living Facilities","https://services1.arcgis.com/jI1j5lArZnrgFYSc/ArcGIS/rest/services/Assisted_Living/FeatureServer/0","Texas Health and Human Services Commission"
"tx-hhsc-assisted-living:010340","HERITAGE PLACE","010340","assisted_living","Assisted Living","KENDALL","120 CROSSPOINT DRIVE","BOERNE","TX","78006","830 2499817","830 2490576","56","","","","","","","","true","29.7729","-98.7225","67.8","tx-hhsc-assisted-living","Texas HHSC Assisted Living Facilities","https://services1.arcgis.com/jI1j5lArZnrgFYSc/ArcGIS/rest/services/Assisted_Living/FeatureServer/0","Texas Health and Human Services Commission"
"tx-hhsc-assisted-living:103438","LEON SPRINGS LODGE LLC","103438","assisted_living","Assisted Living","BEXAR","24137 BOERNE STAGE RD","SAN ANTONIO","TX","78255","(210) 698-9365","(210) 698-7322","12","","","","","","","","true","29.6631","-98.6366","67.8","tx-hhsc-assisted-living","Texas HHSC Assisted Living Facilities","https://services1.arcgis.com/jI1j5lArZnrgFYSc/ArcGIS/rest/services/Assisted_Living/FeatureServer/0","Texas Health and Human Services Commission"
"tx-hhsc-assisted-living:030092","THE LODGE AT LEON SPRINGS","030092","assisted_living","Assisted Living","BEXAR","24137 BOERNE STAGE RD","SAN ANTONIO","TX","78255","(210) 698-9365","(210) 698-7322","14","","","","","","","","true","29.6631","-98.6366","67.8","tx-hhsc-assisted-living","Texas HHSC Assisted Living Facilities","https://services1.arcgis.com/jI1j5lArZnrgFYSc/ArcGIS/rest/services/Assisted_Living/FeatureServer/0","Texas Health and Human Services Commission"
"tx-hhsc-assisted-living:000530","KNOPP ASSISTED LIVING CENTER INC","000530","assisted_living","Assisted Living","GILLESPIE","202 BILLIE DR","FREDERICKSBURG","TX","78624","(830) 997-7924","(830) 990-4731","53","","","","","","","","true","30.257","-98.8843","68.1","tx-hhsc-assisted-living","Texas HHSC Assisted Living Facilities","https://services1.arcgis.com/jI1j5lArZnrgFYSc/ArcGIS/rest/services/Assisted_Living/FeatureServer/0","Texas Health and Human Services Commission"
"tx-hhsc-assisted-living:106675","DISCOVERY VILLAGE AT DOMINION","106675","assisted_living","Assisted Living","BEXAR","6906 HEUERMAN ROAD","SAN ANTONIO","TX","78257","(210) 947-7000","","148","","","","","","","","true","29.6359","-98.6182","68.2","tx-hhsc-assisted-living","Texas HHSC Assisted Living Facilities","https://services1.arcgis.com/jI1j5lArZnrgFYSc/ArcGIS/rest/services/Assisted_Living/FeatureServer/0","Texas Health and Human Services Commission"
"tx-hhsc-assisted-living:106581","FRANKLIN PARK ALAMO HEIGHTS ASSISTED LIVING","106581","assisted_living","Assisted Living","BEXAR","230 W. SUNSET ROAD","SAN ANTONIO","TX","78209","(210) 829-5955","(210) 829-5953","121","","","","","","","","true","29.5061","-98.469","68.2","tx-hhsc-assisted-living","Texas HHSC Assisted Living Facilities","https://services1.arcgis.com/jI1j5lArZnrgFYSc/ArcGIS/rest/services/Assisted_Living/FeatureServer/0","Texas Health and Human Services Commission"
"tx-hhsc-assisted-living:110340","SHINING STARS ASSISTED LIVING LLC","110340","assisted_living","Assisted Living","BEXAR","401 BRYN MAWR","SAN ANTONIO","TX","78209","(210) 777-1039","(210) 564-9319","16","","","","","","","","true","29.4908","-98.4449","68.2","tx-hhsc-assisted-living","Texas HHSC Assisted Living Facilities","https://services1.arcgis.com/jI1j5lArZnrgFYSc/ArcGIS/rest/services/Assisted_Living/FeatureServer/0","Texas Health and Human Services Commission"
"tx-hhsc-assisted-living:101799","MORNINGSIDE MINISTRIES AT MENGER SPRINGSTHE CIBOLO HOUSE","101799","assisted_living","Assisted Living","KENDALL","1000 GRAND BLVD","BOERNE","TX","78006","(830) 816-4900","(830) 816-4901","112","","","","","","","","true","29.7745","-98.7332","68.3","tx-hhsc-assisted-living","Texas HHSC Assisted Living Facilities","https://services1.arcgis.com/jI1j5lArZnrgFYSc/ArcGIS/rest/services/Assisted_Living/FeatureServer/0","Texas Health and Human Services Commission"
"tx-hhsc-assisted-living:104790","SENIOR HAVEN ASSISTED LIVING LLC","104790","assisted_living","Assisted Living","BEXAR","14706 HIDDEN GLEN WOODS","SAN ANTONIO","TX","78249","(210) 413-5072","(210) 855-1767","8","","","","","","","","true","29.5837","-98.5713","68.5","tx-hhsc-assisted-living","Texas HHSC Assisted Living Facilities","https://services1.arcgis.com/jI1j5lArZnrgFYSc/ArcGIS/rest/services/Assisted_Living/FeatureServer/0","Texas Health and Human Services Commission"
"tx-hhsc-assisted-living:110142","WINDCREST VILLAGE LLC, DBA THE VILLAGES OF WINDCREST","110142","assisted_living","Assisted Living","GILLESPIE","702 WEST WINDCREST STREET","FREDERICKSBURG","TX","78624","(830) 856-2450","","86","","","","","","","","true","30.2641","-98.8905","68.5","tx-hhsc-assisted-living","Texas HHSC Assisted Living Facilities","https://services1.arcgis.com/jI1j5lArZnrgFYSc/ArcGIS/rest/services/Assisted_Living/FeatureServer/0","Texas Health and Human Services Commission"
"tx-hhsc-assisted-living:010295","THE SPECIAL CARE CENTER AT THE FORUM AT LINCOLN HEIGHTS","010295","assisted_living","Assisted Living","BEXAR","311 WEST NOTTINGHAM","SAN ANTONIO","TX","78209","210 8242314","210 8246556","88","","","","","","","","true","29.5009","-98.472","68.6","tx-hhsc-assisted-living","Texas HHSC Assisted Living Facilities","https://services1.arcgis.com/jI1j5lArZnrgFYSc/ArcGIS/rest/services/Assisted_Living/FeatureServer/0","Texas Health and Human Services Commission"
"tx-hhsc-assisted-living:104864","ADANTE ASSISTED LIVING","104864","assisted_living","Assisted Living","BEXAR","2739 CEMBALO BLVD.","SAN ANTONIO","TX","78230","(210) 493-0103","(210) 493-0102","90","","","","","","","","true","29.5467","-98.5327","68.7","tx-hhsc-assisted-living","Texas HHSC Assisted Living Facilities","https://services1.arcgis.com/jI1j5lArZnrgFYSc/ArcGIS/rest/services/Assisted_Living/FeatureServer/0","Texas Health and Human Services Commission"
"tx-hhsc-assisted-living:104091","GOLDEN STAGE ASSISTED LIVING","104091","assisted_living","Assisted Living","BEXAR","24911 N SADDLE TRL","SAN ANTONIO","TX","78255","(210) 858-5200","","14","","","","","","","","true","29.668","-98.6586","68.7","tx-hhsc-assisted-living","Texas HHSC Assisted Living Facilities","https://services1.arcgis.com/jI1j5lArZnrgFYSc/ArcGIS/rest/services/Assisted_Living/FeatureServer/0","Texas Health and Human Services Commission"
"tx-hhsc-assisted-living:104245","SUNSHINE SENIOR LIVING","104245","assisted_living","Assisted Living","BEXAR","22310 CIELO VISTA","SAN ANTONIO","TX","78255","(210) 781-4873","(210) 592-1252","9","","","","","","","","true","29.6496","-98.6417","68.7","tx-hhsc-assisted-living","Texas HHSC Assisted Living Facilities","https://services1.arcgis.com/jI1j5lArZnrgFYSc/ArcGIS/rest/services/Assisted_Living/FeatureServer/0","Texas Health and Human Services Commission"
"tx-hhsc-assisted-living:104432","BLOSSOM CARE ASSISTED LIVING","104432","assisted_living","Assisted Living","BEXAR","24803 BROAD OAK TRL","SAN ANTONIO","TX","78255","(210) 267-9106","(210) 272-0800","16","","","","","","","","true","29.6673","-98.6605","68.8","tx-hhsc-assisted-living","Texas HHSC Assisted Living Facilities","https://services1.arcgis.com/jI1j5lArZnrgFYSc/ArcGIS/rest/services/Assisted_Living/FeatureServer/0","Texas Health and Human Services Commission"
"tx-hhsc-assisted-living:000945","JUNIPER VILLAGE AT LINCOLN HEIGHTS","000945","assisted_living","Assisted Living","BEXAR","855 E BASSE RD","SAN ANTONIO","TX","78209","(210) 930-1040","(210) 930-1844","97","","","","","","","","true","29.4981","-98.4718","68.8","tx-hhsc-assisted-living","Texas HHSC Assisted Living Facilities","https://services1.arcgis.com/jI1j5lArZnrgFYSc/ArcGIS/rest/services/Assisted_Living/FeatureServer/0","Texas Health and Human Services Commission"
"tx-hhsc-assisted-living:106739","SOUTHERN CARE ASSISTED LIVING LLC","106739","assisted_living","Assisted Living","BEXAR","8919 SADDLE TRAIL","SAN ANTONIO","TX","78255","(210) 727-5353","210 2575197","7","","","","","","","","true","29.6678","-98.6618","68.8","tx-hhsc-assisted-living","Texas HHSC Assisted Living Facilities","https://services1.arcgis.com/jI1j5lArZnrgFYSc/ArcGIS/rest/services/Assisted_Living/FeatureServer/0","Texas Health and Human Services Commission"
"tx-hhsc-assisted-living:105203","NEURORESTORATIVE SAN ANTONIO","105203","assisted_living","Assisted Living","BEXAR","124 SOUTH WINSTON LANE","CASTLE HILLS","TX","78213","(210) 979-0830","(210) 979-0842","6","","","","","","","","true","29.534","-98.5268","69.1","tx-hhsc-assisted-living","Texas HHSC Assisted Living Facilities","https://services1.arcgis.com/jI1j5lArZnrgFYSc/ArcGIS/rest/services/Assisted_Living/FeatureServer/0","Texas Health and Human Services Commission"
"tx-hhsc-assisted-living:106687","POET'S WALK SAN ANTONIO","106687","assisted_living","Assisted Living","BEXAR","5438 PRESIDIO PARKWAY","SAN ANTONIO","TX","78249","(210) 839-2199","(210) 839-2198","70","","","","","","","","true","29.5858","-98.591","69.2","tx-hhsc-assisted-living","Texas HHSC Assisted Living Facilities","https://services1.arcgis.com/jI1j5lArZnrgFYSc/ArcGIS/rest/services/Assisted_Living/FeatureServer/0","Texas Health and Human Services Commission"
"tx-hhsc-assisted-living:110322","BEEHIVE HOMES OF CROWNRIDGE","110322","assisted_living","Assisted Living","BEXAR","6919 CAMP BULLIS RD","SAN ANTONIO","TX","78256","(210) 874-5996","","16","","","","","","","","true","29.6144","-98.6214","69.3","tx-hhsc-assisted-living","Texas HHSC Assisted Living Facilities","https://services1.arcgis.com/jI1j5lArZnrgFYSc/ArcGIS/rest/services/Assisted_Living/FeatureServer/0","Texas Health and Human Services Commission"
"tx-hhsc-assisted-living:100620","HOMESTEAD ASSISTED LIVING","100620","assisted_living","Assisted Living","COLORADO","302 YOUENS DR","WEIMAR","TX","78962","(979) 725-8669","(979) 725-8460","16","","","","","","","","true","29.694","-96.7858","69.6","tx-hhsc-assisted-living","Texas HHSC Assisted Living Facilities","https://services1.arcgis.com/jI1j5lArZnrgFYSc/ArcGIS/rest/services/Assisted_Living/FeatureServer/0","Texas Health and Human Services Commission"
"tx-hhsc-assisted-living:100251","THE GARDENS OF CASTLE HILLS","100251","assisted_living","Assisted Living","BEXAR","1207 JACKSON KELLER RD","SAN ANTONIO","TX","78213","(210) 375-8132","(210) 375-2341","31","","","","","","","","true","29.5066","-98.5115","69.9","tx-hhsc-assisted-living","Texas HHSC Assisted Living Facilities","https://services1.arcgis.com/jI1j5lArZnrgFYSc/ArcGIS/rest/services/Assisted_Living/FeatureServer/0","Texas Health and Human Services Commission"
"tx-hhsc-assisted-living:100252","THE GARDENS OF CASTLE HILLS","100252","assisted_living","Assisted Living","BEXAR","1207 JACKSON KELLER ROAD","SAN ANTONIO","TX","78213","(210) 375-8132","(210) 375-2341","160","","","","","","","","true","29.5066","-98.5115","69.9","tx-hhsc-assisted-living","Texas HHSC Assisted Living Facilities","https://services1.arcgis.com/jI1j5lArZnrgFYSc/ArcGIS/rest/services/Assisted_Living/FeatureServer/0","Texas Health and Human Services Commission"
"tx-hhsc-assisted-living:100473","INCARNATE WORD RETIREMENT COMMUNITY INC","100473","assisted_living","Assisted Living","BEXAR","4707 BROADWAY","SAN ANTONIO","TX","78209-6200","2108297561 ext 140","(210) 832-0378","45","","","","","","","","true","29.4693","-98.4638","70","tx-hhsc-assisted-living","Texas HHSC Assisted Living Facilities","https://services1.arcgis.com/jI1j5lArZnrgFYSc/ArcGIS/rest/services/Assisted_Living/FeatureServer/0","Texas Health and Human Services Commission"
"tx-hhsc-assisted-living:105241","MARINA'S ASSISTED LIVING LLC","105241","assisted_living","Assisted Living","BEXAR","3515 BACKBAY DRIVE","SAN ANTONIO","TX","78230","(210) 257-9596","(866) 745-1547","10","","","","","","","","true","29.5378","-98.555","70","tx-hhsc-assisted-living","Texas HHSC Assisted Living Facilities","https://services1.arcgis.com/jI1j5lArZnrgFYSc/ArcGIS/rest/services/Assisted_Living/FeatureServer/0","Texas Health and Human Services Commission"
"tx-hhsc-assisted-living:103082","SILVER LAKE CASA DEL SOL","103082","assisted_living","Assisted Living","BEXAR","4330 SILVER LAKE DR","SAN ANTONIO","TX","78219","(210) 359-1970","(210) 622-0520","7","","","","","","","","true","29.4342","-98.4089","70","tx-hhsc-assisted-living","Texas HHSC Assisted Living Facilities","https://services1.arcgis.com/jI1j5lArZnrgFYSc/ArcGIS/rest/services/Assisted_Living/FeatureServer/0","Texas Health and Human Services Commission"
"tx-hhsc-assisted-living:000777","THE VILLAGE AT INCARNATE WORD","000777","assisted_living","Assisted Living","BEXAR","4707 BROADWAY","SAN ANTONIO","TX","78209","(210) 829-7561","(210) 829-0022","42","","","","","","","","true","29.4693","-98.4638","70","tx-hhsc-assisted-living","Texas HHSC Assisted Living Facilities","https://services1.arcgis.com/jI1j5lArZnrgFYSc/ArcGIS/rest/services/Assisted_Living/FeatureServer/0","Texas Health and Human Services Commission"
"tx-hhsc-assisted-living:100902","AGAPE HOUSE II","100902","assisted_living","Assisted Living","BEXAR","3443 WILLOWWOOD ST","SAN ANTONIO","TX","78219","(210) 229-1836","(830) 438-0247","7","","","","","","","","true","29.4424","-98.4297","70.3","tx-hhsc-assisted-living","Texas HHSC Assisted Living Facilities","https://services1.arcgis.com/jI1j5lArZnrgFYSc/ArcGIS/rest/services/Assisted_Living/FeatureServer/0","Texas Health and Human Services Commission"
"tx-hhsc-assisted-living:107133","ALTERNATIVE SENIOR CARE LLC","107133","assisted_living","Assisted Living","BEXAR","7524 WILD EAGLE STREET","SAN ANTONIO","TX","78255","(206) 356-3468","","10","","","","","","","","true","29.5914","-98.6347","70.9","tx-hhsc-assisted-living","Texas HHSC Assisted Living Facilities","https://services1.arcgis.com/jI1j5lArZnrgFYSc/ArcGIS/rest/services/Assisted_Living/FeatureServer/0","Texas Health and Human Services Commission"
"tx-hhsc-assisted-living:050670","THE ETTA  ASSISTED LIVING AT SHAVANO PARK","050670","assisted_living","Assisted Living","BEXAR","4096 DEZAVALA","SAN ANTONIO","TX","78249","(210) 408-7411","(210) 408-6411","120","","","","","","","","true","29.568","-98.6129","71","tx-hhsc-assisted-living","Texas HHSC Assisted Living Facilities","https://services1.arcgis.com/jI1j5lArZnrgFYSc/ArcGIS/rest/services/Assisted_Living/FeatureServer/0","Texas Health and Human Services Commission"
"tx-hhsc-assisted-living:050689","THE ETTA  MEMORY CARE AT SHAVANO PARK","050689","assisted_living","Assisted Living","BEXAR","4096 DEZAVALA","SAN ANTONIO","TX","78249","(210) 408-7411","(210) 408-6411","30","","","","","","","","true","29.568","-98.6129","71","tx-hhsc-assisted-living","Texas HHSC Assisted Living Facilities","https://services1.arcgis.com/jI1j5lArZnrgFYSc/ArcGIS/rest/services/Assisted_Living/FeatureServer/0","Texas Health and Human Services Commission"
"tx-hhsc-assisted-living:110189","IMAGINE WELLNESS ASSISTED LIVING, LLC","110189","assisted_living","Assisted Living","BEXAR","13919 RIDGE OAK PARKWAY","SAN ANTONIO","TX","78249","(210) 908-8300","","16","","","","","","","","true","29.5748","-98.6247","71.2","tx-hhsc-assisted-living","Texas HHSC Assisted Living Facilities","https://services1.arcgis.com/jI1j5lArZnrgFYSc/ArcGIS/rest/services/Assisted_Living/FeatureServer/0","Texas Health and Human Services Commission"
"tx-hhsc-assisted-living:106543","GREENWOOD HOME CARE","106543","assisted_living","Assisted Living","BEXAR","6035 SPRING TIME DRIVE","SAN ANTONIO","TX","78249","(210) 860-4307","(210) 642-9043","6","","","","","","","","true","29.5546","-98.604","71.3","tx-hhsc-assisted-living","Texas HHSC Assisted Living Facilities","https://services1.arcgis.com/jI1j5lArZnrgFYSc/ArcGIS/rest/services/Assisted_Living/FeatureServer/0","Texas Health and Human Services Commission"
"tx-hhsc-assisted-living:100437","THE WILLIAMSBURG HOUSE INC","100437","assisted_living","Assisted Living","LAVACA","4656 US HWY 77 S","HALLETTSVILLE","TX","77964","(361) 798-2345","(361) 798-5367","15","","","","","","","","true","29.5188","-96.9202","71.4","tx-hhsc-assisted-living","Texas HHSC Assisted Living Facilities","https://services1.arcgis.com/jI1j5lArZnrgFYSc/ArcGIS/rest/services/Assisted_Living/FeatureServer/0","Texas Health and Human Services Commission"
"tx-hhsc-assisted-living:105837","ARDEN PARK ASSISTED LIVING, LLC","105837","assisted_living","Assisted Living","BEXAR","7023 W. HAUSMAN ROAD","SAN ANTONIO","TX","78249","(210) 877-5386","(210) 855-4014","16","","","","","","","","true","29.5725","-98.6281","71.5","tx-hhsc-assisted-living","Texas HHSC Assisted Living Facilities","https://services1.arcgis.com/jI1j5lArZnrgFYSc/ArcGIS/rest/services/Assisted_Living/FeatureServer/0","Texas Health and Human Services Commission"
"tx-hhsc-assisted-living:000731","BROOKDALE N FREDERICKSBURG ROAD","000731","assisted_living","Assisted Living","BEXAR","9505 FREDERICKSBURG RD","SAN ANTONIO","TX","78240","(210) 641-6257","(210) 641-6922","120","","","","","","","","true","29.5266","-98.5764","71.5","tx-hhsc-assisted-living","Texas HHSC Assisted Living Facilities","https://services1.arcgis.com/jI1j5lArZnrgFYSc/ArcGIS/rest/services/Assisted_Living/FeatureServer/0","Texas Health and Human Services Commission"
"tx-hhsc-assisted-living:030254","CAROL ANN'S HOME INC","030254","assisted_living","Assisted Living","BEXAR","8005 CHAMBERS RD","SAN ANTONIO","TX","78229","(210) 621-3685","(210) 635-0110","15","","","","","","","","true","29.5114","-98.5611","71.6","tx-hhsc-assisted-living","Texas HHSC Assisted Living Facilities","https://services1.arcgis.com/jI1j5lArZnrgFYSc/ArcGIS/rest/services/Assisted_Living/FeatureServer/0","Texas Health and Human Services Commission"
"tx-hhsc-assisted-living:001075","ELISAS FOSTERCARE","001075","assisted_living","Assisted Living","BEXAR","147 CROESUS AVENUE","SAN ANTONIO","TX","78213","(210) 452-8804","(210) 979-9251","4","","","","","","","","true","29.4893","-98.5329","71.6","tx-hhsc-assisted-living","Texas HHSC Assisted Living Facilities","https://services1.arcgis.com/jI1j5lArZnrgFYSc/ArcGIS/rest/services/Assisted_Living/FeatureServer/0","Texas Health and Human Services Commission"
"tx-hhsc-assisted-living:030324","THE WILLIAM  MEMORY CARE COTTAGE A","030324","assisted_living","Assisted Living","BEXAR","9303 CINNAMON HILL","SAN ANTONIO","TX","78240","(210) 641-5046","(210) 641-5048","14","","","","","","","","true","29.5303","-98.5829","71.6","tx-hhsc-assisted-living","Texas HHSC Assisted Living Facilities","https://services1.arcgis.com/jI1j5lArZnrgFYSc/ArcGIS/rest/services/Assisted_Living/FeatureServer/0","Texas Health and Human Services Commission"
"tx-hhsc-assisted-living:030333","THE WILLIAM  MEMORY CARE COTTAGE B","030333","assisted_living","Assisted Living","BEXAR","9303 CINNAMON HILL","SAN ANTONIO","TX","78240","(210) 641-5046","(210) 641-5048","14","","","","","","","","true","29.5303","-98.5829","71.6","tx-hhsc-assisted-living","Texas HHSC Assisted Living Facilities","https://services1.arcgis.com/jI1j5lArZnrgFYSc/ArcGIS/rest/services/Assisted_Living/FeatureServer/0","Texas Health and Human Services Commission"
"tx-hhsc-assisted-living:104309","THE WILLIAM  MEMORY CARE COTTAGE C","104309","assisted_living","Assisted Living","BEXAR","9303 CINNAMON HILL","SAN ANTONIO","TX","78240","(210) 641-5046","(210) 641-5046","14","","","","","","","","true","29.5303","-98.5829","71.6","tx-hhsc-assisted-living","Texas HHSC Assisted Living Facilities","https://services1.arcgis.com/jI1j5lArZnrgFYSc/ArcGIS/rest/services/Assisted_Living/FeatureServer/0","Texas Health and Human Services Commission"
"tx-hhsc-assisted-living:030265","THE WILLIAM  ASSISTED LIVING","030265","assisted_living","Assisted Living","BEXAR","9203 CINNAMON HILL","SAN ANTONIO","TX","78240","(210) 641-5046","(210) 641-5048","100","","","","","","","","true","29.5288","-98.583","71.7","tx-hhsc-assisted-living","Texas HHSC Assisted Living Facilities","https://services1.arcgis.com/jI1j5lArZnrgFYSc/ArcGIS/rest/services/Assisted_Living/FeatureServer/0","Texas Health and Human Services Commission"
"tx-hhsc-assisted-living:110319","BEEHIVE HOMES OF BABCOCK RIDGE","110319","assisted_living","Assisted Living","BEXAR","6403 MELISSA ANN ST","SAN ANTONIO","TX","78249","(210) 740-1050","","16","","","","","","","","true","29.5484","-98.6134","72","tx-hhsc-assisted-living","Texas HHSC Assisted Living Facilities","https://services1.arcgis.com/jI1j5lArZnrgFYSc/ArcGIS/rest/services/Assisted_Living/FeatureServer/0","Texas Health and Human Services Commission"
"tx-hhsc-assisted-living:030044","BROOKDALE MEDICAL CENTER KINGSLEY","030044","assisted_living","Assisted Living","BEXAR","9000 FLOYD CURL DR","SAN ANTONIO","TX","78240","(210) 697-0772","(210) 697-0653","136","","","","","","","","true","29.528","-98.5908","72","tx-hhsc-assisted-living","Texas HHSC Assisted Living Facilities","https://services1.arcgis.com/jI1j5lArZnrgFYSc/ArcGIS/rest/services/Assisted_Living/FeatureServer/0","Texas Health and Human Services Commission"
"tx-hhsc-assisted-living:106953","LAURELHURST ASSISTED LIVING, LLC","106953","assisted_living","Assisted Living","BEXAR","5683 VERBENA RD","SAN ANTONIO","TX","78240","(005) 035-7588","(210) 447-7381","6","","","","","","","","true","29.5341","-98.5978","72","tx-hhsc-assisted-living","Texas HHSC Assisted Living Facilities","https://services1.arcgis.com/jI1j5lArZnrgFYSc/ArcGIS/rest/services/Assisted_Living/FeatureServer/0","Texas Health and Human Services Commission"
"tx-hhsc-assisted-living:110677","AEGIS CARE HOME, LLC","110677","assisted_living","Assisted Living","BEXAR","3923 MIDVALE DR","SAN ANTONIO","TX","78229","","","6","","","","","","","","true","29.5014","-98.5617","72.1","tx-hhsc-assisted-living","Texas HHSC Assisted Living Facilities","https://services1.arcgis.com/jI1j5lArZnrgFYSc/ArcGIS/rest/services/Assisted_Living/FeatureServer/0","Texas Health and Human Services Commission"
"tx-hhsc-assisted-living:110565","ASSISTED LIVING OAKRIDGE LLC","110565","assisted_living","Assisted Living","BEXAR","6806 OAKRIDGE","SAN ANTONIO","TX","78229","(734) 245-3202","","6","","","","","","","","true","29.4951","-98.5656","72.6","tx-hhsc-assisted-living","Texas HHSC Assisted Living Facilities","https://services1.arcgis.com/jI1j5lArZnrgFYSc/ArcGIS/rest/services/Assisted_Living/FeatureServer/0","Texas Health and Human Services Commission"
"tx-hhsc-assisted-living:030049","BROOKDALE HAMILTON WOLFE","030049","assisted_living","Assisted Living","BEXAR","5331 HAMILTON WOLFE RD","SAN ANTONIO","TX","78229","(210) 641-7200","(210) 696-2911","32","","","","","","","","true","29.5177","-98.5925","72.6","tx-hhsc-assisted-living","Texas HHSC Assisted Living Facilities","https://services1.arcgis.com/jI1j5lArZnrgFYSc/ArcGIS/rest/services/Assisted_Living/FeatureServer/0","Texas Health and Human Services Commission"
"tx-hhsc-assisted-living:030050","BROOKDALE HAMILTON WOLFE","030050","assisted_living","Assisted Living","BEXAR","5331 HAMILTON WOLFE RD","SAN ANTONIO","TX","78229","(210) 641-7200","(210) 696-2911","96","","","","","","","","true","29.5177","-98.5925","72.6","tx-hhsc-assisted-living","Texas HHSC Assisted Living Facilities","https://services1.arcgis.com/jI1j5lArZnrgFYSc/ArcGIS/rest/services/Assisted_Living/FeatureServer/0","Texas Health and Human Services Commission"
"tx-hhsc-assisted-living:110595","AGING GRACEFULLY, LLC","110595","assisted_living","Assisted Living","BEXAR","6202 HOLLYHOCK RD","SAN ANTONIO","TX","78240","(210) 251-4100","","16","","","","","","","","true","29.5314","-98.6098","72.7","tx-hhsc-assisted-living","Texas HHSC Assisted Living Facilities","https://services1.arcgis.com/jI1j5lArZnrgFYSc/ArcGIS/rest/services/Assisted_Living/FeatureServer/0","Texas Health and Human Services Commission"
"tx-hhsc-assisted-living:106149","JUST LIKE HOME CARE","106149","assisted_living","Assisted Living","BEXAR","4126 SHADY OAK ST","SAN ANTONIO","TX","78229","(210) 274-8280","(210) 979-0239","11","","","","","","","","true","29.4955","-98.5677","72.7","tx-hhsc-assisted-living","Texas HHSC Assisted Living Facilities","https://services1.arcgis.com/jI1j5lArZnrgFYSc/ArcGIS/rest/services/Assisted_Living/FeatureServer/0","Texas Health and Human Services Commission"
"tx-hhsc-assisted-living:000938","MISSION ROAD DEVELOPMENTAL CENTER  COUNTRY BREEZE","000938","assisted_living","Assisted Living","BEXAR","6706 COUNTRY BREEZE","SAN ANTONIO","TX","78240","(210) 334-2437","(210) 922-6006","6","","","","","","","","true","29.5401","-98.6222","72.8","tx-hhsc-assisted-living","Texas HHSC Assisted Living Facilities","https://services1.arcgis.com/jI1j5lArZnrgFYSc/ArcGIS/rest/services/Assisted_Living/FeatureServer/0","Texas Health and Human Services Commission"
"tx-hhsc-assisted-living:103269","MISSION ROAD DEVELOPMENTAL CENTERCENTER SPRING","103269","assisted_living","Assisted Living","BEXAR","7830 CENTER SPRING","SAN ANTONIO","TX","78244","(210) 688-4187","(210) 688-4189","6","","","","","","","","true","29.5582","-98.642","72.8","tx-hhsc-assisted-living","Texas HHSC Assisted Living Facilities","https://services1.arcgis.com/jI1j5lArZnrgFYSc/ArcGIS/rest/services/Assisted_Living/FeatureServer/0","Texas Health and Human Services Commission"
"tx-hhsc-assisted-living:106271","PEMBROKE ANGEL CARE ASSISTED LIVING","106271","assisted_living","Assisted Living","BEXAR","6655 PEMBROKE RD","SAN ANTONIO","TX","78240","(206) 491-7872","(210) 257-8298","13","","","","","","","","true","29.5378","-98.6196","72.8","tx-hhsc-assisted-living","Texas HHSC Assisted Living Facilities","https://services1.arcgis.com/jI1j5lArZnrgFYSc/ArcGIS/rest/services/Assisted_Living/FeatureServer/0","Texas Health and Human Services Commission"
"tx-hhsc-assisted-living:110694","REHOBOTH ALF","110694","assisted_living","Assisted Living","BEXAR","6718 LAZYRIDGE DR","SAN ANTONIO","TX","78229","(210) 233-8431","","6","","","","","","","","true","29.4931","-98.5683","72.8","tx-hhsc-assisted-living","Texas HHSC Assisted Living Facilities","https://services1.arcgis.com/jI1j5lArZnrgFYSc/ArcGIS/rest/services/Assisted_Living/FeatureServer/0","Texas Health and Human Services Commission"
"tx-hhsc-assisted-living:000360","BROOKDALE MEDICAL CENTER WHITBY","000360","assisted_living","Assisted Living","BEXAR","5996 WHITBY RD","SAN ANTONIO","TX","78240","(210) 561-9500","(210) 561-9546","60","","","","","","","","true","29.5219","-98.6053","72.9","tx-hhsc-assisted-living","Texas HHSC Assisted Living Facilities","https://services1.arcgis.com/jI1j5lArZnrgFYSc/ArcGIS/rest/services/Assisted_Living/FeatureServer/0","Texas Health and Human Services Commission"
"tx-hhsc-assisted-living:107213","LOPEZ HOMES MCG LLC","107213","assisted_living","Assisted Living","BEXAR","3707 CROSSETTE DRIVE","SAN ANTONIO","TX","78228","(210) 352-5609","(210) 855-1220","6","","","","","","","","true","29.4819","-98.5554","72.9","tx-hhsc-assisted-living","Texas HHSC Assisted Living Facilities","https://services1.arcgis.com/jI1j5lArZnrgFYSc/ArcGIS/rest/services/Assisted_Living/FeatureServer/0","Texas Health and Human Services Commission"
"tx-hhsc-assisted-living:000697","THE KAULBACH ASSISTED LIVING CENTER","000697","assisted_living","Assisted Living","BEXAR","602 BABCOCK RD","SAN ANTONIO","TX","78201","(210) 731-1204","(210) 731-1132","88","","","","","","","","true","29.4758","-98.5487","72.9","tx-hhsc-assisted-living","Texas HHSC Assisted Living Facilities","https://services1.arcgis.com/jI1j5lArZnrgFYSc/ArcGIS/rest/services/Assisted_Living/FeatureServer/0","Texas Health and Human Services Commission"
"tx-hhsc-assisted-living:110467","COTTAGES ON DANNY KAYE III","110467","assisted_living","Assisted Living","BEXAR","5962 DANNY KAYE BUILDING 3","SAN ANTONIO","TX","78240","(210) 556-5553","","16","","","","","","","","true","29.511","-98.5968","73.1","tx-hhsc-assisted-living","Texas HHSC Assisted Living Facilities","https://services1.arcgis.com/jI1j5lArZnrgFYSc/ArcGIS/rest/services/Assisted_Living/FeatureServer/0","Texas Health and Human Services Commission"
"tx-hhsc-assisted-living:102599","KSL TEXAS COMMUNITIES SA LLC","102599","assisted_living","Assisted Living","BEXAR","8103 N HOLLOW","SAN ANTONIO","TX","78240","(210) 558-7600","(210) 558-7604","61","","","","","","","","true","29.5155","-98.6025","73.1","tx-hhsc-assisted-living","Texas HHSC Assisted Living Facilities","https://services1.arcgis.com/jI1j5lArZnrgFYSc/ArcGIS/rest/services/Assisted_Living/FeatureServer/0","Texas Health and Human Services Commission"
"tx-hhsc-assisted-living:110100","MISSION ROAD DEVELOPMENTAL CENTER","110100","assisted_living","Assisted Living","BEXAR","12102 TREEWELL GLEN","SAN ANTONIO","TX","78249","(210) 561-2715","(210) 692-1524","6","","","","","","","","true","29.5575","-98.649","73.1","tx-hhsc-assisted-living","Texas HHSC Assisted Living Facilities","https://services1.arcgis.com/jI1j5lArZnrgFYSc/ArcGIS/rest/services/Assisted_Living/FeatureServer/0","Texas Health and Human Services Commission"
"tx-hhsc-assisted-living:110349","PECAN VIEWS SENIOR CARE","110349","assisted_living","Assisted Living","BEXAR","6960 PEMBROKE RD.","SAN ANTONIO","TX","78240","(210) 444-9739","(210) 855-6792","6","","","","","","","","true","29.5371","-98.6254","73.1","tx-hhsc-assisted-living","Texas HHSC Assisted Living Facilities","https://services1.arcgis.com/jI1j5lArZnrgFYSc/ArcGIS/rest/services/Assisted_Living/FeatureServer/0","Texas Health and Human Services Commission"
"tx-hhsc-assisted-living:106324","THE COTTAGES ON DANNY KAYE A","106324","assisted_living","Assisted Living","BEXAR","5962 DANNY KAYE","SAN ANTONIO","TX","78240","(210) 540-8288","","16","","","","","","","","true","29.511","-98.5968","73.1","tx-hhsc-assisted-living","Texas HHSC Assisted Living Facilities","https://services1.arcgis.com/jI1j5lArZnrgFYSc/ArcGIS/rest/services/Assisted_Living/FeatureServer/0","Texas Health and Human Services Commission"
"tx-hhsc-assisted-living:106326","THE COTTAGES ON DANNY KAYE B","106326","assisted_living","Assisted Living","BEXAR","5962 DANNY KAYE","SAN ANTONIO","TX","78240","(210) 233-9099","(210) 233-9126","16","","","","","","","","true","29.511","-98.5968","73.1","tx-hhsc-assisted-living","Texas HHSC Assisted Living Facilities","https://services1.arcgis.com/jI1j5lArZnrgFYSc/ArcGIS/rest/services/Assisted_Living/FeatureServer/0","Texas Health and Human Services Commission"
"tx-hhsc-assisted-living:102302","MI CASA ES SU CASA","102302","assisted_living","Assisted Living","BEXAR","4902 E BEVERLY MAE DRIVE","SAN ANTONIO","TX","78229","(210) 614-2913","(210) 614-4768","8","","","","","","","","true","29.4963","-98.5831","73.3","tx-hhsc-assisted-living","Texas HHSC Assisted Living Facilities","https://services1.arcgis.com/jI1j5lArZnrgFYSc/ArcGIS/rest/services/Assisted_Living/FeatureServer/0","Texas Health and Human Services Commission"
"tx-hhsc-assisted-living:101083","ESDRAS MENDOZA","101083","assisted_living","Assisted Living","BEXAR","4618 MANITOU DR","SAN ANTONIO","TX","78228","(210) 436-6885","(210) 549-3394","12","","","","","","","","true","29.4864","-98.5768","73.5","tx-hhsc-assisted-living","Texas HHSC Assisted Living Facilities","https://services1.arcgis.com/jI1j5lArZnrgFYSc/ArcGIS/rest/services/Assisted_Living/FeatureServer/0","Texas Health and Human Services Commission"
"tx-hhsc-assisted-living:102550","NEWFOREST ESTATES","102550","assisted_living","Assisted Living","BEXAR","5034 NEWFOREST DRIVE","SAN ANTONIO","TX","78229","(210) 680-3649","(210) 680-8108","32","","","","","","","","true","29.4946","-98.5867","73.5","tx-hhsc-assisted-living","Texas HHSC Assisted Living Facilities","https://services1.arcgis.com/jI1j5lArZnrgFYSc/ArcGIS/rest/services/Assisted_Living/FeatureServer/0","Texas Health and Human Services Commission"
"tx-hhsc-assisted-living:000881","AMAZING PEACE HOME CARE LLC","000881","assisted_living","Assisted Living","BEXAR","1202 DONALDSON AVE","SAN ANTONIO","TX","78228","(210) 736-2305","(210) 736-0226","24","","","","","","","","true","29.4646","-98.5495","73.6","tx-hhsc-assisted-living","Texas HHSC Assisted Living Facilities","https://services1.arcgis.com/jI1j5lArZnrgFYSc/ArcGIS/rest/services/Assisted_Living/FeatureServer/0","Texas Health and Human Services Commission"
"tx-hhsc-assisted-living:110683","CHATEAUX AT HERITAGE CREEK, LLC","110683","assisted_living","Assisted Living","BEXAR","6500 ECKHERT RD","SAN ANTONIO","TX","78240","(210) 446-2120","","16","","","","","","","","true","29.5176","-98.6163","73.6","tx-hhsc-assisted-living","Texas HHSC Assisted Living Facilities","https://services1.arcgis.com/jI1j5lArZnrgFYSc/ArcGIS/rest/services/Assisted_Living/FeatureServer/0","Texas Health and Human Services Commission"
"tx-hhsc-assisted-living:105674","HERITAGE CREEK","105674","assisted_living","Assisted Living","BEXAR","6538 ECKHERT RD.","SAN ANTONIO","TX","78240","(210) 446-2120","","52","","","","","","","","true","29.5184","-98.6162","73.6","tx-hhsc-assisted-living","Texas HHSC Assisted Living Facilities","https://services1.arcgis.com/jI1j5lArZnrgFYSc/ArcGIS/rest/services/Assisted_Living/FeatureServer/0","Texas Health and Human Services Commission"
"tx-hhsc-assisted-living:106325","A GOLDEN AGE ASSISTED LIVING LLC","106325","assisted_living","Assisted Living","BEXAR","1635 HILLCREST DR","SAN ANTONIO","TX","78228","(210) 430-6392","(210) 432-2128","11","","","","","","","","true","29.4719","-98.5685","73.9","tx-hhsc-assisted-living","Texas HHSC Assisted Living Facilities","https://services1.arcgis.com/jI1j5lArZnrgFYSc/ArcGIS/rest/services/Assisted_Living/FeatureServer/0","Texas Health and Human Services Commission"
"tx-hhsc-assisted-living:110295","GOLDEN AGE HOME CARE LLC","110295","assisted_living","Assisted Living","BEXAR","5506 KING RICHARD ST","SAN ANTONIO","TX","78229","(714) 471-4981","","6","","","","","","","","true","29.4918","-98.5933","73.9","tx-hhsc-assisted-living","Texas HHSC Assisted Living Facilities","https://services1.arcgis.com/jI1j5lArZnrgFYSc/ArcGIS/rest/services/Assisted_Living/FeatureServer/0","Texas Health and Human Services Commission"
"tx-hhsc-assisted-living:106483","LOPEZ HOMES MCG LLC","106483","assisted_living","Assisted Living","BEXAR","4818 OAKWAY DR.","SAN ANTONIO","TX","78228","(210) 277-0494","(210) 314-5708","6","","","","","","","","true","29.4768","-98.5807","74.2","tx-hhsc-assisted-living","Texas HHSC Assisted Living Facilities","https://services1.arcgis.com/jI1j5lArZnrgFYSc/ArcGIS/rest/services/Assisted_Living/FeatureServer/0","Texas Health and Human Services Commission"
"tx-hhsc-assisted-living:110338","ADAIR ASSISTED LIVING INC","110338","assisted_living","Assisted Living","BEXAR","6625 ADAIR DR","SAN ANTONIO","TX","78238","(210) 274-1845","(210) 979-0239","6","","","","","","","","true","29.4946","-98.6058","74.3","tx-hhsc-assisted-living","Texas HHSC Assisted Living Facilities","https://services1.arcgis.com/jI1j5lArZnrgFYSc/ArcGIS/rest/services/Assisted_Living/FeatureServer/0","Texas Health and Human Services Commission"
"tx-hhsc-assisted-living:100310","ANGEL PLACE ASSISTED LIVING HOMES INC #1","100310","assisted_living","Assisted Living","BEXAR","3907 SHERRIL BROOK DR","SAN ANTONIO","TX","78228","(210) 435-8234","(210) 436-8893","15","","","","","","","","true","29.4722","-98.5813","74.4","tx-hhsc-assisted-living","Texas HHSC Assisted Living Facilities","https://services1.arcgis.com/jI1j5lArZnrgFYSc/ArcGIS/rest/services/Assisted_Living/FeatureServer/0","Texas Health and Human Services Commission"
"tx-hhsc-assisted-living:000660","ANGEL PLACE ASSISTED LIVING HOMES INC #2","000660","assisted_living","Assisted Living","BEXAR","3911 SHERRIL BROOK DR","SAN ANTONIO","TX","78228","(210) 435-8234","(210) 436-8893","13","","","","","","","","true","29.4723","-98.5812","74.4","tx-hhsc-assisted-living","Texas HHSC Assisted Living Facilities","https://services1.arcgis.com/jI1j5lArZnrgFYSc/ArcGIS/rest/services/Assisted_Living/FeatureServer/0","Texas Health and Human Services Commission"
"tx-hhsc-assisted-living:106041","PAAM CARE, LLC","106041","assisted_living","Assisted Living","BEXAR","322 EARLY TRAIL","SAN ANTONIO","TX","78228","(210) 888-5486","(210) 277-0487","6","","","","","","","","true","29.4676","-98.576","74.4","tx-hhsc-assisted-living","Texas HHSC Assisted Living Facilities","https://services1.arcgis.com/jI1j5lArZnrgFYSc/ArcGIS/rest/services/Assisted_Living/FeatureServer/0","Texas Health and Human Services Commission"
"tx-hhsc-assisted-living:010230","ST MARYS ASSISTED LIVING INC","010230","assisted_living","Assisted Living","BEXAR","1618 S SAINT MARYS","SAN ANTONIO","TX","78210","(210) 532-7698","(210) 532-6155","40","","","","","","","","true","29.4052","-98.4857","74.4","tx-hhsc-assisted-living","Texas HHSC Assisted Living Facilities","https://services1.arcgis.com/jI1j5lArZnrgFYSc/ArcGIS/rest/services/Assisted_Living/FeatureServer/0","Texas Health and Human Services Commission"
"tx-hhsc-assisted-living:106556","AVALON MEMORY CARE MYSTIC PARK","106556","assisted_living","Assisted Living","BEXAR","8615 MYSTIC PARK","SAN ANTONIO","TX","78254","(214) 752-7050","(214) 752-7054","25","","","","","","","","true","29.523","-98.6442","74.5","tx-hhsc-assisted-living","Texas HHSC Assisted Living Facilities","https://services1.arcgis.com/jI1j5lArZnrgFYSc/ArcGIS/rest/services/Assisted_Living/FeatureServer/0","Texas Health and Human Services Commission"
"tx-hhsc-assisted-living:106932","GOLDEN OAKS ASSISTED LIVING","106932","assisted_living","Assisted Living","BEXAR","242 EARLY TRAIL","SAN ANTONIO","TX","78228","(210) 931-7554","(210) 855-8547","6","","","","","","","","true","29.4653","-98.5755","74.5","tx-hhsc-assisted-living","Texas HHSC Assisted Living Facilities","https://services1.arcgis.com/jI1j5lArZnrgFYSc/ArcGIS/rest/services/Assisted_Living/FeatureServer/0","Texas Health and Human Services Commission"
"tx-hhsc-assisted-living:106523","SERVING FAITHFULLY ASSISTED LIVING LLC","106523","assisted_living","Assisted Living","BEXAR","7521 LINKVIEW ST.","SAN ANTONIO","TX","78240","(210) 716-9534","(210) 951-9039","10","","","","","","","","true","29.5078","-98.6251","74.5","tx-hhsc-assisted-living","Texas HHSC Assisted Living Facilities","https://services1.arcgis.com/jI1j5lArZnrgFYSc/ArcGIS/rest/services/Assisted_Living/FeatureServer/0","Texas Health and Human Services Commission"
"tx-hhsc-assisted-living:030366","LOPEZ ASSISTED LIVING HOMES","030366","assisted_living","Assisted Living","BEXAR","3706 SHERRIL BROOK","SAN ANTONIO","TX","78228","(210) 434-7216","(210) 436-9106","11","","","","","","","","true","29.4699","-98.5821","74.6","tx-hhsc-assisted-living","Texas HHSC Assisted Living Facilities","https://services1.arcgis.com/jI1j5lArZnrgFYSc/ArcGIS/rest/services/Assisted_Living/FeatureServer/0","Texas Health and Human Services Commission"
"tx-hhsc-assisted-living:105454","MENDOZA ASSISTED LIVING","105454","assisted_living","Assisted Living","BEXAR","208 HOPE DR.","SAN ANTONIO","TX","78228","(210) 639-2560","(210) 549-3394","10","","","","","","","","true","29.4696","-98.5831","74.6","tx-hhsc-assisted-living","Texas HHSC Assisted Living Facilities","https://services1.arcgis.com/jI1j5lArZnrgFYSc/ArcGIS/rest/services/Assisted_Living/FeatureServer/0","Texas Health and Human Services Commission"
"tx-hhsc-assisted-living:110154","PARKWAY ASSISTED LIVING LLC","110154","assisted_living","Assisted Living","BEXAR","4331 PARKWAY DRIVE","SAN ANTONIO","TX","78228","(210) 430-3675","(210) 662-0054","16","","","","","","","","true","29.4755","-98.5903","74.6","tx-hhsc-assisted-living","Texas HHSC Assisted Living Facilities","https://services1.arcgis.com/jI1j5lArZnrgFYSc/ArcGIS/rest/services/Assisted_Living/FeatureServer/0","Texas Health and Human Services Commission"
"tx-hhsc-assisted-living:101847","LOPEZ HOMES MCG LLC","101847","assisted_living","Assisted Living","BEXAR","511 W. QUILL","SAN ANTONIO","TX","78228","(210) 432-0552","(210) 314-5708","8","","","","","","","","true","29.4663","-98.5821","74.8","tx-hhsc-assisted-living","Texas HHSC Assisted Living Facilities","https://services1.arcgis.com/jI1j5lArZnrgFYSc/ArcGIS/rest/services/Assisted_Living/FeatureServer/0","Texas Health and Human Services Commission"
"tx-hhsc-assisted-living:000843","HIGHLAND GARDENS PERSONAL CARE","000843","assisted_living","Assisted Living","BEXAR","802 MONTICELLO","SAN ANTONIO","TX","78223","(210) 534-9451","(888) 333-1141","8","","","","","","","","true","29.3738","-98.4564","75.1","tx-hhsc-assisted-living","Texas HHSC Assisted Living Facilities","https://services1.arcgis.com/jI1j5lArZnrgFYSc/ArcGIS/rest/services/Assisted_Living/FeatureServer/0","Texas Health and Human Services Commission"
"tx-hhsc-assisted-living:105882","HONEY'S HOUSE OF HELOTES","105882","assisted_living","Assisted Living","BEXAR","10410 PARRIGIN RD","HELOTES","TX","78023","(210) 540-8288","","16","","","","","","","","true","29.5612","-98.6974","75.1","tx-hhsc-assisted-living","Texas HHSC Assisted Living Facilities","https://services1.arcgis.com/jI1j5lArZnrgFYSc/ArcGIS/rest/services/Assisted_Living/FeatureServer/0","Texas Health and Human Services Commission"
"tx-hhsc-assisted-living:000514","KOVALS ADULT FOSTER HOME","000514","assisted_living","Assisted Living","BEXAR","804 MONTICELLO","SAN ANTONIO","TX","78223","(210) 534-9451","(888) 333-1141","4","","","","","","","","true","29.374","-98.4565","75.1","tx-hhsc-assisted-living","Texas HHSC Assisted Living Facilities","https://services1.arcgis.com/jI1j5lArZnrgFYSc/ArcGIS/rest/services/Assisted_Living/FeatureServer/0","Texas Health and Human Services Commission"
"tx-hhsc-assisted-living:106841","HONEY'S HOUSE OF HELOTES II","106841","assisted_living","Assisted Living","BEXAR","12445 FM 1560 N.","HELOTES","TX","78023","(210) 540-8288","","16","","","","","","","","true","29.5607","-98.6977","75.2","tx-hhsc-assisted-living","Texas HHSC Assisted Living Facilities","https://services1.arcgis.com/jI1j5lArZnrgFYSc/ArcGIS/rest/services/Assisted_Living/FeatureServer/0","Texas Health and Human Services Commission"
"tx-hhsc-assisted-living:110701","INGRAM ASSISTED LIVING, LLC","110701","assisted_living","Assisted Living","BEXAR","6207 THUNDER DRIVE","SAN ANTONIO","TX","78238","(206) 504-9660","","5","","","","","","","","true","29.4743","-98.6071","75.4","tx-hhsc-assisted-living","Texas HHSC Assisted Living Facilities","https://services1.arcgis.com/jI1j5lArZnrgFYSc/ArcGIS/rest/services/Assisted_Living/FeatureServer/0","Texas Health and Human Services Commission"
"tx-hhsc-assisted-living:106221","THE SEASON ON TEZEL","106221","assisted_living","Assisted Living","BEXAR","8245 OLD TEZEL ROAD","SAN ANTONIO","TX","78250","(210) 584-4238","(210) 800-9756","16","","","","","","","","true","29.518","-98.6601","75.5","tx-hhsc-assisted-living","Texas HHSC Assisted Living Facilities","https://services1.arcgis.com/jI1j5lArZnrgFYSc/ArcGIS/rest/services/Assisted_Living/FeatureServer/0","Texas Health and Human Services Commission"
"tx-hhsc-assisted-living:106217","THE SEASONS ON TEZEL","106217","assisted_living","Assisted Living","BEXAR","8245 OLD TEZEL ROAD BLDG. 2","SAN ANTONIO","TX","78250","(210) 584-4238","(210) 800-9756","16","","","","","","","","true","29.518","-98.6601","75.5","tx-hhsc-assisted-living","Texas HHSC Assisted Living Facilities","https://services1.arcgis.com/jI1j5lArZnrgFYSc/ArcGIS/rest/services/Assisted_Living/FeatureServer/0","Texas Health and Human Services Commission"
"tx-hhsc-assisted-living:103075","LOPEZ HOMES","103075","assisted_living","Assisted Living","BEXAR","118 WALLACE RD","SAN ANTONIO","TX","78237","(210) 438-8750","(210) 855-1220","6","","","","","","","","true","29.4193","-98.5472","75.9","tx-hhsc-assisted-living","Texas HHSC Assisted Living Facilities","https://services1.arcgis.com/jI1j5lArZnrgFYSc/ArcGIS/rest/services/Assisted_Living/FeatureServer/0","Texas Health and Human Services Commission"
"tx-hhsc-assisted-living:101780","TODAYS ASSISTED LIVING","101780","assisted_living","Assisted Living","LAVACA","210 HUBBARD ST","YOAKUM","TX","77995","(361) 293-2526","","12","","","","","","","","true","29.2891","-97.1431","76.6","tx-hhsc-assisted-living","Texas HHSC Assisted Living Facilities","https://services1.arcgis.com/jI1j5lArZnrgFYSc/ArcGIS/rest/services/Assisted_Living/FeatureServer/0","Texas Health and Human Services Commission"
"tx-hhsc-assisted-living:030361","AUTUMN LEAVES RESIDENTIAL HOME","030361","assisted_living","Assisted Living","BEXAR","6411 RIDGE PLACE","SAN ANTONIO","TX","78250","(210) 998-2208","(210) 463-9374","9","","","","","","","","true","29.4946","-98.6738","77.2","tx-hhsc-assisted-living","Texas HHSC Assisted Living Facilities","https://services1.arcgis.com/jI1j5lArZnrgFYSc/ArcGIS/rest/services/Assisted_Living/FeatureServer/0","Texas Health and Human Services Commission"
"tx-hhsc-assisted-living:101631","MEADOWS","101631","assisted_living","Assisted Living","BEXAR","8706 MISSION ROAD","SAN ANTONIO","TX","78214","(210) 924-9265","(210) 922-6006","8","","","","","","","","true","29.3366","-98.4625","77.4","tx-hhsc-assisted-living","Texas HHSC Assisted Living Facilities","https://services1.arcgis.com/jI1j5lArZnrgFYSc/ArcGIS/rest/services/Assisted_Living/FeatureServer/0","Texas Health and Human Services Commission"
"tx-hhsc-assisted-living:105127","OAK HAVEN ASSISTED LIVING","105127","assisted_living","Assisted Living","AUSTIN","16416 FORDTRAN BLVD","INDUSTRY","TX","78944","(979) 357-2535","(979) 357-2534","10","","","","","","","","true","29.9725","-96.4937","77.4","tx-hhsc-assisted-living","Texas HHSC Assisted Living Facilities","https://services1.arcgis.com/jI1j5lArZnrgFYSc/ArcGIS/rest/services/Assisted_Living/FeatureServer/0","Texas Health and Human Services Commission"
"tx-hhsc-assisted-living:110676","MISSION ROAD DEVELOPMENTAL CENTER","110676","assisted_living","Assisted Living","BEXAR","8706 MISSION ROAD BLDG #6","SAN ANTONIO","TX","78214","(210) 241-6418","(210) 922-6006","6","","","","","","","","true","29.3353","-98.4619","77.5","tx-hhsc-assisted-living","Texas HHSC Assisted Living Facilities","https://services1.arcgis.com/jI1j5lArZnrgFYSc/ArcGIS/rest/services/Assisted_Living/FeatureServer/0","Texas Health and Human Services Commission"
"tx-hhsc-assisted-living:104918","PAMS HOME CARE","104918","assisted_living","Assisted Living","BEXAR","2322 FRONTIER TRAIL","SAN ANTONIO","TX","78251","(210) 787-9340","(210) 520-1525","6","","","","","","","","true","29.4581","-98.6515","78","tx-hhsc-assisted-living","Texas HHSC Assisted Living Facilities","https://services1.arcgis.com/jI1j5lArZnrgFYSc/ArcGIS/rest/services/Assisted_Living/FeatureServer/0","Texas Health and Human Services Commission"
"tx-hhsc-assisted-living:106655","THE HERITAGE AT WESTOVER HILLS","106655","assisted_living","Assisted Living","BEXAR","4315 ROGERS ROAD","SAN ANTONIO","TX","78251","(210) 681-8638","(210) 457-2250","132","","","","","","","","true","29.4756","-98.6943","79","tx-hhsc-assisted-living","Texas HHSC Assisted Living Facilities","https://services1.arcgis.com/jI1j5lArZnrgFYSc/ArcGIS/rest/services/Assisted_Living/FeatureServer/0","Texas Health and Human Services Commission"
"tx-hhsc-assisted-living:106118","LANDON RIDGE  ALAMO RANCH","106118","assisted_living","Assisted Living","BEXAR","11349 ALAMO RANCH PARKWAY","SAN ANTONIO","TX","78253","(888) 212-1657","","152","","","","","","","","true","29.4878","-98.7174","79.4","tx-hhsc-assisted-living","Texas HHSC Assisted Living Facilities","https://services1.arcgis.com/jI1j5lArZnrgFYSc/ArcGIS/rest/services/Assisted_Living/FeatureServer/0","Texas Health and Human Services Commission"
"tx-hhsc-assisted-living:106423","MEMORY CARE OF WESTOVER HILLS","106423","assisted_living","Assisted Living","BEXAR","10910 TOWN CENTER DRIVE","SAN ANTONIO","TX","78251","(210) 802-6653","","64","","","","","","","","true","29.4618","-98.6881","79.4","tx-hhsc-assisted-living","Texas HHSC Assisted Living Facilities","https://services1.arcgis.com/jI1j5lArZnrgFYSc/ArcGIS/rest/services/Assisted_Living/FeatureServer/0","Texas Health and Human Services Commission"
"tx-hhsc-assisted-living:105750","THE GRANDVIEW OF WESTOVER HILLS, LLC","105750","assisted_living","Assisted Living","BEXAR","8627 LAKESIDE PARKWAY","SAN ANTONIO","TX","78245-3261","(210) 810-4900","(726) 999-3625","60","","","","","","","","true","29.4321","-98.6553","79.5","tx-hhsc-assisted-living","Texas HHSC Assisted Living Facilities","https://services1.arcgis.com/jI1j5lArZnrgFYSc/ArcGIS/rest/services/Assisted_Living/FeatureServer/0","Texas Health and Human Services Commission"
"tx-hhsc-assisted-living:106414","CEDAR RANCH AT MILITARY DRIVE","106414","assisted_living","Assisted Living","BEXAR","10107 MILITARY DRIVE WEST","SAN ANTONIO","TX","78251","(210) 608-9302","","56","","","","","","","","true","29.452","-98.6832","79.7","tx-hhsc-assisted-living","Texas HHSC Assisted Living Facilities","https://services1.arcgis.com/jI1j5lArZnrgFYSc/ArcGIS/rest/services/Assisted_Living/FeatureServer/0","Texas Health and Human Services Commission"
"tx-hhsc-assisted-living:110198","SILVER SAGE ASSISTED LIVING OF BRENHAM","110198","assisted_living","Assisted Living","WASHINGTON","1119 PRAIRIE LEA","BRENHAM","TX","77833","979 353 2090","979 353 2091","16","","","","","","","","true","30.1524","-96.408","80.1","tx-hhsc-assisted-living","Texas HHSC Assisted Living Facilities","https://services1.arcgis.com/jI1j5lArZnrgFYSc/ArcGIS/rest/services/Assisted_Living/FeatureServer/0","Texas Health and Human Services Commission"
"tx-hhsc-assisted-living:110192","SILVER SAGE ASSISTED LIVING OF BRENHAM","110192","assisted_living","Assisted Living","WASHINGTON","1121 PRAIRIE LEA ST","BRENHAM","TX","77833","(979) 353-2090","","16","","","","","","","","true","30.1524","-96.408","80.1","tx-hhsc-assisted-living","Texas HHSC Assisted Living Facilities","https://services1.arcgis.com/jI1j5lArZnrgFYSc/ArcGIS/rest/services/Assisted_Living/FeatureServer/0","Texas Health and Human Services Commission"
"tx-hhsc-assisted-living:030000","CORYELL COUNTY MEMORIAL HOSPITAL AUTHORITY","030000","assisted_living","Assisted Living","CORYELL","1507 W MAIN ST","GATESVILLE","TX","76528","(254) 248-6293","(254) 248-6331","70","","","","","","","","true","31.4349","-97.7798","80.7","tx-hhsc-assisted-living","Texas HHSC Assisted Living Facilities","https://services1.arcgis.com/jI1j5lArZnrgFYSc/ArcGIS/rest/services/Assisted_Living/FeatureServer/0","Texas Health and Human Services Commission"
"tx-hhsc-assisted-living:100822","BOARDING WITH TENDER CARE INC","100822","assisted_living","Assisted Living","BEXAR","1002 GALLATIN DR","SAN ANTONIO","TX","78245","(210) 573-3680","(210) 462-9197","9","","","","","","","","true","29.4268","-98.6871","81.1","tx-hhsc-assisted-living","Texas HHSC Assisted Living Facilities","https://services1.arcgis.com/jI1j5lArZnrgFYSc/ArcGIS/rest/services/Assisted_Living/FeatureServer/0","Texas Health and Human Services Commission"
"tx-hhsc-assisted-living:030222","COLUMBUS OAKS HEALTHCARE COMMUNITY","030222","assisted_living","Assisted Living","COLORADO","203 CHARTER ST","COLUMBUS","TX","78934","(979) 732-2347","(979) 732-3473","40","","","","","","","","true","29.7161","-96.5362","81.6","tx-hhsc-assisted-living","Texas HHSC Assisted Living Facilities","https://services1.arcgis.com/jI1j5lArZnrgFYSc/ArcGIS/rest/services/Assisted_Living/FeatureServer/0","Texas Health and Human Services Commission"
"tx-hhsc-assisted-living:104902","ARNOLD HOUSE AT BLUE SKIES OF TEXAS EAST","104902","assisted_living","Assisted Living","BEXAR","4917 RAVENSWOOD DRIVE","SAN ANTONIO","TX","78227","(210) 568-5061","(210) 568-5155","24","","","","","","","","true","29.3824","-98.6471","81.7","tx-hhsc-assisted-living","Texas HHSC Assisted Living Facilities","https://services1.arcgis.com/jI1j5lArZnrgFYSc/ArcGIS/rest/services/Assisted_Living/FeatureServer/0","Texas Health and Human Services Commission"
"tx-hhsc-assisted-living:101116","RUTH DALLMEYER LA ROCHE MANOR","101116","assisted_living","Assisted Living","WASHINGTON","1700 EAST STONE","BRENHAM","TX","77833","(979) 836-5442","(979) 836-4926","58","","","","","","","","true","30.1537","-96.3768","82","tx-hhsc-assisted-living","Texas HHSC Assisted Living Facilities","https://services1.arcgis.com/jI1j5lArZnrgFYSc/ArcGIS/rest/services/Assisted_Living/FeatureServer/0","Texas Health and Human Services Commission"
"tx-hhsc-assisted-living:107003","NEW HAVEN ASSISTED LIVING OF FLORESVILLE","107003","assisted_living","Assisted Living","WILSON","107A VETERANS DR","FLORESVILLE","TX","78114","(830) 355-2886","(830) 542-8920","16","","","","","","","","true","29.1286","-98.146","82.3","tx-hhsc-assisted-living","Texas HHSC Assisted Living Facilities","https://services1.arcgis.com/jI1j5lArZnrgFYSc/ArcGIS/rest/services/Assisted_Living/FeatureServer/0","Texas Health and Human Services Commission"
"tx-hhsc-assisted-living:107004","NEW HAVEN ASSISTED LIVING OF FLORESVILLE","107004","assisted_living","Assisted Living","WILSON","107B VETERANS DRIVE","FLORESVILLE","TX","78114","(830) 355-2886","(830) 542-8920","16","","","","","","","","true","29.1286","-98.146","82.3","tx-hhsc-assisted-living","Texas HHSC Assisted Living Facilities","https://services1.arcgis.com/jI1j5lArZnrgFYSc/ArcGIS/rest/services/Assisted_Living/FeatureServer/0","Texas Health and Human Services Commission"
"tx-hhsc-assisted-living:030327","ARGENT COURT","030327","assisted_living","Assisted Living","WASHINGTON","2815 VICTORY LN","BRENHAM","TX","77833","(979) 836-8000","(979) 836-1900","57","","","","","","","","true","30.1456","-96.3636","82.8","tx-hhsc-assisted-living","Texas HHSC Assisted Living Facilities","https://services1.arcgis.com/jI1j5lArZnrgFYSc/ArcGIS/rest/services/Assisted_Living/FeatureServer/0","Texas Health and Human Services Commission"
"tx-hhsc-assisted-living:000411","ALPINE TERRACE RETIREMENT & CONVALESCENT CENTER PC UNIT","000411","assisted_living","Assisted Living","KERR","746 ALPINE DR","KERRVILLE","TX","78028","(830) 896-2323","(830) 896-2331","60","","","","","","","","true","30.0667","-99.1119","82.9","tx-hhsc-assisted-living","Texas HHSC Assisted Living Facilities","https://services1.arcgis.com/jI1j5lArZnrgFYSc/ArcGIS/rest/services/Assisted_Living/FeatureServer/0","Texas Health and Human Services Commission"
"tx-hhsc-assisted-living:100504","NEW HAVEN OF KERRVILLE","100504","assisted_living","Assisted Living","KERR","747 ALPINE DR","KERRVILLE","TX","78028","830 8966555","830 8965717","48","","","","","","","","true","30.0658","-99.1127","83","tx-hhsc-assisted-living","Texas HHSC Assisted Living Facilities","https://services1.arcgis.com/jI1j5lArZnrgFYSc/ArcGIS/rest/services/Assisted_Living/FeatureServer/0","Texas Health and Human Services Commission"
"tx-hhsc-assisted-living:000306","BROOKDALE KERRVILLE","000306","assisted_living","Assisted Living","KERR","725 LESLIE DR","KERRVILLE","TX","78028","(830) 257-6769","(830) 257-6761","60","","","","","","","","true","30.0643","-99.119","83.4","tx-hhsc-assisted-living","Texas HHSC Assisted Living Facilities","https://services1.arcgis.com/jI1j5lArZnrgFYSc/ArcGIS/rest/services/Assisted_Living/FeatureServer/0","Texas Health and Human Services Commission"
"tx-hhsc-assisted-living:000590","HILL COUNTRY OUTREACH INC","000590","assisted_living","Assisted Living","KERR","600 LESLIE DR","KERRVILLE","TX","78028","(830) 792-6964","(830) 792-6965","70","","","","","","","","true","30.0665","-99.1193","83.4","tx-hhsc-assisted-living","Texas HHSC Assisted Living Facilities","https://services1.arcgis.com/jI1j5lArZnrgFYSc/ArcGIS/rest/services/Assisted_Living/FeatureServer/0","Texas Health and Human Services Commission"
"tx-hhsc-assisted-living:106931","PARC AT TRADITIONS","106931","assisted_living","Assisted Living","BRAZOS","3095 CLUB DRIVE","BRYAN","TX","77807","(979) 213-4200","(979) 213-4205","80","","","","","","","","true","30.601","-96.3891","83.9","tx-hhsc-assisted-living","Texas HHSC Assisted Living Facilities","https://services1.arcgis.com/jI1j5lArZnrgFYSc/ArcGIS/rest/services/Assisted_Living/FeatureServer/0","Texas Health and Human Services Commission"
"tx-hhsc-assisted-living:105114","RIVER POINT OF KERRVILLE","105114","assisted_living","Assisted Living","KERR","1441 BANDERA HWY","KERRVILLE","TX","78028","(830) 258-4150","(830) 792-6348","70","","","","","","","","true","30.0286","-99.1374","84.9","tx-hhsc-assisted-living","Texas HHSC Assisted Living Facilities","https://services1.arcgis.com/jI1j5lArZnrgFYSc/ArcGIS/rest/services/Assisted_Living/FeatureServer/0","Texas Health and Human Services Commission"
"tx-hhsc-assisted-living:101035","LIBERTY HOUSE AT BLUE SKIES OF TEXAS WEST","101035","assisted_living","Assisted Living","BEXAR","5200 JOHN D RYAN BLVD","SAN ANTONIO","TX","78245","(210) 568-3420","(210) 568-3336","51","","","","","","","","true","29.3832","-98.7342","85.2","tx-hhsc-assisted-living","Texas HHSC Assisted Living Facilities","https://services1.arcgis.com/jI1j5lArZnrgFYSc/ArcGIS/rest/services/Assisted_Living/FeatureServer/0","Texas Health and Human Services Commission"
"tx-hhsc-assisted-living:030259","FREEDOM HOUSE ALZHEIMER'S CARE AND RESEARCH CENTER","030259","assisted_living","Assisted Living","BEXAR","12455 FREEDOM WAY","SAN ANTONIO","TX","78245","(210) 838-6300","(210) 838-6310","72","","","","","","","","true","29.3828","-98.7394","85.4","tx-hhsc-assisted-living","Texas HHSC Assisted Living Facilities","https://services1.arcgis.com/jI1j5lArZnrgFYSc/ArcGIS/rest/services/Assisted_Living/FeatureServer/0","Texas Health and Human Services Commission"
"tx-hhsc-assisted-living:030017","220 HARPER L L C","030017","assisted_living","Assisted Living","KERR","220 HARPER RD","KERRVILLE","TX","78028","(830) 895-4600","(830) 895-4601","16","","","","","","","","true","30.0622","-99.1623","86","tx-hhsc-assisted-living","Texas HHSC Assisted Living Facilities","https://services1.arcgis.com/jI1j5lArZnrgFYSc/ArcGIS/rest/services/Assisted_Living/FeatureServer/0","Texas Health and Human Services Commission"
"tx-hhsc-assisted-living:104852","ALZCARE OF DEWITT COUNTY  ASSISTED LIVING","104852","assisted_living","Assisted Living","DEWITT","131 INDUSTRIAL BLVD","CUERO","TX","77954","(361) 275-8448","(361) 275-9150","16","","","","","","","","true","29.0911","-97.2691","86.1","tx-hhsc-assisted-living","Texas HHSC Assisted Living Facilities","https://services1.arcgis.com/jI1j5lArZnrgFYSc/ArcGIS/rest/services/Assisted_Living/FeatureServer/0","Texas Health and Human Services Commission"
"tx-hhsc-assisted-living:104682","ALZCARE OF DEWITT COUNTY  MEMORY CARE","104682","assisted_living","Assisted Living","DEWITT","131 INDUSTRIAL BLVD","CUERO","TX","77954","(361) 275-8448","(361) 275-9150","16","","","","","","","","true","29.0911","-97.2691","86.1","tx-hhsc-assisted-living","Texas HHSC Assisted Living Facilities","https://services1.arcgis.com/jI1j5lArZnrgFYSc/ArcGIS/rest/services/Assisted_Living/FeatureServer/0","Texas Health and Human Services Commission"
"tx-hhsc-assisted-living:000769","JUNIPER VILLAGE AT GUADALUPE RIVERFRONT","000769","assisted_living","Assisted Living","KERR","135 PLAZA DR","KERRVILLE","TX","78028","(830) 895-2626","(830) 895-3927","45","","","","","","","","true","30.0551","-99.1645","86.2","tx-hhsc-assisted-living","Texas HHSC Assisted Living Facilities","https://services1.arcgis.com/jI1j5lArZnrgFYSc/ArcGIS/rest/services/Assisted_Living/FeatureServer/0","Texas Health and Human Services Commission"
"tx-hhsc-assisted-living:030358","ST JOSEPH MANOR","030358","assisted_living","Assisted Living","BRAZOS","2333 MANOR DR","BRYAN","TX","77802","(979) 821-7330","(979) 821-7301","44","","","","","","","","true","30.6588","-96.3513","87.2","tx-hhsc-assisted-living","Texas HHSC Assisted Living Facilities","https://services1.arcgis.com/jI1j5lArZnrgFYSc/ArcGIS/rest/services/Assisted_Living/FeatureServer/0","Texas Health and Human Services Commission"
"tx-hhsc-assisted-living:104850","CRESTVIEW RETIREMENT COMMUNITY","104850","assisted_living","Assisted Living","BRAZOS","2505 E VILLA MARIA ROAD","BRYAN","TX","77802","(979) 776-4778","(979) 774-7579","72","","","","","","","","true","30.6602","-96.3477","87.4","tx-hhsc-assisted-living","Texas HHSC Assisted Living Facilities","https://services1.arcgis.com/jI1j5lArZnrgFYSc/ArcGIS/rest/services/Assisted_Living/FeatureServer/0","Texas Health and Human Services Commission"
"tx-hhsc-assisted-living:000495","BROADMOOR PLACE","000495","assisted_living","Assisted Living","BRAZOS","2601 E VILLA MARIA","BRYAN","TX","77802","(979) 823-4446","(979) 731-8254","36","","","","","","","","true","30.668","-96.3474","87.6","tx-hhsc-assisted-living","Texas HHSC Assisted Living Facilities","https://services1.arcgis.com/jI1j5lArZnrgFYSc/ArcGIS/rest/services/Assisted_Living/FeatureServer/0","Texas Health and Human Services Commission"
"tx-hhsc-assisted-living:000858","MARIA'S PLACE","000858","assisted_living","Assisted Living","FALLS","402 LIVE OAK ST.","MARLIN","TX","76661","254 339 4638","","16","","","","","","","","true","31.3059","-96.8923","87.8","tx-hhsc-assisted-living","Texas HHSC Assisted Living Facilities","https://services1.arcgis.com/jI1j5lArZnrgFYSc/ArcGIS/rest/services/Assisted_Living/FeatureServer/0","Texas Health and Human Services Commission"
"tx-hhsc-assisted-living:102640","MOUNTAIN VILLA AT KERRVILLE","102640","assisted_living","Assisted Living","KERR","2201 JUNCTION HWY","KERRVILLE","TX","78028","(830) 792-4001","(830) 792-4999","50","","","","","","","","true","30.0731","-99.1951","87.8","tx-hhsc-assisted-living","Texas HHSC Assisted Living Facilities","https://services1.arcgis.com/jI1j5lArZnrgFYSc/ArcGIS/rest/services/Assisted_Living/FeatureServer/0","Texas Health and Human Services Commission"
"tx-hhsc-assisted-living:106458","HEARTIS WACO","106458","assisted_living","Assisted Living","MCLENNAN","5317 SPEEGLEVILLE RD","WACO","TX","76712","(254) 848-9090","","156","","","","","","","","true","31.4871","-97.2912","88.4","tx-hhsc-assisted-living","Texas HHSC Assisted Living Facilities","https://services1.arcgis.com/jI1j5lArZnrgFYSc/ArcGIS/rest/services/Assisted_Living/FeatureServer/0","Texas Health and Human Services Commission"
"tx-hhsc-assisted-living:000621","BLUEBONNET PLACE","000621","assisted_living","Assisted Living","BRAZOS","3601 VICTORIA AVE","COLLEGE STATION","TX","77845","(979) 693-9699","(979) 694-2850","48","","","","","","","","true","30.5701","-96.2978","88.6","tx-hhsc-assisted-living","Texas HHSC Assisted Living Facilities","https://services1.arcgis.com/jI1j5lArZnrgFYSc/ArcGIS/rest/services/Assisted_Living/FeatureServer/0","Texas Health and Human Services Commission"
"tx-hhsc-assisted-living:000727","THE WATERFORD AT COLLEGE STATION","000727","assisted_living","Assisted Living","BRAZOS","1103 ROCK PRAIRIE RD","COLLEGE STATION","TX","77845","(979) 694-6496","(888) 753-6262","60","","","","","","","","true","30.5799","-96.3017","88.6","tx-hhsc-assisted-living","Texas HHSC Assisted Living Facilities","https://services1.arcgis.com/jI1j5lArZnrgFYSc/ArcGIS/rest/services/Assisted_Living/FeatureServer/0","Texas Health and Human Services Commission"
"tx-hhsc-assisted-living:104809","HEWITT AL LLC STONEY BROOK OF HEWITT","104809","assisted_living","Assisted Living","MCLENNAN","151 ROYAL LANE","HEWITT","TX","76643","(254) 420-1400","(254) 420-1401","46","","","","","","","","true","31.4765","-97.2065","89.4","tx-hhsc-assisted-living","Texas HHSC Assisted Living Facilities","https://services1.arcgis.com/jI1j5lArZnrgFYSc/ArcGIS/rest/services/Assisted_Living/FeatureServer/0","Texas Health and Human Services Commission"
"tx-hhsc-assisted-living:104810","HEWITT AL LLC STONEY BROOK OF HEWITT","104810","assisted_living","Assisted Living","MCLENNAN","151 ROYAL LANE","HEWITT","TX","76643","(254) 420-1400","(254) 933-2550","56","","","","","","","","true","31.4765","-97.2065","89.4","tx-hhsc-assisted-living","Texas HHSC Assisted Living Facilities","https://services1.arcgis.com/jI1j5lArZnrgFYSc/ArcGIS/rest/services/Assisted_Living/FeatureServer/0","Texas Health and Human Services Commission"
"tx-hhsc-assisted-living:105402","CARRIAGE INNBRYAN","105402","assisted_living","Assisted Living","BRAZOS","4235 BOONVILLE RD","BRYAN","TX","77802","(979) 731-1300","(979) 774-0840","41","","","","","","","","true","30.6645","-96.305","89.9","tx-hhsc-assisted-living","Texas HHSC Assisted Living Facilities","https://services1.arcgis.com/jI1j5lArZnrgFYSc/ArcGIS/rest/services/Assisted_Living/FeatureServer/0","Texas Health and Human Services Commission"
"tx-hhsc-assisted-living:102654","HUDSON CREEK ALZHEIMER'S SPECIAL CARE CENTER","102654","assisted_living","Assisted Living","BRAZOS","3850 COPPERCREST DR","BRYAN","TX","77802","(979) 774-0700","(979) 774-7568","66","","","","","","","","true","30.6517","-96.3002","89.9","tx-hhsc-assisted-living","Texas HHSC Assisted Living Facilities","https://services1.arcgis.com/jI1j5lArZnrgFYSc/ArcGIS/rest/services/Assisted_Living/FeatureServer/0","Texas Health and Human Services Commission"
"tx-hhsc-assisted-living:102574","ARBORS OF BRIARWOOD","102574","assisted_living","Assisted Living","AUSTIN","1517 W MAIN","BELLVILLE","TX","77418","(979) 865-3969","(979) 865-9963","16","","","","","","","","true","29.9644","-96.2785","90","tx-hhsc-assisted-living","Texas HHSC Assisted Living Facilities","https://services1.arcgis.com/jI1j5lArZnrgFYSc/ArcGIS/rest/services/Assisted_Living/FeatureServer/0","Texas Health and Human Services Commission"
"tx-hhsc-assisted-living:107163","MRC THE LANGFORD","107163","assisted_living","Assisted Living","BRAZOS","1851 CARROLL FANCHER WAY","COLLEGE STATION","TX","77845","(979) 704-6600","","66","","","","","","","","true","30.5716","-96.2688","90.3","tx-hhsc-assisted-living","Texas HHSC Assisted Living Facilities","https://services1.arcgis.com/jI1j5lArZnrgFYSc/ArcGIS/rest/services/Assisted_Living/FeatureServer/0","Texas Health and Human Services Commission"
"tx-hhsc-assisted-living:110347","SODALIS OPERATING COMPANY, LLCCOLLEGE STATION OPERATIONS","110347","assisted_living","Assisted Living","BRAZOS","3211 HARVEY RD","COLLEGE STATION","TX","77845","","","120","","","","","","","","true","30.6427","-96.2904","90.3","tx-hhsc-assisted-living","Texas HHSC Assisted Living Facilities","https://services1.arcgis.com/jI1j5lArZnrgFYSc/ArcGIS/rest/services/Assisted_Living/FeatureServer/0","Texas Health and Human Services Commission"
"tx-hhsc-assisted-living:106334","LIVING SPRINGS VILLAGE","106334","assisted_living","Assisted Living","MCLENNAN","8601 OLD MCGREGOR ROAD","WOODWAY","TX","76712","(254) 374-0015","(888) 726-4686","16","","","","","","","","true","31.4961","-97.2173","90.5","tx-hhsc-assisted-living","Texas HHSC Assisted Living Facilities","https://services1.arcgis.com/jI1j5lArZnrgFYSc/ArcGIS/rest/services/Assisted_Living/FeatureServer/0","Texas Health and Human Services Commission"
"tx-hhsc-assisted-living:104683","ISLE AT WATERCRESTBRYAN","104683","assisted_living","Assisted Living","BRAZOS","4091 EASTCHESTER DRIVE","BRYAN","TX","77802","(979) 774-3401","(979) 774-3021","98","","","","","","","","true","30.6584","-96.2904","90.6","tx-hhsc-assisted-living","Texas HHSC Assisted Living Facilities","https://services1.arcgis.com/jI1j5lArZnrgFYSc/ArcGIS/rest/services/Assisted_Living/FeatureServer/0","Texas Health and Human Services Commission"
"tx-hhsc-assisted-living:110548","THE BLAKE AT WACO, LLC","110548","assisted_living","Assisted Living","MCLENNAN","5901 CROSSLAKE PARKWAY","WACO","TX","76712","(254) 237-2006","","159","","","","","","","","true","31.4893","-97.162","91.2","tx-hhsc-assisted-living","Texas HHSC Assisted Living Facilities","https://services1.arcgis.com/jI1j5lArZnrgFYSc/ArcGIS/rest/services/Assisted_Living/FeatureServer/0","Texas Health and Human Services Commission"
"tx-hhsc-assisted-living:030012","MAGNOLIA ASSISTED LIVING LLC","030012","assisted_living","Assisted Living","AUSTIN","318 S MASONIC STREET","BELLVILLE","TX","77418","(940) 783-2760","(214) 594-7127","16","","","","","","","","true","29.9473","-96.2612","91.3","tx-hhsc-assisted-living","Texas HHSC Assisted Living Facilities","https://services1.arcgis.com/jI1j5lArZnrgFYSc/ArcGIS/rest/services/Assisted_Living/FeatureServer/0","Texas Health and Human Services Commission"
"tx-hhsc-assisted-living:110227","CHANGING SEASONS OF CASTROVILLE","110227","assisted_living","Assisted Living","MEDINA","1687 OLD HIGHWAY 90","CASTROVILLE","TX","78009","(210) 540-8288","","16","","","","","","","","true","29.3557","-98.8492","91.5","tx-hhsc-assisted-living","Texas HHSC Assisted Living Facilities","https://services1.arcgis.com/jI1j5lArZnrgFYSc/ArcGIS/rest/services/Assisted_Living/FeatureServer/0","Texas Health and Human Services Commission"
"tx-hhsc-assisted-living:106574","ARBOR HOUSE OF WACO","106574","assisted_living","Assisted Living","MCLENNAN","2418 MARKETPLACE DR.","WACO","TX","76711","(254) 662-9990","","75","","","","","","","","true","31.5018","-97.1593","92.1","tx-hhsc-assisted-living","Texas HHSC Assisted Living Facilities","https://services1.arcgis.com/jI1j5lArZnrgFYSc/ArcGIS/rest/services/Assisted_Living/FeatureServer/0","Texas Health and Human Services Commission"
"tx-hhsc-assisted-living:000640","RIDGECREST RETIREMENT AND HEALTHCARE COMMUNITY","000640","assisted_living","Assisted Living","MCLENNAN","1900 HWY 6 W","WACO","TX","76712","(254) 776-9681","(254) 776-7960","120","","","","","","","","true","31.5236","-97.2222","92.1","tx-hhsc-assisted-living","Texas HHSC Assisted Living Facilities","https://services1.arcgis.com/jI1j5lArZnrgFYSc/ArcGIS/rest/services/Assisted_Living/FeatureServer/0","Texas Health and Human Services Commission"
"tx-hhsc-assisted-living:000639","ST ELIZABETH PLACE","000639","assisted_living","Assisted Living","MCLENNAN","300 W HWY 6","WACO","TX","76712","(254) 761-8500","(254) 761-8050","50","","","","","","","","true","31.5139","-97.1949","92.1","tx-hhsc-assisted-living","Texas HHSC Assisted Living Facilities","https://services1.arcgis.com/jI1j5lArZnrgFYSc/ArcGIS/rest/services/Assisted_Living/FeatureServer/0","Texas Health and Human Services Commission"
"tx-hhsc-assisted-living:106928","THE DELANEY AT LAKE WACO","106928","assisted_living","Assisted Living","MCLENNAN","2121 W. HIGHWAY 6","WACO","TX","76710","(254) 651-1010","(254) 870-9819","106","","","","","","","","true","31.5287","-97.2271","92.4","tx-hhsc-assisted-living","Texas HHSC Assisted Living Facilities","https://services1.arcgis.com/jI1j5lArZnrgFYSc/ArcGIS/rest/services/Assisted_Living/FeatureServer/0","Texas Health and Human Services Commission"
"tx-hhsc-assisted-living:000641","RIOJAS ASSISTED LIVING HOME","000641","assisted_living","Assisted Living","BEXAR","14212 GREENWOOD RD","ATASCOSA","TX","78002","(830) 709-3541","(830) 709-3541","16","","","","","","","","true","29.256","-98.7755","93.4","tx-hhsc-assisted-living","Texas HHSC Assisted Living Facilities","https://services1.arcgis.com/jI1j5lArZnrgFYSc/ArcGIS/rest/services/Assisted_Living/FeatureServer/0","Texas Health and Human Services Commission"
"tx-hhsc-assisted-living:110307","PEACH CREEK ALF #1 LLC","110307","assisted_living","Assisted Living","BRAZOS","1488 STOKES CIRCLE","COLLEGE STATION","TX","77845","(979) 431-4135","","16","","","","","","","","true","30.5321","-96.2047","93.5","tx-hhsc-assisted-living","Texas HHSC Assisted Living Facilities","https://services1.arcgis.com/jI1j5lArZnrgFYSc/ArcGIS/rest/services/Assisted_Living/FeatureServer/0","Texas Health and Human Services Commission"
"tx-hhsc-assisted-living:103167","COUNTRY LIFE ASSISTED LIVING","103167","assisted_living","Assisted Living","BEXAR","16680 W FM 2790 S","LYTLE","TX","78052","(830) 709-0163","(877) 709-0163","16","","","","","","","","true","29.2584","-98.8036","94.4","tx-hhsc-assisted-living","Texas HHSC Assisted Living Facilities","https://services1.arcgis.com/jI1j5lArZnrgFYSc/ArcGIS/rest/services/Assisted_Living/FeatureServer/0","Texas Health and Human Services Commission"
"tx-hhsc-assisted-living:101730","REAGAN MANOR","101730","assisted_living","Assisted Living","MEDINA","229 E CR 5718","NATALIA","TX","78059","(210) 365-7799","(830) 772-9949","20","","","","","","","","true","29.2632","-98.8654","96.7","tx-hhsc-assisted-living","Texas HHSC Assisted Living Facilities","https://services1.arcgis.com/jI1j5lArZnrgFYSc/ArcGIS/rest/services/Assisted_Living/FeatureServer/0","Texas Health and Human Services Commission"
"tx-hhsc-assisted-living:000907","THOMPSON HOME","000907","assisted_living","Assisted Living","MCLENNAN","484 MANCHACA PL","WACO","TX","76705","(254) 875-2531","(254) 875-2413","10","","","","","","","","true","31.5192","-97.0138","96.7","tx-hhsc-assisted-living","Texas HHSC Assisted Living Facilities","https://services1.arcgis.com/jI1j5lArZnrgFYSc/ArcGIS/rest/services/Assisted_Living/FeatureServer/0","Texas Health and Human Services Commission"
"tx-hhsc-assisted-living:103795","MERCY HOUSE","103795","assisted_living","Assisted Living","MCLENNAN","4308 N 19TH ST","WACO","TX","76708","(254) 752-1008","(830) 629-4884","16","","","","","","","","true","31.5845","-97.1771","97","tx-hhsc-assisted-living","Texas HHSC Assisted Living Facilities","https://services1.arcgis.com/jI1j5lArZnrgFYSc/ArcGIS/rest/services/Assisted_Living/FeatureServer/0","Texas Health and Human Services Commission"
"tx-hhsc-assisted-living:000349","BROOKDALE LAKESHORE","000349","assisted_living","Assisted Living","MCLENNAN","1700 LAKESHORE DRIVE","WACO","TX","76708","(254) 754-7900","(254) 754-1047","50","","","","","","","","true","31.5919","-97.1826","97.4","tx-hhsc-assisted-living","Texas HHSC Assisted Living Facilities","https://services1.arcgis.com/jI1j5lArZnrgFYSc/ArcGIS/rest/services/Assisted_Living/FeatureServer/0","Texas Health and Human Services Commission"
"tx-hhsc-assisted-living:000436","TIMMY MOORE PERSONAL CARE HOME","000436","assisted_living","Assisted Living","MCLENNAN","1112 ROSE ST","WACO","TX","76704","(254) 752-9115","(254) 755-6917","8","","","","","","","","true","31.575","-97.1296","97.4","tx-hhsc-assisted-living","Texas HHSC Assisted Living Facilities","https://services1.arcgis.com/jI1j5lArZnrgFYSc/ArcGIS/rest/services/Assisted_Living/FeatureServer/0","Texas Health and Human Services Commission"
"tx-hhsc-assisted-living:000578","CHAPA RESIDENTIAL CARE HOME LLC","000578","assisted_living","Assisted Living","MEDINA","216 WEST C R 5719","DEVINE","TX","78016","(830) 709-4420","(830) 709-5038","14","","","","","","","","true","29.2532","-98.8751","97.6","tx-hhsc-assisted-living","Texas HHSC Assisted Living Facilities","https://services1.arcgis.com/jI1j5lArZnrgFYSc/ArcGIS/rest/services/Assisted_Living/FeatureServer/0","Texas Health and Human Services Commission"
"tx-hhsc-assisted-living:000379","BROOKDALE LAKE BRAZOS","000379","assisted_living","Assisted Living","MCLENNAN","3801 MARTIN LUTHER KING JR BLVD","WACO","TX","76708","(254) 714-2222","(254) 752-7952","101","","","","","","","","true","31.5929","-97.1518","98.1","tx-hhsc-assisted-living","Texas HHSC Assisted Living Facilities","https://services1.arcgis.com/jI1j5lArZnrgFYSc/ArcGIS/rest/services/Assisted_Living/FeatureServer/0","Texas Health and Human Services Commission"
"tx-hhsc-assisted-living:050122","PLEASANTON ASSISTED LIVING","050122","assisted_living","Assisted Living","ATASCOSA","2920 2ND ST","PLEASANTON","TX","78064","(830) 569-1851","(830) 792-6965","12","","","","","","","","true","28.9953","-98.478","98.3","tx-hhsc-assisted-living","Texas HHSC Assisted Living Facilities","https://services1.arcgis.com/jI1j5lArZnrgFYSc/ArcGIS/rest/services/Assisted_Living/FeatureServer/0","Texas Health and Human Services Commission"
"tx-hhsc-assisted-living:104330","SEASONS ASSISTED LIVING NAVASOTA","104330","assisted_living","Assisted Living","GRIMES","1103 WATER STREET","NAVASOTA","TX","77868","(936) 825-2237","(936) 249-6486","14","","","","","","","","true","30.3947","-96.082","99.5","tx-hhsc-assisted-living","Texas HHSC Assisted Living Facilities","https://services1.arcgis.com/jI1j5lArZnrgFYSc/ArcGIS/rest/services/Assisted_Living/FeatureServer/0","Texas Health and Human Services Commission"
"tx-hhsc-assisted-living:105925","VERANDA HOUSE ASSISTED LIVING  SEALY","105925","assisted_living","Assisted Living","AUSTIN","526 FIFTH ST","SEALY","TX","77474","(979) 627-7225","(281) 310-8689","14","","","","","","","","true","29.7781","-96.1601","100.5","tx-hhsc-assisted-living","Texas HHSC Assisted Living Facilities","https://services1.arcgis.com/jI1j5lArZnrgFYSc/ArcGIS/rest/services/Assisted_Living/FeatureServer/0","Texas Health and Human Services Commission"
"tx-hhsc-assisted-living:110099","BRAZOS CROSSING ASSISTED LIVING","110099","assisted_living","Assisted Living","AUSTIN","526 WARD ST","SEALY","TX","77474","(979) 627-9333","(979) 627-9332","59","","","","","","","","true","29.7776","-96.16","100.6","tx-hhsc-assisted-living","Texas HHSC Assisted Living Facilities","https://services1.arcgis.com/jI1j5lArZnrgFYSc/ArcGIS/rest/services/Assisted_Living/FeatureServer/0","Texas Health and Human Services Commission"
"tx-hhsc-assisted-living:030210","FOCUSED CARE AT HAMILTON","030210","assisted_living","Assisted Living","HAMILTON","1315 E STATE HWY 22","HAMILTON","TX","76531","(254) 386-3171","(254) 386-8261","26","","","","","","","","true","31.7043","-98.0914","101.4","tx-hhsc-assisted-living","Texas HHSC Assisted Living Facilities","https://services1.arcgis.com/jI1j5lArZnrgFYSc/ArcGIS/rest/services/Assisted_Living/FeatureServer/0","Texas Health and Human Services Commission"
"tx-hhsc-assisted-living:050475","RALPH AND LEONOR GARZA RESIDENT CARE HOME","050475","assisted_living","Assisted Living","MEDINA","265 COUNTY RD 6611","DEVINE","TX","78016","(830) 665-2559","(830) 665-2846","16","","","","","","","","true","29.1798","-98.8931","102","tx-hhsc-assisted-living","Texas HHSC Assisted Living Facilities","https://services1.arcgis.com/jI1j5lArZnrgFYSc/ArcGIS/rest/services/Assisted_Living/FeatureServer/0","Texas Health and Human Services Commission"
"tx-hhsc-assisted-living:000599","CRUZ PERSONAL CARE HOME","000599","assisted_living","Assisted Living","MEDINA","730 COUNTY ROAD 664","DEVINE","TX","78016","(830) 665-4801","(830) 665-4801","14","","","","","","","","true","29.1875","-98.9067","102.2","tx-hhsc-assisted-living","Texas HHSC Assisted Living Facilities","https://services1.arcgis.com/jI1j5lArZnrgFYSc/ArcGIS/rest/services/Assisted_Living/FeatureServer/0","Texas Health and Human Services Commission"
"tx-hhsc-assisted-living:000602","RAMIREZ PERSONAL CARE HOME I","000602","assisted_living","Assisted Living","MEDINA","1024 CR 664","DEVINE","TX","78016","(830) 665-5829","(830) 665-5829","8","","","","","","","","true","29.1874","-98.9162","102.6","tx-hhsc-assisted-living","Texas HHSC Assisted Living Facilities","https://services1.arcgis.com/jI1j5lArZnrgFYSc/ArcGIS/rest/services/Assisted_Living/FeatureServer/0","Texas Health and Human Services Commission"
"tx-hhsc-assisted-living:000615","RAMIREZ PERSONAL CARE HOME I I","000615","assisted_living","Assisted Living","MEDINA","1024 CR 664","DEVINE","TX","78016","(830) 665-5829","(830) 665-5829","12","","","","","","","","true","29.1874","-98.9162","102.6","tx-hhsc-assisted-living","Texas HHSC Assisted Living Facilities","https://services1.arcgis.com/jI1j5lArZnrgFYSc/ArcGIS/rest/services/Assisted_Living/FeatureServer/0","Texas Health and Human Services Commission"
"tx-hhsc-assisted-living:000867","WILLOW RIVER FARMS","000867","assisted_living","Assisted Living","WALLER","4073 FM 3318","BROOKSHIRE","TX","77423","(713) 525-8302","(713) 525-8363","53","","","","","","","","true","29.8325","-96.092","103.2","tx-hhsc-assisted-living","Texas HHSC Assisted Living Facilities","https://services1.arcgis.com/jI1j5lArZnrgFYSc/ArcGIS/rest/services/Assisted_Living/FeatureServer/0","Texas Health and Human Services Commission"
"tx-hhsc-assisted-living:102169","ARGENT COURT ATASCOSA COUNTY","102169","assisted_living","Assisted Living","ATASCOSA","1951 HWY 97 E","JOURDANTON","TX","78026","(830) 769-9797","","57","","","","","","","","true","28.9342","-98.523","103.3","tx-hhsc-assisted-living","Texas HHSC Assisted Living Facilities","https://services1.arcgis.com/jI1j5lArZnrgFYSc/ArcGIS/rest/services/Assisted_Living/FeatureServer/0","Texas Health and Human Services Commission"
"tx-hhsc-assisted-living:000689","DONNA BERRY COMMUNITY HOME","000689","assisted_living","Assisted Living","MCLENNAN","514 CONCORN WAY","WACO","TX","76705","(254) 799-1849","","10","","","","","","","","true","31.6512","-97.0506","104.1","tx-hhsc-assisted-living","Texas HHSC Assisted Living Facilities","https://services1.arcgis.com/jI1j5lArZnrgFYSc/ArcGIS/rest/services/Assisted_Living/FeatureServer/0","Texas Health and Human Services Commission"
"tx-hhsc-assisted-living:050639","BRENDA'S DEVINE HERITAGE DBA BRENDAS RESIDENTIAL ASSISTED LIVING","050639","assisted_living","Assisted Living","MEDINA","309 BRISCOE AVE","DEVINE","TX","78016","(210) 387-7515","(830) 665-2033","8","","","","","","","","true","29.1395","-98.9033","104.5","tx-hhsc-assisted-living","Texas HHSC Assisted Living Facilities","https://services1.arcgis.com/jI1j5lArZnrgFYSc/ArcGIS/rest/services/Assisted_Living/FeatureServer/0","Texas Health and Human Services Commission"
"tx-hhsc-assisted-living:100900","DEVINE ASSISTED LIVING","100900","assisted_living","Assisted Living","MEDINA","405 E HONDO","DEVINE","TX","78016","(210) 387-7515","(830) 665-2033","8","","","","","","","","true","29.1388","-98.9027","104.5","tx-hhsc-assisted-living","Texas HHSC Assisted Living Facilities","https://services1.arcgis.com/jI1j5lArZnrgFYSc/ArcGIS/rest/services/Assisted_Living/FeatureServer/0","Texas Health and Human Services Commission"
"tx-hhsc-assisted-living:000413","STERLING RESIDENTIAL CARE","000413","assisted_living","Assisted Living","MEDINA","307 BRISCOE AVE","DEVINE","TX","78016","(830) 665-2000","(210) 670-0962","50","","","","","","","","true","29.1398","-98.9029","104.5","tx-hhsc-assisted-living","Texas HHSC Assisted Living Facilities","https://services1.arcgis.com/jI1j5lArZnrgFYSc/ArcGIS/rest/services/Assisted_Living/FeatureServer/0","Texas Health and Human Services Commission"
"tx-hhsc-assisted-living:103643","COLLEGE HILL ASSISTED LIVING","103643","assisted_living","Assisted Living","BOSQUE","1700 W 9TH ST","CLIFTON","TX","76634","(254) 675-8637","(254) 675-3044","32","","","","","","","","true","31.7761","-97.5866","104.7","tx-hhsc-assisted-living","Texas HHSC Assisted Living Facilities","https://services1.arcgis.com/jI1j5lArZnrgFYSc/ArcGIS/rest/services/Assisted_Living/FeatureServer/0","Texas Health and Human Services Commission"
"tx-hhsc-assisted-living:000403","CONNIES ASSISTED LIVING HOME OF BEN HUR","000403","assisted_living","Assisted Living","LIMESTONE","980 FM 339 S","GROESBECK","TX","76642","(254) 789-2296","(254) 789-2001","7","","","","","","","","true","31.5167","-96.7323","105.1","tx-hhsc-assisted-living","Texas HHSC Assisted Living Facilities","https://services1.arcgis.com/jI1j5lArZnrgFYSc/ArcGIS/rest/services/Assisted_Living/FeatureServer/0","Texas Health and Human Services Commission"
"tx-hhsc-assisted-living:102979","MORADA VICTORIA","102979","assisted_living","Assisted Living","VICTORIA","9606B NE ZAC LETZ PKWY","VICTORIA","TX","77904","(361) 582-2100","NA","25","","","","","","","","true","28.8758","-97.0046","105.9","tx-hhsc-assisted-living","Texas HHSC Assisted Living Facilities","https://services1.arcgis.com/jI1j5lArZnrgFYSc/ArcGIS/rest/services/Assisted_Living/FeatureServer/0","Texas Health and Human Services Commission"
"tx-hhsc-assisted-living:000789","MORADA VICTORIA","000789","assisted_living","Assisted Living","VICTORIA","9606 NE ZAC LENTZ PKWY","VICTORIA","TX","77904","(361) 582-2100","NA","30","","","","","","","","true","28.8619","-97.0194","106.4","tx-hhsc-assisted-living","Texas HHSC Assisted Living Facilities","https://services1.arcgis.com/jI1j5lArZnrgFYSc/ArcGIS/rest/services/Assisted_Living/FeatureServer/0","Texas Health and Human Services Commission"
"tx-hhsc-assisted-living:000334","SODALIS VICTORIA ASSISTED LIVING","000334","assisted_living","Assisted Living","VICTORIA","411 E. LARKSPUR STREET","VICTORIA","TX","77904","(361) 576-0444","(361) 576-2551","99","","","","","","","","true","28.8733","-96.9895","106.4","tx-hhsc-assisted-living","Texas HHSC Assisted Living Facilities","https://services1.arcgis.com/jI1j5lArZnrgFYSc/ArcGIS/rest/services/Assisted_Living/FeatureServer/0","Texas Health and Human Services Commission"
"tx-hhsc-assisted-living:000422","HOLLISTERS ASSISTED LIVING HOME","000422","assisted_living","Assisted Living","MCLENNAN","1579 LCR 310","MART","TX","76664","(254) 344-2217","(254) 344-2217","8","","","","","","","","true","31.6099","-96.8215","107.7","tx-hhsc-assisted-living","Texas HHSC Assisted Living Facilities","https://services1.arcgis.com/jI1j5lArZnrgFYSc/ArcGIS/rest/services/Assisted_Living/FeatureServer/0","Texas Health and Human Services Commission"
"tx-hhsc-assisted-living:105046","MERCY HOUSE","105046","assisted_living","Assisted Living","VICTORIA","4409 JOHN STOCKBAUER DR","VICTORIA","TX","77904","(361) 580-3151","","16","","","","","","","","true","28.8532","-96.984","107.8","tx-hhsc-assisted-living","Texas HHSC Assisted Living Facilities","https://services1.arcgis.com/jI1j5lArZnrgFYSc/ArcGIS/rest/services/Assisted_Living/FeatureServer/0","Texas Health and Human Services Commission"
"tx-hhsc-assisted-living:101060","MERCY HOUSE","101060","assisted_living","Assisted Living","VICTORIA","4409 JOHN STOCKBAUER DR","VICTORIA","TX","77904","(361) 580-3151","(361) 580-1201","16","","","","","","","","true","28.8533","-96.9827","107.9","tx-hhsc-assisted-living","Texas HHSC Assisted Living Facilities","https://services1.arcgis.com/jI1j5lArZnrgFYSc/ArcGIS/rest/services/Assisted_Living/FeatureServer/0","Texas Health and Human Services Commission"
"tx-hhsc-assisted-living:000550","VINCENT PERSONAL CARE HOME","000550","assisted_living","Assisted Living","LIMESTONE","458 LCR 635","GROESBECK","TX","76642","(254) 729-3157","","10","","","","","","","","true","31.4886","-96.5817","108.9","tx-hhsc-assisted-living","Texas HHSC Assisted Living Facilities","https://services1.arcgis.com/jI1j5lArZnrgFYSc/ArcGIS/rest/services/Assisted_Living/FeatureServer/0","Texas Health and Human Services Commission"
"tx-hhsc-assisted-living:110398","SILVER SERENITY ASSISTED LIVING LLC","110398","assisted_living","Assisted Living","VICTORIA","3414 OLD GOLIAD RD.","VICTORIA","TX","77905","(361) 579-0784","(361) 579-0785","16","","","","","","","","true","28.7885","-97.0979","109.3","tx-hhsc-assisted-living","Texas HHSC Assisted Living Facilities","https://services1.arcgis.com/jI1j5lArZnrgFYSc/ArcGIS/rest/services/Assisted_Living/FeatureServer/0","Texas Health and Human Services Commission"
"tx-hhsc-assisted-living:106070","VITALITY COURT AT VICTORIA","106070","assisted_living","Assisted Living","VICTORIA","1303 N JOHN STOCKBAUER DR","VICTORIA","TX","77904","(361) 500-6651","(361) 574-1043","109","","","","","","","","true","28.8338","-96.9604","109.6","tx-hhsc-assisted-living","Texas HHSC Assisted Living Facilities","https://services1.arcgis.com/jI1j5lArZnrgFYSc/ArcGIS/rest/services/Assisted_Living/FeatureServer/0","Texas Health and Human Services Commission"
"tx-hhsc-assisted-living:030178","GROW IN GRACE OF EDNA","030178","assisted_living","Assisted Living","JACKSON","309 S. PUMPHREY","EDNA","TX","77957","(361) 782-3540","(361) 782-0882","12","","","","","","","","true","28.9709","-96.651","111","tx-hhsc-assisted-living","Texas HHSC Assisted Living Facilities","https://services1.arcgis.com/jI1j5lArZnrgFYSc/ArcGIS/rest/services/Assisted_Living/FeatureServer/0","Texas Health and Human Services Commission"
"tx-hhsc-assisted-living:100784","ANDERSON HOME","100784","assisted_living","Assisted Living","WALLER","1752 FM 1489","BROOKSHIRE","TX","77423","(281) 375-2100","(281) 375-2160","10","","","","","","","","true","29.762","-95.9772","111.3","tx-hhsc-assisted-living","Texas HHSC Assisted Living Facilities","https://services1.arcgis.com/jI1j5lArZnrgFYSc/ArcGIS/rest/services/Assisted_Living/FeatureServer/0","Texas Health and Human Services Commission"
"tx-hhsc-assisted-living:100782","DEREK HOME","100782","assisted_living","Assisted Living","WALLER","1752 FM 1489","BROOKSHIRE","TX","77423","(281) 375-2100","(281) 375-2160","12","","","","","","","","true","29.762","-95.9772","111.3","tx-hhsc-assisted-living","Texas HHSC Assisted Living Facilities","https://services1.arcgis.com/jI1j5lArZnrgFYSc/ArcGIS/rest/services/Assisted_Living/FeatureServer/0","Texas Health and Human Services Commission"
"tx-hhsc-assisted-living:100783","FOLLETT HOME","100783","assisted_living","Assisted Living","WALLER","1752 FM 1489","BROOKSHIRE","TX","77423","(281) 375-2100","(281) 375-2160","12","","","","","","","","true","29.762","-95.9772","111.3","tx-hhsc-assisted-living","Texas HHSC Assisted Living Facilities","https://services1.arcgis.com/jI1j5lArZnrgFYSc/ArcGIS/rest/services/Assisted_Living/FeatureServer/0","Texas Health and Human Services Commission"
"tx-hhsc-assisted-living:100786","JAMAIL HOME","100786","assisted_living","Assisted Living","WALLER","1752 FM 1489","BROOKSHIRE","TX","77423","(281) 375-2100","(281) 375-2160","12","","","","","","","","true","29.762","-95.9772","111.3","tx-hhsc-assisted-living","Texas HHSC Assisted Living Facilities","https://services1.arcgis.com/jI1j5lArZnrgFYSc/ArcGIS/rest/services/Assisted_Living/FeatureServer/0","Texas Health and Human Services Commission"
"tx-hhsc-assisted-living:100780","KILROY HOME","100780","assisted_living","Assisted Living","WALLER","1752 FM 1489","BROOKSHIRE","TX","77423","(281) 375-2100","(281) 375-2160","8","","","","","","","","true","29.762","-95.9772","111.3","tx-hhsc-assisted-living","Texas HHSC Assisted Living Facilities","https://services1.arcgis.com/jI1j5lArZnrgFYSc/ArcGIS/rest/services/Assisted_Living/FeatureServer/0","Texas Health and Human Services Commission"
"tx-hhsc-assisted-living:100781","MEADOWS HOME","100781","assisted_living","Assisted Living","WALLER","1752 FM 1489","BROOKSHIRE","TX","77423","(281) 375-2100","(281) 375-2160","10","","","","","","","","true","29.762","-95.9772","111.3","tx-hhsc-assisted-living","Texas HHSC Assisted Living Facilities","https://services1.arcgis.com/jI1j5lArZnrgFYSc/ArcGIS/rest/services/Assisted_Living/FeatureServer/0","Texas Health and Human Services Commission"
"tx-hhsc-assisted-living:110663","ROSENTHAL HOME","110663","assisted_living","Assisted Living","WALLER","1752 FM 1489","BROOKSHIRE","TX","77423","","(281) 375-2160","13","","","","","","","","true","29.762","-95.9772","111.3","tx-hhsc-assisted-living","Texas HHSC Assisted Living Facilities","https://services1.arcgis.com/jI1j5lArZnrgFYSc/ArcGIS/rest/services/Assisted_Living/FeatureServer/0","Texas Health and Human Services Commission"
"tx-hhsc-assisted-living:050035","THE INN","050035","assisted_living","Assisted Living","WALLER","1752 FM 1489","BROOKSHIRE","TX","77423","(281) 375-2100","(281) 375-2160","34","","","","","","","","true","29.762","-95.9772","111.3","tx-hhsc-assisted-living","Texas HHSC Assisted Living Facilities","https://services1.arcgis.com/jI1j5lArZnrgFYSc/ArcGIS/rest/services/Assisted_Living/FeatureServer/0","Texas Health and Human Services Commission"
"tx-hhsc-assisted-living:110668","TUCKER HOME","110668","assisted_living","Assisted Living","WALLER","1752 FM 1489","BROOKSHIRE","TX","77423","","(281) 375-2160","13","","","","","","","","true","29.762","-95.9772","111.3","tx-hhsc-assisted-living","Texas HHSC Assisted Living Facilities","https://services1.arcgis.com/jI1j5lArZnrgFYSc/ArcGIS/rest/services/Assisted_Living/FeatureServer/0","Texas Health and Human Services Commission"
"tx-hhsc-assisted-living:100785","TUTTLE HOME","100785","assisted_living","Assisted Living","WALLER","1752 FM 1489","BROOKSHIRE","TX","77423","(281) 375-2100","(281) 375-2160","12","","","","","","","","true","29.762","-95.9772","111.3","tx-hhsc-assisted-living","Texas HHSC Assisted Living Facilities","https://services1.arcgis.com/jI1j5lArZnrgFYSc/ArcGIS/rest/services/Assisted_Living/FeatureServer/0","Texas Health and Human Services Commission"
"tx-hhsc-assisted-living:104848","WEEKLEY HOME","104848","assisted_living","Assisted Living","WALLER","1752 FM 1489","BROOKSHIRE","TX","77423","(281) 375-2100","(281) 375-2160","4","","","","","","","","true","29.762","-95.9772","111.3","tx-hhsc-assisted-living","Texas HHSC Assisted Living Facilities","https://services1.arcgis.com/jI1j5lArZnrgFYSc/ArcGIS/rest/services/Assisted_Living/FeatureServer/0","Texas Health and Human Services Commission"
"tx-hhsc-assisted-living:000716","COUNTRY VIEW CARE CENTER","000716","assisted_living","Assisted Living","FRIO","1060 NW FM 462","MOORE","TX","78057","(830) 665-6068","(830) 665-6068","16","","","","","","","","true","29.0556","-98.9889","112.3","tx-hhsc-assisted-living","Texas HHSC Assisted Living Facilities","https://services1.arcgis.com/jI1j5lArZnrgFYSc/ArcGIS/rest/services/Assisted_Living/FeatureServer/0","Texas Health and Human Services Commission"
"tx-hhsc-assisted-living:000764","GROW IN GRACE SENIOR LIVING LLC","000764","assisted_living","Assisted Living","JACKSON","105 S. 6TH STREET","GANADO","TX","77962","(361) 771-2228","(361) 782-0882","14","","","","","","","","true","29.0395","-96.5168","112.3","tx-hhsc-assisted-living","Texas HHSC Assisted Living Facilities","https://services1.arcgis.com/jI1j5lArZnrgFYSc/ArcGIS/rest/services/Assisted_Living/FeatureServer/0","Texas Health and Human Services Commission"
"tx-hhsc-assisted-living:030194","MERIDIAN ASSISTED LIVING","030194","assisted_living","Assisted Living","WHARTON","3515 WEST LOOP 2765","EL CAMPO","TX","77437","(979) 541-5488","(979) 541-5115","44","","","","","","","","true","29.1996","-96.2694","115.1","tx-hhsc-assisted-living","Texas HHSC Assisted Living Facilities","https://services1.arcgis.com/jI1j5lArZnrgFYSc/ArcGIS/rest/services/Assisted_Living/FeatureServer/0","Texas Health and Human Services Commission"
"tx-hhsc-assisted-living:107227","OSA HERITAGE HOMES #2","107227","assisted_living","Assisted Living","FORT BEND","2306 LAWNFLOWER","KATY","TX","77494","(832) 392-1786","","9","","","","","","","","true","29.7573","-95.8758","117.1","tx-hhsc-assisted-living","Texas HHSC Assisted Living Facilities","https://services1.arcgis.com/jI1j5lArZnrgFYSc/ArcGIS/rest/services/Assisted_Living/FeatureServer/0","Texas Health and Human Services Commission"
"tx-hhsc-assisted-living:106601","LARRY'S LAKE HOUSE INC","106601","assisted_living","Assisted Living","FORT BEND","3418 COLORADO BEND DR.","KATY","TX","77494","(832) 437-9134","(281) 783-2087","13","","","","","","","","true","29.7395","-95.8714","117.8","tx-hhsc-assisted-living","Texas HHSC Assisted Living Facilities","https://services1.arcgis.com/jI1j5lArZnrgFYSc/ArcGIS/rest/services/Assisted_Living/FeatureServer/0","Texas Health and Human Services Commission"
"tx-hhsc-assisted-living:107232","LARRY'S LAKE HOUSE INC","107232","assisted_living","Assisted Living","FORT BEND","28410 EVERGREEN COVE LANE","FULSHEAR","TX","77441","(832) 437-1653","(281) 783-2087","12","","","","","","","","true","29.7224","-95.8618","118.7","tx-hhsc-assisted-living","Texas HHSC Assisted Living Facilities","https://services1.arcgis.com/jI1j5lArZnrgFYSc/ArcGIS/rest/services/Assisted_Living/FeatureServer/0","Texas Health and Human Services Commission"
"tx-hhsc-assisted-living:106651","TEXAS LOVING CARE SENIOR LIVING LLC","106651","assisted_living","Assisted Living","MADISON","200 N TAMMYE LANE","MADISONVILLE","TX","77864","(936) 662-4010","","16","","","","","","","","true","30.9676","-95.9199","118.7","tx-hhsc-assisted-living","Texas HHSC Assisted Living Facilities","https://services1.arcgis.com/jI1j5lArZnrgFYSc/ArcGIS/rest/services/Assisted_Living/FeatureServer/0","Texas Health and Human Services Commission"
"tx-hhsc-assisted-living:101027","MADISONVILLE ASSISTED LIVING","101027","assisted_living","Assisted Living","MADISON","410 E COLLARD ST","MADISONVILLE","TX","77864","(936) 348-3985","(936) 348-3501","30","","","","","","","","true","30.9536","-95.912","118.8","tx-hhsc-assisted-living","Texas HHSC Assisted Living Facilities","https://services1.arcgis.com/jI1j5lArZnrgFYSc/ArcGIS/rest/services/Assisted_Living/FeatureServer/0","Texas Health and Human Services Commission"
"tx-hhsc-assisted-living:105586","LOVE ON 'EM ASSISTED LIVING","105586","assisted_living","Assisted Living","MONTGOMERY","31805 NICHOLS SAWMILL RD","MAGNOLIA","TX","77355","(832) 521-5614","","16","","","","","","","","true","30.2052","-95.7518","118.9","tx-hhsc-assisted-living","Texas HHSC Assisted Living Facilities","https://services1.arcgis.com/jI1j5lArZnrgFYSc/ArcGIS/rest/services/Assisted_Living/FeatureServer/0","Texas Health and Human Services Commission"
"tx-hhsc-assisted-living:106245","OSA HERITAGE HOMES INC","106245","assisted_living","Assisted Living","FORT BEND","4218 BRANNON BRANCH COURT","FULSHEAR","TX","77441","(832) 392-1786","(832) 437-7341","8","","","","","","","","true","29.7225","-95.8526","119.2","tx-hhsc-assisted-living","Texas HHSC Assisted Living Facilities","https://services1.arcgis.com/jI1j5lArZnrgFYSc/ArcGIS/rest/services/Assisted_Living/FeatureServer/0","Texas Health and Human Services Commission"
"tx-hhsc-assisted-living:000838","SODALIS WHARTON","000838","assisted_living","Assisted Living","WHARTON","1930 BRIAR LN","WHARTON","TX","77488","(979) 532-5800","(979) 532-2322","100","","","","","","","","true","29.3086","-96.0821","119.6","tx-hhsc-assisted-living","Texas HHSC Assisted Living Facilities","https://services1.arcgis.com/jI1j5lArZnrgFYSc/ArcGIS/rest/services/Assisted_Living/FeatureServer/0","Texas Health and Human Services Commission"
"tx-hhsc-assisted-living:105512","WOODCREEK BEND MEMORY CARE I","105512","assisted_living","Assisted Living","FORT BEND","1820 WOOD CREEK BEND LN","KATY","TX","77494","(281) 347-4450","","48","","","","","","","","true","29.7592","-95.8321","119.6","tx-hhsc-assisted-living","Texas HHSC Assisted Living Facilities","https://services1.arcgis.com/jI1j5lArZnrgFYSc/ArcGIS/rest/services/Assisted_Living/FeatureServer/0","Texas Health and Human Services Commission"
"tx-hhsc-assisted-living:000998","HILL COUNTRY ESTATES OF HICO","000998","assisted_living","Assisted Living","HAMILTON","100 S WALNUT","HICO","TX","76457","(254) 796-2582","(254) 796-2151","32","","","","","","","","true","31.9819","-98.0342","119.7","tx-hhsc-assisted-living","Texas HHSC Assisted Living Facilities","https://services1.arcgis.com/jI1j5lArZnrgFYSc/ArcGIS/rest/services/Assisted_Living/FeatureServer/0","Texas Health and Human Services Commission"
"tx-hhsc-assisted-living:105906","CARRIAGE INNKATY II","105906","assisted_living","Assisted Living","FORT BEND","1400-B KATY FLEWELLEN ROAD","KATY","TX","77494","(281) 392-2800","(281) 392-2805","51","","","","","","","","true","29.7701","-95.8194","120.1","tx-hhsc-assisted-living","Texas HHSC Assisted Living Facilities","https://services1.arcgis.com/jI1j5lArZnrgFYSc/ArcGIS/rest/services/Assisted_Living/FeatureServer/0","Texas Health and Human Services Commission"
"tx-hhsc-assisted-living:103976","COUNTRY CLUB RETIREMENT COMMUNITY","103976","assisted_living","Assisted Living","HILL","4773 FM 933 N","WHITNEY","TX","76692","(254) 694-2272","(254) 694-9330","50","","","","","","","","true","31.971","-97.3291","120.2","tx-hhsc-assisted-living","Texas HHSC Assisted Living Facilities","https://services1.arcgis.com/jI1j5lArZnrgFYSc/ArcGIS/rest/services/Assisted_Living/FeatureServer/0","Texas Health and Human Services Commission"
"tx-hhsc-assisted-living:105724","VERANDA HOUSE ASSISTED LIVING  KATY","105724","assisted_living","Assisted Living","HARRIS","5129 E FIFTH ST","KATY","TX","77493","(281) 391-1900","(281) 392-6659","106","","","","","","","","true","29.7894","-95.807","120.4","tx-hhsc-assisted-living","Texas HHSC Assisted Living Facilities","https://services1.arcgis.com/jI1j5lArZnrgFYSc/ArcGIS/rest/services/Assisted_Living/FeatureServer/0","Texas Health and Human Services Commission"
"tx-hhsc-assisted-living:104384","TUSCANY LIVING VILLA","104384","assisted_living","Assisted Living","FORT BEND","28019 NORFOLK TRAIL LANE","KATY","TX","77494","(832) 361-4064","(281) 715-5891","12","","","","","","","","true","29.7219","-95.828","120.6","tx-hhsc-assisted-living","Texas HHSC Assisted Living Facilities","https://services1.arcgis.com/jI1j5lArZnrgFYSc/ArcGIS/rest/services/Assisted_Living/FeatureServer/0","Texas Health and Human Services Commission"
"tx-hhsc-assisted-living:000886","SILVER HILLS I","000886","assisted_living","Assisted Living","MONTGOMERY","23164 LANDRUM VILLAGE DR","MONTGOMERY","TX","77316","(936) 597-7377","(936) 597-7426","16","","","","","","","","true","30.3434","-95.7216","120.7","tx-hhsc-assisted-living","Texas HHSC Assisted Living Facilities","https://services1.arcgis.com/jI1j5lArZnrgFYSc/ArcGIS/rest/services/Assisted_Living/FeatureServer/0","Texas Health and Human Services Commission"
"tx-hhsc-assisted-living:103298","SILVER HILLS III","103298","assisted_living","Assisted Living","MONTGOMERY","23188 LANDRUM VILLAGE DR","MONTGOMERY","TX","77316","936 4496717","(936) 597-7426","16","","","","","","","","true","30.3427","-95.7219","120.7","tx-hhsc-assisted-living","Texas HHSC Assisted Living Facilities","https://services1.arcgis.com/jI1j5lArZnrgFYSc/ArcGIS/rest/services/Assisted_Living/FeatureServer/0","Texas Health and Human Services Commission"
"tx-hhsc-assisted-living:106644","SUMMERS COTTAGE ASSISTED LIVING FACILITY","106644","assisted_living","Assisted Living","FORT BEND","25120 LAKEVIEW ROAD","KATY","TX","77494","(281) 574-5055","(713) 583-1287","16","","","","","","","","true","29.7595","-95.8115","120.8","tx-hhsc-assisted-living","Texas HHSC Assisted Living Facilities","https://services1.arcgis.com/jI1j5lArZnrgFYSc/ArcGIS/rest/services/Assisted_Living/FeatureServer/0","Texas Health and Human Services Commission"
"tx-hhsc-assisted-living:103706","THE VILLA AT SAVORY SPRINGS LLC","103706","assisted_living","Assisted Living","FORT BEND","26102 SAVORY SPRINGS LN","KATY","TX","77494","(832) 437-0703","(281) 347-2963","10","","","","","","","","true","29.7019","-95.8295","121","tx-hhsc-assisted-living","Texas HHSC Assisted Living Facilities","https://services1.arcgis.com/jI1j5lArZnrgFYSc/ArcGIS/rest/services/Assisted_Living/FeatureServer/0","Texas Health and Human Services Commission"
"tx-hhsc-assisted-living:106066","CAYDANCE ASSISTED LIVING","106066","assisted_living","Assisted Living","HARRIS","24802 KINGSLAND BLVD.","KATY","TX","77494","(281) 371-3000","","135","","","","","","","","true","29.775","-95.7992","121.2","tx-hhsc-assisted-living","Texas HHSC Assisted Living Facilities","https://services1.arcgis.com/jI1j5lArZnrgFYSc/ArcGIS/rest/services/Assisted_Living/FeatureServer/0","Texas Health and Human Services Commission"
"tx-hhsc-assisted-living:107203","VIBRALIFE OF KATY SENIOR LIVING","107203","assisted_living","Assisted Living","HARRIS","1222 PARK WEST GREEN DRIVE","KATY","TX","77493","(346) 762-6300","(346) 762-6301","34","","","","","","","","true","29.7887","-95.7925","121.3","tx-hhsc-assisted-living","Texas HHSC Assisted Living Facilities","https://services1.arcgis.com/jI1j5lArZnrgFYSc/ArcGIS/rest/services/Assisted_Living/FeatureServer/0","Texas Health and Human Services Commission"
"tx-hhsc-assisted-living:104032","THE CHATFIELD ASSISTED LIVING","104032","assisted_living","Assisted Living","BROWN","1605 CALVERT ROAD","BROWNWOOD","TX","76804","(325) 200-4904","(325) 200-4905","60","","","","","","","","true","31.6774","-98.9722","121.6","tx-hhsc-assisted-living","Texas HHSC Assisted Living Facilities","https://services1.arcgis.com/jI1j5lArZnrgFYSc/ArcGIS/rest/services/Assisted_Living/FeatureServer/0","Texas Health and Human Services Commission"
"tx-hhsc-assisted-living:104190","2635 SADDLEHORN TRAIL, LLC DBA ALWAYS HOME AT SADDLEHORN","104190","assisted_living","Assisted Living","FORT BEND","2635 SADDLEHORN TRAIL","KATY","TX","77494","(713) 471-3723","(832) 437-5892","16","","","","","","","","true","29.7588","-95.796","121.7","tx-hhsc-assisted-living","Texas HHSC Assisted Living Facilities","https://services1.arcgis.com/jI1j5lArZnrgFYSc/ArcGIS/rest/services/Assisted_Living/FeatureServer/0","Texas Health and Human Services Commission"
"tx-hhsc-assisted-living:102961","THE VILLA AT WILLOW COLONY LLC","102961","assisted_living","Assisted Living","FORT BEND","26110 WILLOW COLONY LN","KATY","TX","77494","(281) 395-8728","(281) 395-6326","12","","","","","","","","true","29.7283","-95.8062","121.7","tx-hhsc-assisted-living","Texas HHSC Assisted Living Facilities","https://services1.arcgis.com/jI1j5lArZnrgFYSc/ArcGIS/rest/services/Assisted_Living/FeatureServer/0","Texas Health and Human Services Commission"
"tx-hhsc-assisted-living:106069","LEGACY AT FALCON POINT","106069","assisted_living","Assisted Living","HARRIS","1520 KATY GAP ROAD","KATY","TX","77494","(281) 394-0628","(281) 769-1164","75","","","","","","","","true","29.7691","-95.7867","122","tx-hhsc-assisted-living","Texas HHSC Assisted Living Facilities","https://services1.arcgis.com/jI1j5lArZnrgFYSc/ArcGIS/rest/services/Assisted_Living/FeatureServer/0","Texas Health and Human Services Commission"
"tx-hhsc-assisted-living:110384","VIVID LIFE RESIDENTIAL CARE","110384","assisted_living","Assisted Living","FORT BEND","10302 W HIDDEN LAKE LANE","RICHMOND","TX","77406","(713) 543-8774","","16","","","","","","","","true","29.675","-95.8236","122","tx-hhsc-assisted-living","Texas HHSC Assisted Living Facilities","https://services1.arcgis.com/jI1j5lArZnrgFYSc/ArcGIS/rest/services/Assisted_Living/FeatureServer/0","Texas Health and Human Services Commission"
"tx-hhsc-assisted-living:030226","ALDERSGATE ENRICHMENT CENTER INC","030226","assisted_living","Assisted Living","BROWN","254 TOD BISHOP TRAIL","EARLY","TX","76802","(325) 646-5608","(325) 643-6333","9","","","","","","","","true","31.7281","-98.9018","122.1","tx-hhsc-assisted-living","Texas HHSC Assisted Living Facilities","https://services1.arcgis.com/jI1j5lArZnrgFYSc/ArcGIS/rest/services/Assisted_Living/FeatureServer/0","Texas Health and Human Services Commission"
"tx-hhsc-assisted-living:110555","AFFECTIONATE CARE ASSISTED LIVING & MEMORY CARE HOME","110555","assisted_living","Assisted Living","FORT BEND","25155 FULSHEAR GASTON RD","RICHMOND","TX","77406","(832) 487-8600","","40","","","","","","","","true","29.6856","-95.8141","122.2","tx-hhsc-assisted-living","Texas HHSC Assisted Living Facilities","https://services1.arcgis.com/jI1j5lArZnrgFYSc/ArcGIS/rest/services/Assisted_Living/FeatureServer/0","Texas Health and Human Services Commission"
"tx-hhsc-assisted-living:000312","REDSTONE PARK","000312","assisted_living","Assisted Living","BROWN","2410 SONGBIRD CIR","BROWNWOOD","TX","76801","(325) 643-9056","(325) 643-9055","70","","","","","","","","true","31.6813","-98.9922","122.6","tx-hhsc-assisted-living","Texas HHSC Assisted Living Facilities","https://services1.arcgis.com/jI1j5lArZnrgFYSc/ArcGIS/rest/services/Assisted_Living/FeatureServer/0","Texas Health and Human Services Commission"
"tx-hhsc-assisted-living:105445","EVERGREEN COTTAGES","105445","assisted_living","Assisted Living","HARRIS","21715 BRIDGEWATER VILLAGE DR","KATY","TX","77449","(832) 321-5957","(832) 321-3099","16","","","","","","","","true","29.8278","-95.7538","122.8","tx-hhsc-assisted-living","Texas HHSC Assisted Living Facilities","https://services1.arcgis.com/jI1j5lArZnrgFYSc/ArcGIS/rest/services/Assisted_Living/FeatureServer/0","Texas Health and Human Services Commission"
"tx-hhsc-assisted-living:105776","WILLOW FORK ALZHEIMER'S SPECIAL CARE CENTER","105776","assisted_living","Assisted Living","FORT BEND","24024 WESTHEIMER PARKWAY","KATY","TX","77494","713 4363941","713 4364159","50","","","","","","","","true","29.7377","-95.7796","123","tx-hhsc-assisted-living","Texas HHSC Assisted Living Facilities","https://services1.arcgis.com/jI1j5lArZnrgFYSc/ArcGIS/rest/services/Assisted_Living/FeatureServer/0","Texas Health and Human Services Commission"
"tx-hhsc-assisted-living:104047","ATRIA CINCO RANCH","104047","assisted_living","Assisted Living","FORT BEND","24001 CINCO VILLAGE CENTER BLVD","KATY","TX","77494","(281) 395-9600","(281) 395-0745","78","","","","","","","","true","29.7391","-95.7785","123.1","tx-hhsc-assisted-living","Texas HHSC Assisted Living Facilities","https://services1.arcgis.com/jI1j5lArZnrgFYSc/ArcGIS/rest/services/Assisted_Living/FeatureServer/0","Texas Health and Human Services Commission"
"tx-hhsc-assisted-living:110691","SILVERCREST VILLAGES ROCKEFELLER","110691","assisted_living","Assisted Living","HARRIS","7010 SETTLERS VILLAGE DRIVE","KATY","TX","77449","(281) 305-8878","","16","","","","","","","","true","29.8784","-95.7317","123.2","tx-hhsc-assisted-living","Texas HHSC Assisted Living Facilities","https://services1.arcgis.com/jI1j5lArZnrgFYSc/ArcGIS/rest/services/Assisted_Living/FeatureServer/0","Texas Health and Human Services Commission"
"tx-hhsc-assisted-living:110697","SILVERCREST VILLAGES SOUTHGATE","110697","assisted_living","Assisted Living","HARRIS","7002 SETTLERS VILLAGE DRIVE","KATY","TX","77449","281 7519811","","16","","","","","","","","true","29.8783","-95.7317","123.2","tx-hhsc-assisted-living","Texas HHSC Assisted Living Facilities","https://services1.arcgis.com/jI1j5lArZnrgFYSc/ArcGIS/rest/services/Assisted_Living/FeatureServer/0","Texas Health and Human Services Commission"
"tx-hhsc-assisted-living:110545","GOLDEN RULE CARE LLC","110545","assisted_living","Assisted Living","MONTGOMERY","19119 GRANDVIEW POINT","MONTGOMERY","TX","77356","(936) 242-2782","(936) 788-2221","6","","","","","","","","true","30.3981","-95.6788","123.4","tx-hhsc-assisted-living","Texas HHSC Assisted Living Facilities","https://services1.arcgis.com/jI1j5lArZnrgFYSc/ArcGIS/rest/services/Assisted_Living/FeatureServer/0","Texas Health and Human Services Commission"
"tx-hhsc-assisted-living:106235","BETHEL PLACE","106235","assisted_living","Assisted Living","FORT BEND","23330 ALLISTER COURT","KATY","TX","77494","(713) 562-5363","(281) 762-7716","10","","","","","","","","true","29.7387","-95.7718","123.5","tx-hhsc-assisted-living","Texas HHSC Assisted Living Facilities","https://services1.arcgis.com/jI1j5lArZnrgFYSc/ArcGIS/rest/services/Assisted_Living/FeatureServer/0","Texas Health and Human Services Commission"
"tx-hhsc-assisted-living:102913","ALDERSGATE ENRICHMENT CENTER INC","102913","assisted_living","Assisted Living","BROWN","5001 HWY 183/84 E","EARLY","TX","76802","(325) 646-5608","(325) 643-6333","14","","","","","","","","true","31.7413","-98.9248","123.6","tx-hhsc-assisted-living","Texas HHSC Assisted Living Facilities","https://services1.arcgis.com/jI1j5lArZnrgFYSc/ArcGIS/rest/services/Assisted_Living/FeatureServer/0","Texas Health and Human Services Commission"
"tx-hhsc-assisted-living:104045","STAGECOACH SENIOR LIVING","104045","assisted_living","Assisted Living","MONTGOMERY","13715 STAGECOACH RD","MAGNOLIA","TX","77355","(281) 259-8979","(832) 934-0172","16","","","","","","","","true","30.1386","-95.6789","123.6","tx-hhsc-assisted-living","Texas HHSC Assisted Living Facilities","https://services1.arcgis.com/jI1j5lArZnrgFYSc/ArcGIS/rest/services/Assisted_Living/FeatureServer/0","Texas Health and Human Services Commission"
"tx-hhsc-assisted-living:105320","LIVE OAK SENIOR CARE ON LAKE CONROE","105320","assisted_living","Assisted Living","MONTGOMERY","115 LONE STAR BEND","MONTGOMERY","TX","77356","(936) 597-4140","(936) 597-3653","48","","","","","","","","true","30.3948","-95.6747","123.7","tx-hhsc-assisted-living","Texas HHSC Assisted Living Facilities","https://services1.arcgis.com/jI1j5lArZnrgFYSc/ArcGIS/rest/services/Assisted_Living/FeatureServer/0","Texas Health and Human Services Commission"
"tx-hhsc-assisted-living:107162","VALIENTE SENIOR LIVING","107162","assisted_living","Assisted Living","MONTGOMERY","33417 PINEHURST LOOP","MAGNOLIA","TX","77355","(832) 287-9681","","16","","","","","","","","true","30.1384","-95.6749","123.8","tx-hhsc-assisted-living","Texas HHSC Assisted Living Facilities","https://services1.arcgis.com/jI1j5lArZnrgFYSc/ArcGIS/rest/services/Assisted_Living/FeatureServer/0","Texas Health and Human Services Commission"
"tx-hhsc-assisted-living:103010","COLONIAL OAKS AT KATY","103010","assisted_living","Assisted Living","HARRIS","21601 PROVINCIAL BLVD","KATY","TX","77450","(281) 578-2222","(281) 578-2420","106","","","","","","","","true","29.7775","-95.7452","124.2","tx-hhsc-assisted-living","Texas HHSC Assisted Living Facilities","https://services1.arcgis.com/jI1j5lArZnrgFYSc/ArcGIS/rest/services/Assisted_Living/FeatureServer/0","Texas Health and Human Services Commission"
"tx-hhsc-assisted-living:110110","EVERGREEN COTTAGES PROVINCIAL  JASMINE COTTAGE","110110","assisted_living","Assisted Living","HARRIS","21609 PROVINCIAL BLVD","KATY","TX","77450","(832) 321-5787","(932) 321-5074","16","","","","","","","","true","29.7782","-95.7448","124.2","tx-hhsc-assisted-living","Texas HHSC Assisted Living Facilities","https://services1.arcgis.com/jI1j5lArZnrgFYSc/ArcGIS/rest/services/Assisted_Living/FeatureServer/0","Texas Health and Human Services Commission"
"tx-hhsc-assisted-living:106826","EVERGREEN COTTAGES PROVINCIAL  MAGNOLIA COTTAGE","106826","assisted_living","Assisted Living","HARRIS","21605 PROVINCIAL BLVD","KATY","TX","77450","(281) 206-7571","(281) 717-8617","16","","","","","","","","true","29.7773","-95.7463","124.2","tx-hhsc-assisted-living","Texas HHSC Assisted Living Facilities","https://services1.arcgis.com/jI1j5lArZnrgFYSc/ArcGIS/rest/services/Assisted_Living/FeatureServer/0","Texas Health and Human Services Commission"
"tx-hhsc-assisted-living:101251","THE WHITESTONE","101251","assisted_living","Assisted Living","COMANCHE","100 ALAMO","COMANCHE","TX","76442","(325) 356-9303","(325) 356-3875","36","","","","","","","","true","31.9143","-98.5888","124.3","tx-hhsc-assisted-living","Texas HHSC Assisted Living Facilities","https://services1.arcgis.com/jI1j5lArZnrgFYSc/ArcGIS/rest/services/Assisted_Living/FeatureServer/0","Texas Health and Human Services Commission"
"tx-hhsc-assisted-living:106681","TOWNE CARE","106681","assisted_living","Assisted Living","HARRIS","9051 GREENHOUSE RD","CYPRESS","TX","77433","(281) 746-3852","","52","","","","","","","","true","29.9091","-95.7042","124.4","tx-hhsc-assisted-living","Texas HHSC Assisted Living Facilities","https://services1.arcgis.com/jI1j5lArZnrgFYSc/ArcGIS/rest/services/Assisted_Living/FeatureServer/0","Texas Health and Human Services Commission"
"tx-hhsc-assisted-living:102768","MEMORY LANE ASSISTED LIVING LLC","102768","assisted_living","Assisted Living","MONTGOMERY","32802 WRIGHT RD","MAGNOLIA","TX","77355","(281) 259-9657","(281) 259-2936","16","","","","","","","","true","30.1403","-95.6635","124.5","tx-hhsc-assisted-living","Texas HHSC Assisted Living Facilities","https://services1.arcgis.com/jI1j5lArZnrgFYSc/ArcGIS/rest/services/Assisted_Living/FeatureServer/0","Texas Health and Human Services Commission"
"tx-hhsc-assisted-living:102834","SUNRISE OF CINCO RANCH","102834","assisted_living","Assisted Living","FORT BEND","21939 CINCO RANCH BLVD","KATY","TX","77450","(281) 240-0500","(281) 240-0551","105","","","","","","","","true","29.74","-95.7527","124.5","tx-hhsc-assisted-living","Texas HHSC Assisted Living Facilities","https://services1.arcgis.com/jI1j5lArZnrgFYSc/ArcGIS/rest/services/Assisted_Living/FeatureServer/0","Texas Health and Human Services Commission"
"tx-hhsc-assisted-living:106336","AVANTI SENIOR LIVING AT TOWNE LAKE","106336","assisted_living","Assisted Living","HARRIS","17808 LAKECREST VIEW DRIVE","CYPRESS","TX","77433","(832) 653-4260","","98","","","","","","","","true","29.9178","-95.6889","125.2","tx-hhsc-assisted-living","Texas HHSC Assisted Living Facilities","https://services1.arcgis.com/jI1j5lArZnrgFYSc/ArcGIS/rest/services/Assisted_Living/FeatureServer/0","Texas Health and Human Services Commission"
"tx-hhsc-assisted-living:107161","SPRING CYPRESS ASSISTED LIVING AND MEMORY CARE","107161","assisted_living","Assisted Living","HARRIS","16306 SPRING CYPRESS ROAD","CYPRESS","TX","77429","(281) 690-0026","","100","","","","","","","","true","29.9773","-95.6745","125.2","tx-hhsc-assisted-living","Texas HHSC Assisted Living Facilities","https://services1.arcgis.com/jI1j5lArZnrgFYSc/ArcGIS/rest/services/Assisted_Living/FeatureServer/0","Texas Health and Human Services Commission"
"tx-hhsc-assisted-living:106971","THE DELANEY AT PARKWAY LAKES","106971","assisted_living","Assisted Living","FORT BEND","21700 BELLAIRE BLVD","RICHMOND","TX","77407","(832) 945-1800","(832) 610-2191","91","","","","","","","","true","29.6919","-95.757","125.3","tx-hhsc-assisted-living","Texas HHSC Assisted Living Facilities","https://services1.arcgis.com/jI1j5lArZnrgFYSc/ArcGIS/rest/services/Assisted_Living/FeatureServer/0","Texas Health and Human Services Commission"
"tx-hhsc-assisted-living:106478","BRISTOL PARK AT CYPRESS","106478","assisted_living","Assisted Living","HARRIS","17935 LONGENBAUGH RD","CYPRESS","TX","77433","(281) 392-2200","","101","","","","","","","","true","29.8951","-95.6882","125.5","tx-hhsc-assisted-living","Texas HHSC Assisted Living Facilities","https://services1.arcgis.com/jI1j5lArZnrgFYSc/ArcGIS/rest/services/Assisted_Living/FeatureServer/0","Texas Health and Human Services Commission"
"tx-hhsc-assisted-living:100977","COMFY HOME","100977","assisted_living","Assisted Living","FORT BEND","21819 HOLLOW FIELD LN","KATY","TX","77450","(281) 398-6207","(281) 277-2676","10","","","","","","","","true","29.722","-95.7421","125.5","tx-hhsc-assisted-living","Texas HHSC Assisted Living Facilities","https://services1.arcgis.com/jI1j5lArZnrgFYSc/ArcGIS/rest/services/Assisted_Living/FeatureServer/0","Texas Health and Human Services Commission"
"tx-hhsc-assisted-living:103111","COMFY HOME INC","103111","assisted_living","Assisted Living","FORT BEND","7214 WOODED LAKE LANE","RICHMOND","TX","77407","(281) 238-8040","(281) 277-2676","9","","","","","","","","true","29.6988","-95.7513","125.5","tx-hhsc-assisted-living","Texas HHSC Assisted Living Facilities","https://services1.arcgis.com/jI1j5lArZnrgFYSc/ArcGIS/rest/services/Assisted_Living/FeatureServer/0","Texas Health and Human Services Commission"
"tx-hhsc-assisted-living:105536","HANDS TO LEND ASSISTED LIVING LLC","105536","assisted_living","Assisted Living","HARRIS","17346 CHESTNUT BLUFF DR","HOUSTON","TX","77095","(281) 855-0558","(281) 345-8127","11","","","","","","","","true","29.9192","-95.6801","125.6","tx-hhsc-assisted-living","Texas HHSC Assisted Living Facilities","https://services1.arcgis.com/jI1j5lArZnrgFYSc/ArcGIS/rest/services/Assisted_Living/FeatureServer/0","Texas Health and Human Services Commission"
"tx-hhsc-assisted-living:106898","AURA COUNTRY COTTAGE LLC","106898","assisted_living","Assisted Living","MONTGOMERY","202 MAPLELEAF STREET","MAGNOLIA","TX","77354","(832) 521-5524","(832) 521-5396","11","","","","","","","","true","30.224","-95.6374","125.7","tx-hhsc-assisted-living","Texas HHSC Assisted Living Facilities","https://services1.arcgis.com/jI1j5lArZnrgFYSc/ArcGIS/rest/services/Assisted_Living/FeatureServer/0","Texas Health and Human Services Commission"
"tx-hhsc-assisted-living:102652","CINCO RANCH ALZHEIMERS SPECIAL CARE CENTER","102652","assisted_living","Assisted Living","FORT BEND","3206 SOUTH FRY RD","KATY","TX","77450","(281) 599-3334","(281) 599-0479","66","","","","","","","","true","29.7365","-95.7344","125.7","tx-hhsc-assisted-living","Texas HHSC Assisted Living Facilities","https://services1.arcgis.com/jI1j5lArZnrgFYSc/ArcGIS/rest/services/Assisted_Living/FeatureServer/0","Texas Health and Human Services Commission"
"tx-hhsc-assisted-living:105214","THE HERITAGE OF CYFAIR","105214","assisted_living","Assisted Living","HARRIS","17801 WEST ROAD","HOUSTON","TX","77095","(281) 861-2590","(281) 861-2591","46","","","","","","","","true","29.9069","-95.6816","125.7","tx-hhsc-assisted-living","Texas HHSC Assisted Living Facilities","https://services1.arcgis.com/jI1j5lArZnrgFYSc/ArcGIS/rest/services/Assisted_Living/FeatureServer/0","Texas Health and Human Services Commission"
"tx-hhsc-assisted-living:105228","AGAPE HERITAGE HOME INC","105228","assisted_living","Assisted Living","FORT BEND","20334 MEMORIAL PASS DR","KATY","TX","77450","(713) 562-5363","(281) 762-7716","12","","","","","","","","true","29.7078","-95.7377","126.1","tx-hhsc-assisted-living","Texas HHSC Assisted Living Facilities","https://services1.arcgis.com/jI1j5lArZnrgFYSc/ArcGIS/rest/services/Assisted_Living/FeatureServer/0","Texas Health and Human Services Commission"
"tx-hhsc-assisted-living:030231","DOWN HOME BLESSED CARE","030231","assisted_living","Assisted Living","HARRIS","27521 CALVERT RD","TOMBALL","TX","77377","(832) 589-2439","(832) 589-2439","15","","","","","","","","true","30.076","-95.6436","126.1","tx-hhsc-assisted-living","Texas HHSC Assisted Living Facilities","https://services1.arcgis.com/jI1j5lArZnrgFYSc/ArcGIS/rest/services/Assisted_Living/FeatureServer/0","Texas Health and Human Services Commission"
"tx-hhsc-assisted-living:103236","SUPREME PERSONAL CARE HOME","103236","assisted_living","Assisted Living","FORT BEND","7302 CHASE GROVE LANE","RICHMOND","TX","77469","(281) 239-2404","","6","","","","","","","","true","29.6972","-95.737","126.4","tx-hhsc-assisted-living","Texas HHSC Assisted Living Facilities","https://services1.arcgis.com/jI1j5lArZnrgFYSc/ArcGIS/rest/services/Assisted_Living/FeatureServer/0","Texas Health and Human Services Commission"
"tx-hhsc-assisted-living:000890","CAMBRIDGE SQUARE ASSISTED LIVING","000890","assisted_living","Assisted Living","FORT BEND","2700 AVENUE N","ROSENBERG","TX","77471","(281) 344-8444","(281) 344-1050","44","","","","","","","","true","29.5513","-95.7985","126.5","tx-hhsc-assisted-living","Texas HHSC Assisted Living Facilities","https://services1.arcgis.com/jI1j5lArZnrgFYSc/ArcGIS/rest/services/Assisted_Living/FeatureServer/0","Texas Health and Human Services Commission"
"tx-hhsc-assisted-living:010269","WESLEY HOUSE","010269","assisted_living","Assisted Living","HILL","110 OUTLET DR","HILLSBORO","TX","76645","(254) 582-0030","(254) 580-1608","60","","","","","","","","true","32.0112","-97.0902","126.5","tx-hhsc-assisted-living","Texas HHSC Assisted Living Facilities","https://services1.arcgis.com/jI1j5lArZnrgFYSc/ArcGIS/rest/services/Assisted_Living/FeatureServer/0","Texas Health and Human Services Commission"
"tx-hhsc-assisted-living:107047","VILLAGE GREEN ALZHEIMER'S CARE HOME LLC","107047","assisted_living","Assisted Living","HARRIS","14520 HUFFMEISTER RD","CYPRESS","TX","77429","(832) 653-7181","(832) 653-7182","16","","","","","","","","true","29.9777","-95.6495","126.7","tx-hhsc-assisted-living","Texas HHSC Assisted Living Facilities","https://services1.arcgis.com/jI1j5lArZnrgFYSc/ArcGIS/rest/services/Assisted_Living/FeatureServer/0","Texas Health and Human Services Commission"
"tx-hhsc-assisted-living:106725","DIVINE OAKS ASSISTED LIVING","106725","assisted_living","Assisted Living","FORT BEND","20606 BANDROCK TERRACE","RICHMOND","TX","77407","(713) 498-4974","(281) 239-3455","6","","","","","","","","true","29.6734","-95.7382","126.8","tx-hhsc-assisted-living","Texas HHSC Assisted Living Facilities","https://services1.arcgis.com/jI1j5lArZnrgFYSc/ArcGIS/rest/services/Assisted_Living/FeatureServer/0","Texas Health and Human Services Commission"
"tx-hhsc-assisted-living:100721","THE HERITAGE TOMBALL","100721","assisted_living","Assisted Living","HARRIS","1221 GRAHAM DR.","TOMBALL","TX","77375","(281) 401-5400","(281) 401-5493","147","","","","","","","","true","30.0871","-95.6285","126.9","tx-hhsc-assisted-living","Texas HHSC Assisted Living Facilities","https://services1.arcgis.com/jI1j5lArZnrgFYSc/ArcGIS/rest/services/Assisted_Living/FeatureServer/0","Texas Health and Human Services Commission"
"tx-hhsc-assisted-living:000392","HARVEST HOME","000392","assisted_living","Assisted Living","HARRIS","520 BAKER DR","TOMBALL","TX","77375","(281) 357-5775","(281) 351-4923","60","","","","","","","","true","30.1003","-95.6234","127.1","tx-hhsc-assisted-living","Texas HHSC Assisted Living Facilities","https://services1.arcgis.com/jI1j5lArZnrgFYSc/ArcGIS/rest/services/Assisted_Living/FeatureServer/0","Texas Health and Human Services Commission"
"tx-hhsc-assisted-living:102096","INWOOD CROSSING","102096","assisted_living","Assisted Living","HARRIS","808 INWOOD","TOMBALL","TX","77375","(281) 475-0161","(281) 516-9210","60","","","","","","","","true","30.1002","-95.6243","127.1","tx-hhsc-assisted-living","Texas HHSC Assisted Living Facilities","https://services1.arcgis.com/jI1j5lArZnrgFYSc/ArcGIS/rest/services/Assisted_Living/FeatureServer/0","Texas Health and Human Services Commission"
"tx-hhsc-assisted-living:107026","SOUTHERN KNIGHTS MEMORY CARE","107026","assisted_living","Assisted Living","HARRIS","27923 JOHNSON ROAD","TOMBALL","TX","77375","(281) 351-8575","(281) 351-1129","24","","","","","","","","true","30.0797","-95.6264","127.1","tx-hhsc-assisted-living","Texas HHSC Assisted Living Facilities","https://services1.arcgis.com/jI1j5lArZnrgFYSc/ArcGIS/rest/services/Assisted_Living/FeatureServer/0","Texas Health and Human Services Commission"
"tx-hhsc-assisted-living:010328","SOUTHERN KNIGHTS SENIOR LIVING COMMUNITY","010328","assisted_living","Assisted Living","HARRIS","27919 JOHNSON ROAD","TOMBALL","TX","77375","(281) 351-8575","(281) 351-1129","40","","","","","","","","true","30.08","-95.6269","127.1","tx-hhsc-assisted-living","Texas HHSC Assisted Living Facilities","https://services1.arcgis.com/jI1j5lArZnrgFYSc/ArcGIS/rest/services/Assisted_Living/FeatureServer/0","Texas Health and Human Services Commission"
"tx-hhsc-assisted-living:110204","VILLAGE GREEN ALZHEIMER'S CARE HOME, LLC","110204","assisted_living","Assisted Living","HARRIS","13233 MEDICAL COMPLEX DRIVE","TOMBALL","TX","77375","(281) 205-7124","","16","","","","","","","","true","30.0845","-95.6261","127.1","tx-hhsc-assisted-living","Texas HHSC Assisted Living Facilities","https://services1.arcgis.com/jI1j5lArZnrgFYSc/ArcGIS/rest/services/Assisted_Living/FeatureServer/0","Texas Health and Human Services Commission"
"tx-hhsc-assisted-living:000638","TOMBALL RETIREMENT CENTER","000638","assisted_living","Assisted Living","HARRIS","13415 MEDICAL COMPLEX DR","TOMBALL","TX","77375","(281) 357-4843","(281) 357-5808","60","","","","","","","","true","30.0841","-95.6236","127.2","tx-hhsc-assisted-living","Texas HHSC Assisted Living Facilities","https://services1.arcgis.com/jI1j5lArZnrgFYSc/ArcGIS/rest/services/Assisted_Living/FeatureServer/0","Texas Health and Human Services Commission"
"tx-hhsc-assisted-living:110502","BEEHIVE HOMES OF CYPRESS TEXAS, LLC","110502","assisted_living","Assisted Living","HARRIS","16220 WEST ROAD","HOUSTON","TX","77095","(832) 906-6460","(866) 861-9123","16","","","","","","","","true","29.9083","-95.6541","127.3","tx-hhsc-assisted-living","Texas HHSC Assisted Living Facilities","https://services1.arcgis.com/jI1j5lArZnrgFYSc/ArcGIS/rest/services/Assisted_Living/FeatureServer/0","Texas Health and Human Services Commission"
"tx-hhsc-assisted-living:110606","SEBALA ASSISTED LIVING HOME","110606","assisted_living","Assisted Living","FORT BEND","19446 PLANTATION ORCHARD","RICHMOND","TX","77407","(281) 762-2088","","12","","","","","","","","true","29.695","-95.7218","127.3","tx-hhsc-assisted-living","Texas HHSC Assisted Living Facilities","https://services1.arcgis.com/jI1j5lArZnrgFYSc/ArcGIS/rest/services/Assisted_Living/FeatureServer/0","Texas Health and Human Services Commission"
"tx-hhsc-assisted-living:107150","THE LEGACY AT LONG MEADOW","107150","assisted_living","Assisted Living","FORT BEND","10403 MASON ROAD","RICHMOND","TX","77406","(832) 412-3390","","110","","","","","","","","true","29.6483","-95.7405","127.3","tx-hhsc-assisted-living","Texas HHSC Assisted Living Facilities","https://services1.arcgis.com/jI1j5lArZnrgFYSc/ArcGIS/rest/services/Assisted_Living/FeatureServer/0","Texas Health and Human Services Commission"
"tx-hhsc-assisted-living:106737","GOD LOVE ASSISTED LIVING HOMES INC","106737","assisted_living","Assisted Living","HARRIS","5623 W HARROW DR.","HOUSTON","TX","77084","(832) 877-6946","(281) 846-2795","12","","","","","","","","true","29.8599","-95.6649","127.4","tx-hhsc-assisted-living","Texas HHSC Assisted Living Facilities","https://services1.arcgis.com/jI1j5lArZnrgFYSc/ArcGIS/rest/services/Assisted_Living/FeatureServer/0","Texas Health and Human Services Commission"
"tx-hhsc-assisted-living:110288","NEW HAVEN ASSISTED LIVING OF TOMBALL LLC","110288","assisted_living","Assisted Living","HARRIS","709 S. PINE ST.","TOMBALL","TX","77375","(512) 987-4542","pending","32","","","","","","","","true","30.0935","-95.6164","127.6","tx-hhsc-assisted-living","Texas HHSC Assisted Living Facilities","https://services1.arcgis.com/jI1j5lArZnrgFYSc/ArcGIS/rest/services/Assisted_Living/FeatureServer/0","Texas Health and Human Services Commission"
"tx-hhsc-assisted-living:110562","A BLESSED HOME","110562","assisted_living","Assisted Living","FORT BEND","913 VICTORIA DRIVE","RICHMOND","TX","77469","(281) 935-5721","","7","","","","","","","","true","29.5732","-95.7674","127.7","tx-hhsc-assisted-living","Texas HHSC Assisted Living Facilities","https://services1.arcgis.com/jI1j5lArZnrgFYSc/ArcGIS/rest/services/Assisted_Living/FeatureServer/0","Texas Health and Human Services Commission"
"tx-hhsc-assisted-living:104711","NEW HAVEN MEMORY CARE OF TOMBALL LLC","104711","assisted_living","Assisted Living","HARRIS","609 SOUTH PINE ST","TOMBALL","TX","77375","(832) 559-8356","(832) 559-8358","16","","","","","","","","true","30.0911","-95.6147","127.7","tx-hhsc-assisted-living","Texas HHSC Assisted Living Facilities","https://services1.arcgis.com/jI1j5lArZnrgFYSc/ArcGIS/rest/services/Assisted_Living/FeatureServer/0","Texas Health and Human Services Commission"
"tx-hhsc-assisted-living:102769","FAITH PERSONAL HOME CARE","102769","assisted_living","Assisted Living","FORT BEND","3718 LAKE EDINBURG","RICHMOND","TX","77406","(281) 762-3381","(281) 750-0901","9","","","","","","","","true","29.6481","-95.7266","128.1","tx-hhsc-assisted-living","Texas HHSC Assisted Living Facilities","https://services1.arcgis.com/jI1j5lArZnrgFYSc/ArcGIS/rest/services/Assisted_Living/FeatureServer/0","Texas Health and Human Services Commission"
"tx-hhsc-assisted-living:106311","ROSE HILL ASSISTED LIVING","106311","assisted_living","Assisted Living","FORT BEND","513 FM 359 RD","RICHMOND","TX","77406","(281) 232-3214","(281) 277-4663","12","","","","","","","","true","29.6036","-95.7435","128.2","tx-hhsc-assisted-living","Texas HHSC Assisted Living Facilities","https://services1.arcgis.com/jI1j5lArZnrgFYSc/ArcGIS/rest/services/Assisted_Living/FeatureServer/0","Texas Health and Human Services Commission"
"tx-hhsc-assisted-living:107173","VILLAGE GREEN ALZHEIMER'S CARE HOME LLC","107173","assisted_living","Assisted Living","HARRIS","13058 GRANT ROAD","CYPRESS","TX","77429","(281) 935-9115","","16","","","","","","","","true","29.9932","-95.6211","128.2","tx-hhsc-assisted-living","Texas HHSC Assisted Living Facilities","https://services1.arcgis.com/jI1j5lArZnrgFYSc/ArcGIS/rest/services/Assisted_Living/FeatureServer/0","Texas Health and Human Services Commission"
"tx-hhsc-assisted-living:106551","AVALON MEMORY CARE TUCKERTON","106551","assisted_living","Assisted Living","HARRIS","15505 TUCKERTON ROAD","HOUSTON","TX","77095","(281) 855-9936","(281) 855-9951","25","","","","","","","","true","29.9164","-95.6357","128.3","tx-hhsc-assisted-living","Texas HHSC Assisted Living Facilities","https://services1.arcgis.com/jI1j5lArZnrgFYSc/ArcGIS/rest/services/Assisted_Living/FeatureServer/0","Texas Health and Human Services Commission"
"tx-hhsc-assisted-living:101825","LLEWELLYNS MAGNOLIA PLACE INC","101825","assisted_living","Assisted Living","MONTGOMERY","8912 WEST LANE","MAGNOLIA","TX","77354","(281) 356-3201","(281) 356-3201","16","","","","","","","","true","30.1978","-95.5949","128.3","tx-hhsc-assisted-living","Texas HHSC Assisted Living Facilities","https://services1.arcgis.com/jI1j5lArZnrgFYSc/ArcGIS/rest/services/Assisted_Living/FeatureServer/0","Texas Health and Human Services Commission"
"tx-hhsc-assisted-living:101015","801 GRAMMAN LLC","101015","assisted_living","Assisted Living","BEE","801 E GRAMMAN","BEEVILLE","TX","78102","(361) 358-4900","(361) 358-4909","16","","","","","","","","true","28.4082","-97.7423","128.4","tx-hhsc-assisted-living","Texas HHSC Assisted Living Facilities","https://services1.arcgis.com/jI1j5lArZnrgFYSc/ArcGIS/rest/services/Assisted_Living/FeatureServer/0","Texas Health and Human Services Commission"
"tx-hhsc-assisted-living:106607","APEX OAKS AT CYPRESS, LLC","106607","assisted_living","Assisted Living","HARRIS","13702 WIMBLEDON OAKS DR","HOUSTON","TX","77065","(281) 469-8800","(281) 469-8810","41","","","","","","","","true","29.9276","-95.6275","128.6","tx-hhsc-assisted-living","Texas HHSC Assisted Living Facilities","https://services1.arcgis.com/jI1j5lArZnrgFYSc/ArcGIS/rest/services/Assisted_Living/FeatureServer/0","Texas Health and Human Services Commission"
"tx-hhsc-assisted-living:104443","CYPRESS ASSISTED LIVING I","104443","assisted_living","Assisted Living","HARRIS","12714 PARK FOREST DRIVE","CYPRESS","TX","77429","(832) 773-7555","(281) 596-4482","11","","","","","","","","true","29.9561","-95.6221","128.6","tx-hhsc-assisted-living","Texas HHSC Assisted Living Facilities","https://services1.arcgis.com/jI1j5lArZnrgFYSc/ArcGIS/rest/services/Assisted_Living/FeatureServer/0","Texas Health and Human Services Commission"
"tx-hhsc-assisted-living:110594","ZOE PERSONAL CARE HOMES LLC","110594","assisted_living","Assisted Living","FORT BEND","18143 BRIGHTWOOD PARK LANE","RICHMOND","TX","77407","(713) 855-8545","","6","","","","","","","","true","29.694","-95.6991","128.6","tx-hhsc-assisted-living","Texas HHSC Assisted Living Facilities","https://services1.arcgis.com/jI1j5lArZnrgFYSc/ArcGIS/rest/services/Assisted_Living/FeatureServer/0","Texas Health and Human Services Commission"
"tx-hhsc-assisted-living:106087","CYPRESS ASSISTED LIVING II","106087","assisted_living","Assisted Living","HARRIS","12310 DRAKE PRAIRIE LN.","CYPRESS","TX","77429","(832) 773-7555","(281) 596-4482","16","","","","","","","","true","29.951","-95.6214","128.7","tx-hhsc-assisted-living","Texas HHSC Assisted Living Facilities","https://services1.arcgis.com/jI1j5lArZnrgFYSc/ArcGIS/rest/services/Assisted_Living/FeatureServer/0","Texas Health and Human Services Commission"
"tx-hhsc-assisted-living:050696","PARSONS HOUSE CYPRESS","050696","assisted_living","Assisted Living","HARRIS","15055 N ELDRIDGE PKWY","CYPRESS","TX","77429","(281) 374-8002","(281) 374-8004","66","","","","","","","","true","29.9921","-95.6128","128.7","tx-hhsc-assisted-living","Texas HHSC Assisted Living Facilities","https://services1.arcgis.com/jI1j5lArZnrgFYSc/ArcGIS/rest/services/Assisted_Living/FeatureServer/0","Texas Health and Human Services Commission"
"tx-hhsc-assisted-living:105000","GENESIS SENIOR CARE INC","105000","assisted_living","Assisted Living","MONTGOMERY","14552 FM 2854","MONTGOMERY","TX","77316","(936) 588-2432","(936) 588-7472","16","","","","","","","","true","30.321","-95.5853","128.8","tx-hhsc-assisted-living","Texas HHSC Assisted Living Facilities","https://services1.arcgis.com/jI1j5lArZnrgFYSc/ArcGIS/rest/services/Assisted_Living/FeatureServer/0","Texas Health and Human Services Commission"
"tx-hhsc-assisted-living:104378","THE HERITAGE OF THE WOODLANDS","104378","assisted_living","Assisted Living","MONTGOMERY","10700 MONTFAIR BLVD.","THE WOODLANDS","TX","77382","(832) 764-5324","(832) 764-5327","44","","","","","","","","true","30.1945","-95.5869","128.8","tx-hhsc-assisted-living","Texas HHSC Assisted Living Facilities","https://services1.arcgis.com/jI1j5lArZnrgFYSc/ArcGIS/rest/services/Assisted_Living/FeatureServer/0","Texas Health and Human Services Commission"
"tx-hhsc-assisted-living:107077","VILLAGE CARE HOMESELDRIDGE","107077","assisted_living","Assisted Living","HARRIS","16217 N ELDRIDGE PKWY","TOMBALL","TX","77377","(832) 761-7876","(936) 776-4702","16","","","","","","","","true","30.0076","-95.6084","128.8","tx-hhsc-assisted-living","Texas HHSC Assisted Living Facilities","https://services1.arcgis.com/jI1j5lArZnrgFYSc/ArcGIS/rest/services/Assisted_Living/FeatureServer/0","Texas Health and Human Services Commission"
"tx-hhsc-assisted-living:105438","CYPRESS ASSISTED LIVING III","105438","assisted_living","Assisted Living","HARRIS","13106 BEXHILL DR","HOUSTON","TX","77065","(281) 955-7404","(281) 596-4482","7","","","","","","","","true","29.9439","-95.6194","128.9","tx-hhsc-assisted-living","Texas HHSC Assisted Living Facilities","https://services1.arcgis.com/jI1j5lArZnrgFYSc/ArcGIS/rest/services/Assisted_Living/FeatureServer/0","Texas Health and Human Services Commission"
"tx-hhsc-assisted-living:106955","GENESIS SENIOR CARE INC","106955","assisted_living","Assisted Living","MONTGOMERY","14290 FM 2854 RD.","MONTGOMERY","TX","77316","936 4447595","936 5885185","16","","","","","","","","true","30.321","-95.5827","128.9","tx-hhsc-assisted-living","Texas HHSC Assisted Living Facilities","https://services1.arcgis.com/jI1j5lArZnrgFYSc/ArcGIS/rest/services/Assisted_Living/FeatureServer/0","Texas Health and Human Services Commission"
"tx-hhsc-assisted-living:106864","NORTHGATE 2 ASSISTED LIVING","106864","assisted_living","Assisted Living","HARRIS","11206 WIND PINE LANE","TOMBALL","TX","77375","(832) 853-7178","(281) 205-7270","9","","","","","","","","true","30.0342","-95.5844","130","tx-hhsc-assisted-living","Texas HHSC Assisted Living Facilities","https://services1.arcgis.com/jI1j5lArZnrgFYSc/ArcGIS/rest/services/Assisted_Living/FeatureServer/0","Texas Health and Human Services Commission"
"tx-hhsc-assisted-living:103801","MARGARET'S HOME CARE SERVICES","103801","assisted_living","Assisted Living","HARRIS","6703 ESCONDIDO DR","HOUSTON","TX","77083","(713) 502-3287","(832) 939-8587","6","","","","","","","","true","29.7047","-95.6687","130.1","tx-hhsc-assisted-living","Texas HHSC Assisted Living Facilities","https://services1.arcgis.com/jI1j5lArZnrgFYSc/ArcGIS/rest/services/Assisted_Living/FeatureServer/0","Texas Health and Human Services Commission"
"tx-hhsc-assisted-living:103716","FAITH PERSONAL HOME CARE #2","103716","assisted_living","Assisted Living","FORT BEND","16251 BARBAROSSA DR","HOUSTON","TX","77083","(281) 762-3381","(281) 750-0901","6","","","","","","","","true","29.6877","-95.673","130.2","tx-hhsc-assisted-living","Texas HHSC Assisted Living Facilities","https://services1.arcgis.com/jI1j5lArZnrgFYSc/ArcGIS/rest/services/Assisted_Living/FeatureServer/0","Texas Health and Human Services Commission"
"tx-hhsc-assisted-living:102843","UNLIMITED CARE ASSISTED LIVING COTTAGES","102843","assisted_living","Assisted Living","MONTGOMERY","14450 LONGSTREET RD","WILLIS","TX","77318","(713) 858-6821","(281) 466-4693","16","","","","","","","","true","30.4352","-95.5675","130.2","tx-hhsc-assisted-living","Texas HHSC Assisted Living Facilities","https://services1.arcgis.com/jI1j5lArZnrgFYSc/ArcGIS/rest/services/Assisted_Living/FeatureServer/0","Texas Health and Human Services Commission"
"tx-hhsc-assisted-living:105447","UNIVERSAL ASSISTED LIVING HOMES","105447","assisted_living","Assisted Living","HARRIS","15722 AMAPOLA DRIVE","HOUSTON","TX","77083","(281) 498-6670","(281) 561-7592","10","","","","","","","","true","29.7081","-95.6636","130.3","tx-hhsc-assisted-living","Texas HHSC Assisted Living Facilities","https://services1.arcgis.com/jI1j5lArZnrgFYSc/ArcGIS/rest/services/Assisted_Living/FeatureServer/0","Texas Health and Human Services Commission"
"tx-hhsc-assisted-living:106728","FAITH ASSISTED LIVING HOMES","106728","assisted_living","Assisted Living","FORT BEND","17019 MULBEN COURT","RICHMOND","TX","77407","(281) 762-3381","(281) 750-0901","15","","","","","","","","true","29.6508","-95.6836","130.4","tx-hhsc-assisted-living","Texas HHSC Assisted Living Facilities","https://services1.arcgis.com/jI1j5lArZnrgFYSc/ArcGIS/rest/services/Assisted_Living/FeatureServer/0","Texas Health and Human Services Commission"
"tx-hhsc-assisted-living:101894","UNIVERSAL ASSISTED LIVING HOMES","101894","assisted_living","Assisted Living","HARRIS","6511 MARISOL DR","HOUSTON","TX","77083","(281) 933-7804","(281) 561-7592","11","","","","","","","","true","29.708","-95.6612","130.4","tx-hhsc-assisted-living","Texas HHSC Assisted Living Facilities","https://services1.arcgis.com/jI1j5lArZnrgFYSc/ArcGIS/rest/services/Assisted_Living/FeatureServer/0","Texas Health and Human Services Commission"
"tx-hhsc-assisted-living:105451","CONTINUING CARE AT EAGLE'S TRACE","105451","assisted_living","Assisted Living","HARRIS","14703 EAGLE VISTA DR BLDG 601","HOUSTON","TX","77077","(281) 249-7189","(281) 249-7358","88","","","","","","","","true","29.7623","-95.641","130.5","tx-hhsc-assisted-living","Texas HHSC Assisted Living Facilities","https://services1.arcgis.com/jI1j5lArZnrgFYSc/ArcGIS/rest/services/Assisted_Living/FeatureServer/0","Texas Health and Human Services Commission"
"tx-hhsc-assisted-living:107112","FAITH ASSISTED LIVING HOMES","107112","assisted_living","Assisted Living","HARRIS","7055 ADDICKS CLODINE RD.","HOUSTON","TX","77083","(281) 762-3381","(281) 750-0901","35","","","","","","","","true","29.7004","-95.6637","130.5","tx-hhsc-assisted-living","Texas HHSC Assisted Living Facilities","https://services1.arcgis.com/jI1j5lArZnrgFYSc/ArcGIS/rest/services/Assisted_Living/FeatureServer/0","Texas Health and Human Services Commission"
"tx-hhsc-assisted-living:100699","THREE OAKS ASSISTED LIVING","100699","assisted_living","Assisted Living","ERATH","118 E LIVE OAK","DUBLIN","TX","76446","(254) 445-3820","(254) 445-3960","16","","","","","","","","true","32.0866","-98.3412","130.6","tx-hhsc-assisted-living","Texas HHSC Assisted Living Facilities","https://services1.arcgis.com/jI1j5lArZnrgFYSc/ArcGIS/rest/services/Assisted_Living/FeatureServer/0","Texas Health and Human Services Commission"
"tx-hhsc-assisted-living:030275","MORADA CYFAIR","030275","assisted_living","Assisted Living","HARRIS","11500 FALLBROOK DR.","HOUSTON","TX","77065","(281) 970-6688","NA","135","","","","","","","","true","29.9266","-95.5922","130.7","tx-hhsc-assisted-living","Texas HHSC Assisted Living Facilities","https://services1.arcgis.com/jI1j5lArZnrgFYSc/ArcGIS/rest/services/Assisted_Living/FeatureServer/0","Texas Health and Human Services Commission"
"tx-hhsc-assisted-living:103987","AGAPE HERITAGE HOME INC","103987","assisted_living","Assisted Living","FORT BEND","1911 GRAND WILLOW LANE","RICHMOND","TX","77469","(713) 562-5363","(281) 762-7716","8","","","","","","","","true","29.5607","-95.7175","130.8","tx-hhsc-assisted-living","Texas HHSC Assisted Living Facilities","https://services1.arcgis.com/jI1j5lArZnrgFYSc/ArcGIS/rest/services/Assisted_Living/FeatureServer/0","Texas Health and Human Services Commission"
"tx-hhsc-assisted-living:105863","AVISTA HOME","105863","assisted_living","Assisted Living","HARRIS","11703 ECHO SPRING LANE","HOUSTON","TX","77065","(281) 653-9694","(281) 653-9695","11","","","","","","","","true","29.9448","-95.587","130.8","tx-hhsc-assisted-living","Texas HHSC Assisted Living Facilities","https://services1.arcgis.com/jI1j5lArZnrgFYSc/ArcGIS/rest/services/Assisted_Living/FeatureServer/0","Texas Health and Human Services Commission"
"tx-hhsc-assisted-living:000386","CAREWOOD HOME","000386","assisted_living","Assisted Living","HARRIS","15526 EMPANADA DRIVE","HOUSTON","TX","77083","(281) 568-7927","(281) 568-7927","10","","","","","","","","true","29.695","-95.6605","130.8","tx-hhsc-assisted-living","Texas HHSC Assisted Living Facilities","https://services1.arcgis.com/jI1j5lArZnrgFYSc/ArcGIS/rest/services/Assisted_Living/FeatureServer/0","Texas Health and Human Services Commission"
"tx-hhsc-assisted-living:105886","VILLAGE ON THE PARKSTEEPLECHASE","105886","assisted_living","Assisted Living","HARRIS","12102 STEEPLE WAY","HOUSTON","TX","77065","(281) 970-7979","(281) 970-0323","52","","","","","","","","true","29.9079","-95.5948","130.8","tx-hhsc-assisted-living","Texas HHSC Assisted Living Facilities","https://services1.arcgis.com/jI1j5lArZnrgFYSc/ArcGIS/rest/services/Assisted_Living/FeatureServer/0","Texas Health and Human Services Commission"
"tx-hhsc-assisted-living:103130","BLISSFUL LIVING LLC","103130","assisted_living","Assisted Living","HARRIS","8727 SEBER LN","TOMBALL","TX","77375","(832) 506-7061","(281) 357-0827","16","","","","","","","","true","30.0995","-95.5602","130.9","tx-hhsc-assisted-living","Texas HHSC Assisted Living Facilities","https://services1.arcgis.com/jI1j5lArZnrgFYSc/ArcGIS/rest/services/Assisted_Living/FeatureServer/0","Texas Health and Human Services Commission"
"tx-hhsc-assisted-living:102951","TRINITY SHORES OF PORT LAVACA","102951","assisted_living","Assisted Living","CALHOUN","201 TRINITY SHORES DR","PORT LAVACA","TX","77979","(361) 552-2333","(361) 552-6103","100","","","","","","","","true","28.6322","-96.6443","130.9","tx-hhsc-assisted-living","Texas HHSC Assisted Living Facilities","https://services1.arcgis.com/jI1j5lArZnrgFYSc/ArcGIS/rest/services/Assisted_Living/FeatureServer/0","Texas Health and Human Services Commission"
"tx-hhsc-assisted-living:106007","OLIMPIA'S SENIOR CARE, LLC","106007","assisted_living","Assisted Living","MONTGOMERY","13571 NEEDHAM PLACE","WILLIS","TX","77318","(936) 344-6126","(866) 345-2396","11","","","","","","","","true","30.4919","-95.5615","131","tx-hhsc-assisted-living","Texas HHSC Assisted Living Facilities","https://services1.arcgis.com/jI1j5lArZnrgFYSc/ArcGIS/rest/services/Assisted_Living/FeatureServer/0","Texas Health and Human Services Commission"
"tx-hhsc-assisted-living:107319","RESIDENCES AT RIVER PARK WEST","107319","assisted_living","Assisted Living","FORT BEND","21806 OLEASTER SPRINGS LANE","RICHMOND","TX","77469","(832) 704-3531","(832) 407-7000","11","","","","","","","","true","29.5624","-95.7129","131","tx-hhsc-assisted-living","Texas HHSC Assisted Living Facilities","https://services1.arcgis.com/jI1j5lArZnrgFYSc/ArcGIS/rest/services/Assisted_Living/FeatureServer/0","Texas Health and Human Services Commission"
"tx-hhsc-assisted-living:101534","CAREWOOD HOME  LAS BRISAS","101534","assisted_living","Assisted Living","HARRIS","7214 LAS BRISAS DRIVE","HOUSTON","TX","77083","(281) 879-7551","(281) 232-6790","8","","","","","","","","true","29.6979","-95.6535","131.1","tx-hhsc-assisted-living","Texas HHSC Assisted Living Facilities","https://services1.arcgis.com/jI1j5lArZnrgFYSc/ArcGIS/rest/services/Assisted_Living/FeatureServer/0","Texas Health and Human Services Commission"
"tx-hhsc-assisted-living:105155","FAITH PERSONAL HOME CARE LLC","105155","assisted_living","Assisted Living","HARRIS","6302 VISTA CAMINO DR","HOUSTON","TX","77083","(281) 762-3381","(281) 750-0901","10","","","","","","","","true","29.7088","-95.6499","131.1","tx-hhsc-assisted-living","Texas HHSC Assisted Living Facilities","https://services1.arcgis.com/jI1j5lArZnrgFYSc/ArcGIS/rest/services/Assisted_Living/FeatureServer/0","Texas Health and Human Services Commission"
"tx-hhsc-assisted-living:110143","RANCH LAKE ASSISTED LIVING","110143","assisted_living","Assisted Living","MONTGOMERY","5406 RANCH LAKE DR","MAGNOLIA","TX","77354","936 2421352","(936) 242-1688","12","","","","","","","","true","30.2401","-95.5471","131.1","tx-hhsc-assisted-living","Texas HHSC Assisted Living Facilities","https://services1.arcgis.com/jI1j5lArZnrgFYSc/ArcGIS/rest/services/Assisted_Living/FeatureServer/0","Texas Health and Human Services Commission"
"tx-hhsc-assisted-living:103737","THE VILLAGE AT GLEANNLOCH FARMS","103737","assisted_living","Assisted Living","HARRIS","9505 NORTHPOINT BLVD","SPRING","TX","77379","(281) 430-4900","(281) 430-4907","60","","","","","","","","true","30.0501","-95.5627","131.1","tx-hhsc-assisted-living","Texas HHSC Assisted Living Facilities","https://services1.arcgis.com/jI1j5lArZnrgFYSc/ArcGIS/rest/services/Assisted_Living/FeatureServer/0","Texas Health and Human Services Commission"
"tx-hhsc-assisted-living:030099","WINDERMERE ESTATES SENIOR LIVING","030099","assisted_living","Assisted Living","HARRIS","11246 FALLBROOK","HOUSTON","TX","77065","(281) 890-3174","(281) 890-8973","120","","","","","","","","true","29.9253","-95.5865","131.1","tx-hhsc-assisted-living","Texas HHSC Assisted Living Facilities","https://services1.arcgis.com/jI1j5lArZnrgFYSc/ArcGIS/rest/services/Assisted_Living/FeatureServer/0","Texas Health and Human Services Commission"
"tx-hhsc-assisted-living:105383","THE SOLANA VINTAGE PARK","105383","assisted_living","Assisted Living","HARRIS","19929 CHASEWOOD PARK DRIVE","HOUSTON","TX","77070","(281) 320-9000","(281) 320-9100","101","","","","","","","","true","29.9957","-95.5695","131.2","tx-hhsc-assisted-living","Texas HHSC Assisted Living Facilities","https://services1.arcgis.com/jI1j5lArZnrgFYSc/ArcGIS/rest/services/Assisted_Living/FeatureServer/0","Texas Health and Human Services Commission"
"tx-hhsc-assisted-living:030257","WILDWOOD TERRACE ASSISTED LIVING FACILITY","030257","assisted_living","Assisted Living","FORT BEND","15318 WILDWOOD GLEN","HOUSTON","TX","77083","(281) 498-6977","(281) 498-6977","10","","","","","","","","true","29.6823","-95.6574","131.2","tx-hhsc-assisted-living","Texas HHSC Assisted Living Facilities","https://services1.arcgis.com/jI1j5lArZnrgFYSc/ArcGIS/rest/services/Assisted_Living/FeatureServer/0","Texas Health and Human Services Commission"
"tx-hhsc-assisted-living:000407","PARKWAY PLACE","000407","assisted_living","Assisted Living","HARRIS","1321 PARK BAYOU DR","HOUSTON","TX","77077","(281) 677-5904","(281) 556-9275","92","","","","","","","","true","29.7599","-95.6273","131.3","tx-hhsc-assisted-living","Texas HHSC Assisted Living Facilities","https://services1.arcgis.com/jI1j5lArZnrgFYSc/ArcGIS/rest/services/Assisted_Living/FeatureServer/0","Texas Health and Human Services Commission"
"tx-hhsc-assisted-living:000989","THE AUBERGE AT CYPRESSWOOD  A MEMORY CARE COMMUNITY","000989","assisted_living","Assisted Living","HARRIS","10225 CYPRESSWOOD DR","HOUSTON","TX","77070","281 9550880","281 9551270","96","","","","","","","","true","29.9775","-95.5715","131.3","tx-hhsc-assisted-living","Texas HHSC Assisted Living Facilities","https://services1.arcgis.com/jI1j5lArZnrgFYSc/ArcGIS/rest/services/Assisted_Living/FeatureServer/0","Texas Health and Human Services Commission"
"tx-hhsc-assisted-living:110253","VILLAGE GREEN ALZHEIMER'S CARE HOME","110253","assisted_living","Assisted Living","MONTGOMERY","19065 CHAMPION FOREST DR","SPRING","TX","77379","346 8087348","(346) 808-7351","16","","","","","","","","true","30.0364","-95.561","131.3","tx-hhsc-assisted-living","Texas HHSC Assisted Living Facilities","https://services1.arcgis.com/jI1j5lArZnrgFYSc/ArcGIS/rest/services/Assisted_Living/FeatureServer/0","Texas Health and Human Services Commission"
"tx-hhsc-assisted-living:106184","CLAYTON OAKS LIVING","106184","assisted_living","Assisted Living","FORT BEND","21175 SOUTHWEST FRWY","RICHMOND","TX","77469","(281) 341-6200","(281) 341-6205","108","","","","","","","","true","29.5563","-95.7051","131.6","tx-hhsc-assisted-living","Texas HHSC Assisted Living Facilities","https://services1.arcgis.com/jI1j5lArZnrgFYSc/ArcGIS/rest/services/Assisted_Living/FeatureServer/0","Texas Health and Human Services Commission"
"tx-hhsc-assisted-living:105872","THE AUBERGE AT VINTAGE LAKE  A MEMORY CARE COMMUNITY","105872","assisted_living","Assisted Living","HARRIS","10120 LOUETTA ROAD","HOUSTON","TX","77070","832 7617632","832 6984760","90","","","","","","","","true","30.0005","-95.5627","131.6","tx-hhsc-assisted-living","Texas HHSC Assisted Living Facilities","https://services1.arcgis.com/jI1j5lArZnrgFYSc/ArcGIS/rest/services/Assisted_Living/FeatureServer/0","Texas Health and Human Services Commission"
"tx-hhsc-assisted-living:106668","AVALON MEMORY CARE CYPRESS CREEK","106668","assisted_living","Assisted Living","HARRIS","9922 GRANT ROAD","HOUSTON","TX","77070","(281) 894-9299","(281) 894-9327","25","","","","","","","","true","29.9677","-95.5666","131.7","tx-hhsc-assisted-living","Texas HHSC Assisted Living Facilities","https://services1.arcgis.com/jI1j5lArZnrgFYSc/ArcGIS/rest/services/Assisted_Living/FeatureServer/0","Texas Health and Human Services Commission"
"tx-hhsc-assisted-living:105482","THE HERITAGE AT ELDRIDGE PARKWAY","105482","assisted_living","Assisted Living","HARRIS","1725 ELDRIDGE PARKWAY","HOUSTON","TX","77077","(832) 554-2800","(832) 554-2795","50","","","","","","","","true","29.7513","-95.6245","131.7","tx-hhsc-assisted-living","Texas HHSC Assisted Living Facilities","https://services1.arcgis.com/jI1j5lArZnrgFYSc/ArcGIS/rest/services/Assisted_Living/FeatureServer/0","Texas Health and Human Services Commission"
"tx-hhsc-assisted-living:110544","THE LANDING AT AUGUSTA WOODS","110544","assisted_living","Assisted Living","HARRIS","7727 AUGUSTA PINES DR.","SPRING","TX","77389","(346) 268-2001","832 559 8043","56","","","","","","","","true","30.1365","-95.5431","131.7","tx-hhsc-assisted-living","Texas HHSC Assisted Living Facilities","https://services1.arcgis.com/jI1j5lArZnrgFYSc/ArcGIS/rest/services/Assisted_Living/FeatureServer/0","Texas Health and Human Services Commission"
"tx-hhsc-assisted-living:103478","LIVING GRACE ASSISTED LIVING, INC","103478","assisted_living","Assisted Living","FORT BEND","14822 CHARLMONT DR","HOUSTON","TX","77083","(281) 530-5795","(866) 249-2956","9","","","","","","","","true","29.6796","-95.6486","131.8","tx-hhsc-assisted-living","Texas HHSC Assisted Living Facilities","https://services1.arcgis.com/jI1j5lArZnrgFYSc/ArcGIS/rest/services/Assisted_Living/FeatureServer/0","Texas Health and Human Services Commission"
"tx-hhsc-assisted-living:106936","NORTH HOUSTON TRANSITIONAL CARE","106936","assisted_living","Assisted Living","HARRIS","9814 GRANT ROAD","HOUSTON","TX","77070","(281) 547-0123","(281) 547-0117","34","","","","","","","","true","29.9678","-95.5648","131.8","tx-hhsc-assisted-living","Texas HHSC Assisted Living Facilities","https://services1.arcgis.com/jI1j5lArZnrgFYSc/ArcGIS/rest/services/Assisted_Living/FeatureServer/0","Texas Health and Human Services Commission"
"tx-hhsc-assisted-living:103081","ABUNDANT LIFE ASSISTED LIVING INC","103081","assisted_living","Assisted Living","MONTGOMERY","15245 SADDLEWOOD DR","CONROE","TX","77384","(281) 221-3040","(281) 789-4207","9","","","","","","","","true","30.2295","-95.5329","131.9","tx-hhsc-assisted-living","Texas HHSC Assisted Living Facilities","https://services1.arcgis.com/jI1j5lArZnrgFYSc/ArcGIS/rest/services/Assisted_Living/FeatureServer/0","Texas Health and Human Services Commission"
"tx-hhsc-assisted-living:107083","AVANTI SENIOR LIVING AT AUGUSTA PINES","107083","assisted_living","Assisted Living","HARRIS","24520 COMMUNITY CENTER DRIVE","SPRING","TX","77389","(281) 907-9553","","98","","","","","","","","true","30.1151","-95.5415","131.9","tx-hhsc-assisted-living","Texas HHSC Assisted Living Facilities","https://services1.arcgis.com/jI1j5lArZnrgFYSc/ArcGIS/rest/services/Assisted_Living/FeatureServer/0","Texas Health and Human Services Commission"
"tx-hhsc-assisted-living:106718","EDEN'S REFLECTION","106718","assisted_living","Assisted Living","FORT BEND","14719 ARMITAGE LANE","SUGARLAND","TX","77498","(713) 498-4974","","9","","","","","","","","true","29.6748","-95.6474","131.9","tx-hhsc-assisted-living","Texas HHSC Assisted Living Facilities","https://services1.arcgis.com/jI1j5lArZnrgFYSc/ArcGIS/rest/services/Assisted_Living/FeatureServer/0","Texas Health and Human Services Commission"
"tx-hhsc-assisted-living:102832","RELIABLE OAKS ASSISTED LIVING","102832","assisted_living","Assisted Living","FORT BEND","11750 PADON RD","NEEDVILLE","TX","77461","(832) 282-7363","(866) 306-3650","16","","","","","","","","true","29.38","-95.7941","131.9","tx-hhsc-assisted-living","Texas HHSC Assisted Living Facilities","https://services1.arcgis.com/jI1j5lArZnrgFYSc/ArcGIS/rest/services/Assisted_Living/FeatureServer/0","Texas Health and Human Services Commission"
"tx-hhsc-assisted-living:106501","SUPREME MEMORY CARE","106501","assisted_living","Assisted Living","FORT BEND","11750 PADON RD STE B","NEEDVILLE","TX","77461","(832) 282-7363","(866) 306-3650","16","","","","","","","","true","29.38","-95.7941","131.9","tx-hhsc-assisted-living","Texas HHSC Assisted Living Facilities","https://services1.arcgis.com/jI1j5lArZnrgFYSc/ArcGIS/rest/services/Assisted_Living/FeatureServer/0","Texas Health and Human Services Commission"
"tx-hhsc-assisted-living:000915","CHURCHILL","000915","assisted_living","Assisted Living","MONTGOMERY","9297 WAHRENBERGER RD","CONROE","TX","77304","(936) 788-7770","(936) 788-7785","16","","","","","","","","true","30.3136","-95.5301","132.1","tx-hhsc-assisted-living","Texas HHSC Assisted Living Facilities","https://services1.arcgis.com/jI1j5lArZnrgFYSc/ArcGIS/rest/services/Assisted_Living/FeatureServer/0","Texas Health and Human Services Commission"
"tx-hhsc-assisted-living:106107","NEW GENESIS","106107","assisted_living","Assisted Living","MONTGOMERY","9297 WAHRENBERGER RD","CONROE","TX","77304","(936) 788-7770","(936) 788-7785","16","","","","","","","","true","30.3136","-95.5301","132.1","tx-hhsc-assisted-living","Texas HHSC Assisted Living Facilities","https://services1.arcgis.com/jI1j5lArZnrgFYSc/ArcGIS/rest/services/Assisted_Living/FeatureServer/0","Texas Health and Human Services Commission"
"tx-hhsc-assisted-living:000429","SOMERSET","000429","assisted_living","Assisted Living","MONTGOMERY","9297 WAHRENBERGER RD","CONROE","TX","77304","(936) 788-7770","(936) 788-7785","16","","","","","","","","true","30.3136","-95.5301","132.1","tx-hhsc-assisted-living","Texas HHSC Assisted Living Facilities","https://services1.arcgis.com/jI1j5lArZnrgFYSc/ArcGIS/rest/services/Assisted_Living/FeatureServer/0","Texas Health and Human Services Commission"
"tx-hhsc-assisted-living:110352","VILLAGE GREEN ALZHEIMER'S CARE HOME, LLC","110352","assisted_living","Assisted Living","HARRIS","7910 WEST RAYFORD ROAD","SPRING","TX","77389","","","16","","","","","","","","true","30.1156","-95.538","132.1","tx-hhsc-assisted-living","Texas HHSC Assisted Living Facilities","https://services1.arcgis.com/jI1j5lArZnrgFYSc/ArcGIS/rest/services/Assisted_Living/FeatureServer/0","Texas Health and Human Services Commission"
"tx-hhsc-assisted-living:101044","WINDSOR","101044","assisted_living","Assisted Living","MONTGOMERY","9297 WAHRENBERGER","CONROE","TX","77304","(936) 788-7770","(936) 788-7785","16","","","","","","","","true","30.3136","-95.5301","132.1","tx-hhsc-assisted-living","Texas HHSC Assisted Living Facilities","https://services1.arcgis.com/jI1j5lArZnrgFYSc/ArcGIS/rest/services/Assisted_Living/FeatureServer/0","Texas Health and Human Services Commission"
"tx-hhsc-assisted-living:030375","THE AUBERGE AT THE WOODLANDS  A MEMORY CARE COMMUNITY","030375","assisted_living","Assisted Living","MONTGOMERY","7950 BAY BRANCH DR","THE WOODLANDS","TX","77382","281 6818000","281 6818001","48","","","","","","","","true","30.2066","-95.5293","132.2","tx-hhsc-assisted-living","Texas HHSC Assisted Living Facilities","https://services1.arcgis.com/jI1j5lArZnrgFYSc/ArcGIS/rest/services/Assisted_Living/FeatureServer/0","Texas Health and Human Services Commission"
"tx-hhsc-assisted-living:110568","LAMIE'S ANGEL","110568","assisted_living","Assisted Living","HARRIS","10050 WEST ROAD","HOUSTON","TX","77064","(470) 363-0392","","16","","","","","","","","true","29.9104","-95.5676","132.4","tx-hhsc-assisted-living","Texas HHSC Assisted Living Facilities","https://services1.arcgis.com/jI1j5lArZnrgFYSc/ArcGIS/rest/services/Assisted_Living/FeatureServer/0","Texas Health and Human Services Commission"
"tx-hhsc-assisted-living:106738","GOD LOVE ASSISTED LIVING HOMES INC","106738","assisted_living","Assisted Living","FORT BEND","9131 GIANNA CT.","HOUSTON","TX","77083","(832) 877-6946","(832) 699-2755","15","","","","","","","","true","29.6796","-95.6364","132.5","tx-hhsc-assisted-living","Texas HHSC Assisted Living Facilities","https://services1.arcgis.com/jI1j5lArZnrgFYSc/ArcGIS/rest/services/Assisted_Living/FeatureServer/0","Texas Health and Human Services Commission"
"tx-hhsc-assisted-living:105397","CREEKSIDE RETIREMENT COMMUNITY","105397","assisted_living","Assisted Living","WALKER","1433 VETERANS MEMORIAL PARKWAY","HUNTSVILLE","TX","77340","(936) 295-0216","(936) 291-2907","56","","","","","","","","true","30.7026","-95.5748","132.6","tx-hhsc-assisted-living","Texas HHSC Assisted Living Facilities","https://services1.arcgis.com/jI1j5lArZnrgFYSc/ArcGIS/rest/services/Assisted_Living/FeatureServer/0","Texas Health and Human Services Commission"
"tx-hhsc-assisted-living:050602","GREATWOOD RETIREMENT AND ASSISTED LIVING COMMUNITY","050602","assisted_living","Assisted Living","FORT BEND","7001 RIVERBROOK DR.","SUGARLAND","TX","77479","(281) 343-8400","(281) 343-8600","70","","","","","","","","true","29.5599","-95.6843","132.6","tx-hhsc-assisted-living","Texas HHSC Assisted Living Facilities","https://services1.arcgis.com/jI1j5lArZnrgFYSc/ArcGIS/rest/services/Assisted_Living/FeatureServer/0","Texas Health and Human Services Commission"
"tx-hhsc-assisted-living:000925","TENDER LIVING CARE","000925","assisted_living","Assisted Living","HARRIS","23922 LENZE RD","SPRING","TX","77389","(281) 370-3720","(281) 370-3720","10","","","","","","","","true","30.106","-95.5302","132.6","tx-hhsc-assisted-living","Texas HHSC Assisted Living Facilities","https://services1.arcgis.com/jI1j5lArZnrgFYSc/ArcGIS/rest/services/Assisted_Living/FeatureServer/0","Texas Health and Human Services Commission"
"tx-hhsc-assisted-living:104762","AVISTA LIVING","104762","assisted_living","Assisted Living","HARRIS","9014 S. FERNDALE PLACE DR","HOUSTON","TX","77064","(281) 653-9001","(281) 653-9695","5","","","","","","","","true","29.9356","-95.5545","132.8","tx-hhsc-assisted-living","Texas HHSC Assisted Living Facilities","https://services1.arcgis.com/jI1j5lArZnrgFYSc/ArcGIS/rest/services/Assisted_Living/FeatureServer/0","Texas Health and Human Services Commission"
"tx-hhsc-assisted-living:030335","MARTIN PRIVATE CARE","030335","assisted_living","Assisted Living","HARRIS","9315 BERINGWOOD","HOUSTON","TX","77083","(281) 561-7924","(281) 561-5002","4","","","","","","","","true","29.6793","-95.6298","132.8","tx-hhsc-assisted-living","Texas HHSC Assisted Living Facilities","https://services1.arcgis.com/jI1j5lArZnrgFYSc/ArcGIS/rest/services/Assisted_Living/FeatureServer/0","Texas Health and Human Services Commission"
"tx-hhsc-assisted-living:110611","WORTHINGTON MANOR","110611","assisted_living","Assisted Living","MONTGOMERY","5416 W. DAVIS ST.","CONROE","TX","77304","","","139","","","","","","","","true","30.3382","-95.5184","132.8","tx-hhsc-assisted-living","Texas HHSC Assisted Living Facilities","https://services1.arcgis.com/jI1j5lArZnrgFYSc/ArcGIS/rest/services/Assisted_Living/FeatureServer/0","Texas Health and Human Services Commission"
"tx-hhsc-assisted-living:105425","VILLAGE CARE HOMESPARK AVENUE","105425","assisted_living","Assisted Living","MONTGOMERY","13430 PARK AVE","CONROE","TX","77384","(936) 273-3668","(936) 273-1521","16","","","","","","","","true","30.2637","-95.5164","132.9","tx-hhsc-assisted-living","Texas HHSC Assisted Living Facilities","https://services1.arcgis.com/jI1j5lArZnrgFYSc/ArcGIS/rest/services/Assisted_Living/FeatureServer/0","Texas Health and Human Services Commission"
"tx-hhsc-assisted-living:050729","BROOKDALE CHAMPIONS","050729","assisted_living","Assisted Living","HARRIS","14050 CUTTEN RD","HOUSTON","TX","77069","(281) 638-5499","(281) 866-9938","103","","","","","","","","true","29.98","-95.5428","133","tx-hhsc-assisted-living","Texas HHSC Assisted Living Facilities","https://services1.arcgis.com/jI1j5lArZnrgFYSc/ArcGIS/rest/services/Assisted_Living/FeatureServer/0","Texas Health and Human Services Commission"
"tx-hhsc-assisted-living:100460","BROOKDALE WILLOWBROOK PLACE","100460","assisted_living","Assisted Living","HARRIS","7450 WILLOWCHASE BLVD","HOUSTON","TX","77070","(281) 807-4744","(281) 807-6626","40","","","","","","","","true","29.9703","-95.5419","133.1","tx-hhsc-assisted-living","Texas HHSC Assisted Living Facilities","https://services1.arcgis.com/jI1j5lArZnrgFYSc/ArcGIS/rest/services/Assisted_Living/FeatureServer/0","Texas Health and Human Services Commission"
"tx-hhsc-assisted-living:030376","BROOKDALE WILLOWBROOK PLACE","030376","assisted_living","Assisted Living","HARRIS","7450 WILLOWCHASE BLVD","HOUSTON","TX","77070","(281) 807-4744","(281) 807-6626","104","","","","","","","","true","29.9703","-95.5419","133.1","tx-hhsc-assisted-living","Texas HHSC Assisted Living Facilities","https://services1.arcgis.com/jI1j5lArZnrgFYSc/ArcGIS/rest/services/Assisted_Living/FeatureServer/0","Texas Health and Human Services Commission"
"tx-hhsc-assisted-living:010400","COMBINED GLORY ASSISTED LIVING FACILITY","010400","assisted_living","Assisted Living","FORT BEND","13909 SKYVIEW DR","SUGAR LAND","TX","77478","(281) 491-0076","(281) 491-1940","15","","","","","","","","true","29.6519","-95.63","133.4","tx-hhsc-assisted-living","Texas HHSC Assisted Living Facilities","https://services1.arcgis.com/jI1j5lArZnrgFYSc/ArcGIS/rest/services/Assisted_Living/FeatureServer/0","Texas Health and Human Services Commission"
"tx-hhsc-assisted-living:105254","MERCIFUL HANDS ASSISTED LIVING LLC","105254","assisted_living","Assisted Living","FORT BEND","13711 SOUTHLINE RD","SUGAR LAND","TX","77498","(832) 428-4852","(281) 494-3328","10","","","","","","","","true","29.6629","-95.6253","133.5","tx-hhsc-assisted-living","Texas HHSC Assisted Living Facilities","https://services1.arcgis.com/jI1j5lArZnrgFYSc/ArcGIS/rest/services/Assisted_Living/FeatureServer/0","Texas Health and Human Services Commission"
"tx-hhsc-assisted-living:102384","AUTUMN YEARS LLC","102384","assisted_living","Assisted Living","HARRIS","2111 WILLOWLAKE DR","HOUSTON","TX","77077","(832) 455-4895","(281) 870-0757","9","","","","","","","","true","29.7424","-95.5942","133.6","tx-hhsc-assisted-living","Texas HHSC Assisted Living Facilities","https://services1.arcgis.com/jI1j5lArZnrgFYSc/ArcGIS/rest/services/Assisted_Living/FeatureServer/0","Texas Health and Human Services Commission"
"tx-hhsc-assisted-living:010267","BROOKDALE SHADOWLAKE","010267","assisted_living","Assisted Living","HARRIS","2835 SHADOWBRIAR","HOUSTON","TX","77077","(281) 759-6700","(281) 759-6999","195","","","","","","","","true","29.7346","-95.5974","133.6","tx-hhsc-assisted-living","Texas HHSC Assisted Living Facilities","https://services1.arcgis.com/jI1j5lArZnrgFYSc/ArcGIS/rest/services/Assisted_Living/FeatureServer/0","Texas Health and Human Services Commission"
"tx-hhsc-assisted-living:030372","BROOKDALE SHADOWLAKE","030372","assisted_living","Assisted Living","HARRIS","2835 SHADOWBRIAR","HOUSTON","TX","77077","(281) 759-6700","(281) 759-6999","20","","","","","","","","true","29.7346","-95.5974","133.6","tx-hhsc-assisted-living","Texas HHSC Assisted Living Facilities","https://services1.arcgis.com/jI1j5lArZnrgFYSc/ArcGIS/rest/services/Assisted_Living/FeatureServer/0","Texas Health and Human Services Commission"
"tx-hhsc-assisted-living:100984","TEXAS COMMUNITY CARE LIVING CENTRE","100984","assisted_living","Assisted Living","HARRIS","7314 BRENDAM LN","HOUSTON","TX","77072","(281) 568-5331","(713) 779-5589","12","","","","","","","","true","29.697","-95.6103","133.6","tx-hhsc-assisted-living","Texas HHSC Assisted Living Facilities","https://services1.arcgis.com/jI1j5lArZnrgFYSc/ArcGIS/rest/services/Assisted_Living/FeatureServer/0","Texas Health and Human Services Commission"
"tx-hhsc-assisted-living:100256","THE ABBEY AT WESTMINSTER PLAZA","100256","assisted_living","Assisted Living","HARRIS","2865 WESTMINSTER PLAZA DR","HOUSTON","TX","77082","(281) 556-6020","(281) 556-0136","100","","","","","","","","true","29.7318","-95.5959","133.7","tx-hhsc-assisted-living","Texas HHSC Assisted Living Facilities","https://services1.arcgis.com/jI1j5lArZnrgFYSc/ArcGIS/rest/services/Assisted_Living/FeatureServer/0","Texas Health and Human Services Commission"
"tx-hhsc-assisted-living:101846","SUNDALE SENIOR LIVING  THE LEXINGTON CENTER","101846","assisted_living","Assisted Living","WALKER","679 I- 45 SOUTH","HUNTSVILLE","TX","77340","(936) 295-4488","(936) 293-8755","56","","","","","","","","true","30.6901","-95.5498","133.8","tx-hhsc-assisted-living","Texas HHSC Assisted Living Facilities","https://services1.arcgis.com/jI1j5lArZnrgFYSc/ArcGIS/rest/services/Assisted_Living/FeatureServer/0","Texas Health and Human Services Commission"
"tx-hhsc-assisted-living:105146","CARRIAGE INNHUNTSVILLE","105146","assisted_living","Assisted Living","WALKER","2805 LAKE ROAD","HUNTSVILLE","TX","77340","(936) 295-0600","","22","","","","","","","","true","30.7006","-95.5504","133.9","tx-hhsc-assisted-living","Texas HHSC Assisted Living Facilities","https://services1.arcgis.com/jI1j5lArZnrgFYSc/ArcGIS/rest/services/Assisted_Living/FeatureServer/0","Texas Health and Human Services Commission"
"tx-hhsc-assisted-living:000535","ROSEMONT PERSONAL CARE HOME INC","000535","assisted_living","Assisted Living","HARRIS","10927 MAYFIELD RD","HOUSTON","TX","77043","(713) 468-3225","(713) 468-3201","8","","","","","","","","true","29.7953","-95.5714","133.9","tx-hhsc-assisted-living","Texas HHSC Assisted Living Facilities","https://services1.arcgis.com/jI1j5lArZnrgFYSc/ArcGIS/rest/services/Assisted_Living/FeatureServer/0","Texas Health and Human Services Commission"
"tx-hhsc-assisted-living:110336","ROSEMONT PERSONAL CARE HOMES, INC II","110336","assisted_living","Assisted Living","HARRIS","10931 MAYFIELD RD","HOUSTON","TX","77043-3908","(346) 530-1394","(346) 229-1518","15","","","","","","","","true","29.7954","-95.5713","133.9","tx-hhsc-assisted-living","Texas HHSC Assisted Living Facilities","https://services1.arcgis.com/jI1j5lArZnrgFYSc/ArcGIS/rest/services/Assisted_Living/FeatureServer/0","Texas Health and Human Services Commission"
"tx-hhsc-assisted-living:106134","LANDON RIDGE  SUGAR LAND","106134","assisted_living","Assisted Living","FORT BEND","770 BROOKS ST.","SUGAR LAND","TX","77478","(832) 709-0614","(281) 491-0449","129","","","","","","","","true","29.6109","-95.6374","134","tx-hhsc-assisted-living","Texas HHSC Assisted Living Facilities","https://services1.arcgis.com/jI1j5lArZnrgFYSc/ArcGIS/rest/services/Assisted_Living/FeatureServer/0","Texas Health and Human Services Commission"
"tx-hhsc-assisted-living:100314","ROYAL PERSONAL CARE","100314","assisted_living","Assisted Living","HARRIS","12922 BECKLIN LN","HOUSTON","TX","77099","(281) 564-3059","(713) 778-1792","9","","","","","","","","true","29.6788","-95.6092","134","tx-hhsc-assisted-living","Texas HHSC Assisted Living Facilities","https://services1.arcgis.com/jI1j5lArZnrgFYSc/ArcGIS/rest/services/Assisted_Living/FeatureServer/0","Texas Health and Human Services Commission"
"tx-hhsc-assisted-living:030266","THE FORUM AT THE WOODLANDS","030266","assisted_living","Assisted Living","MONTGOMERY","5055 WEST PANTHER CREEK DR.","THE WOODLANDS","TX","77381","281 2922600","281 2921836","54","","","","","","","","true","30.1702","-95.5008","134","tx-hhsc-assisted-living","Texas HHSC Assisted Living Facilities","https://services1.arcgis.com/jI1j5lArZnrgFYSc/ArcGIS/rest/services/Assisted_Living/FeatureServer/0","Texas Health and Human Services Commission"
"tx-hhsc-assisted-living:000722","THE FORUM AT THE WOODLANDS","000722","assisted_living","Assisted Living","MONTGOMERY","5055 WEST PANTHER CREEK DR.","THE WOODLANDS","TX","77381","281 2922600","281 2921836","126","","","","","","","","true","30.1702","-95.5008","134","tx-hhsc-assisted-living","Texas HHSC Assisted Living Facilities","https://services1.arcgis.com/jI1j5lArZnrgFYSc/ArcGIS/rest/services/Assisted_Living/FeatureServer/0","Texas Health and Human Services Commission"
"tx-hhsc-assisted-living:105767","MARITT SENIOR LIVING","105767","assisted_living","Assisted Living","FORT BEND","13534 FERNHILL DR","SUGAR LAND","TX","77498","(832) 886-4868","(832) 886-4868","9","","","","","","","","true","29.6449","-95.6213","134.1","tx-hhsc-assisted-living","Texas HHSC Assisted Living Facilities","https://services1.arcgis.com/jI1j5lArZnrgFYSc/ArcGIS/rest/services/Assisted_Living/FeatureServer/0","Texas Health and Human Services Commission"
"tx-hhsc-assisted-living:106126","HOME SWEET HOME","106126","assisted_living","Assisted Living","HARRIS","12142 7TH STREET BLDG BLDG A","HOUSTON","TX","77072","(281) 701-1164","(281) 346-1163","16","","","","","","","","true","29.7128","-95.5939","134.2","tx-hhsc-assisted-living","Texas HHSC Assisted Living Facilities","https://services1.arcgis.com/jI1j5lArZnrgFYSc/ArcGIS/rest/services/Assisted_Living/FeatureServer/0","Texas Health and Human Services Commission"
"tx-hhsc-assisted-living:000741","HOME SWEET HOME R C F E","000741","assisted_living","Assisted Living","HARRIS","12142 7TH ST","HOUSTON","TX","77072","(281) 704-1164","(281) 561-9400","12","","","","","","","","true","29.7128","-95.5939","134.2","tx-hhsc-assisted-living","Texas HHSC Assisted Living Facilities","https://services1.arcgis.com/jI1j5lArZnrgFYSc/ArcGIS/rest/services/Assisted_Living/FeatureServer/0","Texas Health and Human Services Commission"
"tx-hhsc-assisted-living:110599","HOOVER OAKS MEMORY CARE AND ASSISTED LIVING","110599","assisted_living","Assisted Living","FORT BEND","1722 ELDRIDGE RD","SUGARLAND","TX","77478","(346) 350-5463","(832) 350-5463","16","","","","","","","","true","29.6463","-95.6187","134.2","tx-hhsc-assisted-living","Texas HHSC Assisted Living Facilities","https://services1.arcgis.com/jI1j5lArZnrgFYSc/ArcGIS/rest/services/Assisted_Living/FeatureServer/0","Texas Health and Human Services Commission"
"tx-hhsc-assisted-living:110407","MERCIFUL HANDS ASSISTED LIVING OF ROSSTOWN","110407","assisted_living","Assisted Living","FORT BEND","13203 ROSSTOWN DRIVE","SUGAR LAND","TX","77478-6180","(832) 655-1190","(281) 494-3328","11","","","","","","","","true","29.6555","-95.6144","134.2","tx-hhsc-assisted-living","Texas HHSC Assisted Living Facilities","https://services1.arcgis.com/jI1j5lArZnrgFYSc/ArcGIS/rest/services/Assisted_Living/FeatureServer/0","Texas Health and Human Services Commission"
"tx-hhsc-assisted-living:010284","ATRIA SUGAR LAND","010284","assisted_living","Assisted Living","FORT BEND","1401 SOLDIERS FIELD DR","SUGAR LAND","TX","77479","(281) 494-4200","(281) 494-9631","64","","","","","","","","true","29.6012","-95.634","134.4","tx-hhsc-assisted-living","Texas HHSC Assisted Living Facilities","https://services1.arcgis.com/jI1j5lArZnrgFYSc/ArcGIS/rest/services/Assisted_Living/FeatureServer/0","Texas Health and Human Services Commission"
"tx-hhsc-assisted-living:000794","BROOKDALE MEMORIAL OAKS","000794","assisted_living","Assisted Living","HARRIS","1414 SANDY SPRINGS RD","HOUSTON","TX","77042","(713) 782-3355","(713) 782-3398","120","","","","","","","","true","29.7537","-95.5756","134.4","tx-hhsc-assisted-living","Texas HHSC Assisted Living Facilities","https://services1.arcgis.com/jI1j5lArZnrgFYSc/ArcGIS/rest/services/Assisted_Living/FeatureServer/0","Texas Health and Human Services Commission"
"tx-hhsc-assisted-living:103417","GOOD DAY ASSISTED LIVING","103417","assisted_living","Assisted Living","MONTGOMERY","3726 WOODCLIFFE DR","CONROE","TX","77304","(936) 539-9951","(936) 539-9951","6","","","","","","","","true","30.3625","-95.4921","134.4","tx-hhsc-assisted-living","Texas HHSC Assisted Living Facilities","https://services1.arcgis.com/jI1j5lArZnrgFYSc/ArcGIS/rest/services/Assisted_Living/FeatureServer/0","Texas Health and Human Services Commission"
"tx-hhsc-assisted-living:050579","ATRIA WESTCHASE","050579","assisted_living","Assisted Living","HARRIS","11424 RICHMOND AVE","HOUSTON","TX","77082","(281) 759-7900","(281) 759-5868","110","","","","","","","","true","29.7291","-95.5812","134.6","tx-hhsc-assisted-living","Texas HHSC Assisted Living Facilities","https://services1.arcgis.com/jI1j5lArZnrgFYSc/ArcGIS/rest/services/Assisted_Living/FeatureServer/0","Texas Health and Human Services Commission"
"tx-hhsc-assisted-living:010308","COLONIAL OAKS AT WESTCHASE","010308","assisted_living","Assisted Living","HARRIS","11395 RICHMOND AVE","HOUSTON","TX","77082","(281) 759-2900","(281) 759-2999","60","","","","","","","","true","29.7276","-95.5814","134.6","tx-hhsc-assisted-living","Texas HHSC Assisted Living Facilities","https://services1.arcgis.com/jI1j5lArZnrgFYSc/ArcGIS/rest/services/Assisted_Living/FeatureServer/0","Texas Health and Human Services Commission"
"tx-hhsc-assisted-living:104283","HERITAGE OAKS ASSISTED LIVING AND MEMORY CARE COMMUNITY","104283","assisted_living","Assisted Living","MONTGOMERY","903 LONGMIRE RD","CONROE","TX","77304","936 7602010","936 7602030","90","","","","","","","","true","30.3268","-95.4878","134.6","tx-hhsc-assisted-living","Texas HHSC Assisted Living Facilities","https://services1.arcgis.com/jI1j5lArZnrgFYSc/ArcGIS/rest/services/Assisted_Living/FeatureServer/0","Texas Health and Human Services Commission"
"tx-hhsc-assisted-living:000332","LIMBE HOUSE","000332","assisted_living","Assisted Living","HARRIS","12115 CORONA LN","HOUSTON","TX","77072","(281) 983-0045","(832) 617-7991","14","","","","","","","","true","29.6945","-95.5933","134.6","tx-hhsc-assisted-living","Texas HHSC Assisted Living Facilities","https://services1.arcgis.com/jI1j5lArZnrgFYSc/ArcGIS/rest/services/Assisted_Living/FeatureServer/0","Texas Health and Human Services Commission"
"tx-hhsc-assisted-living:105059","RACHEL HOUSE MINISTRY","105059","assisted_living","Assisted Living","HARRIS","12119 CORONA LN","HOUSTON","TX","77072","(832) 617-7990","(832) 617-7991","12","","","","","","","","true","29.6945","-95.5935","134.6","tx-hhsc-assisted-living","Texas HHSC Assisted Living Facilities","https://services1.arcgis.com/jI1j5lArZnrgFYSc/ArcGIS/rest/services/Assisted_Living/FeatureServer/0","Texas Health and Human Services Commission"
"tx-hhsc-assisted-living:105119","COMPASSIONATE CARE SENIOR LIVING","105119","assisted_living","Assisted Living","MONTGOMERY","94 PANORAMA DR","CONROE","TX","77304","(936) 228-2572","(936) 271-9413","6","","","","","","","","true","30.3795","-95.4891","134.7","tx-hhsc-assisted-living","Texas HHSC Assisted Living Facilities","https://services1.arcgis.com/jI1j5lArZnrgFYSc/ArcGIS/rest/services/Assisted_Living/FeatureServer/0","Texas Health and Human Services Commission"
"tx-hhsc-assisted-living:101166","JANUS","101166","assisted_living","Assisted Living","MONTGOMERY","285 HEREFORD DR","CONROE","TX","77304","(936) 788-7770","(936) 788-7785","11","","","","","","","","true","30.317","-95.4857","134.7","tx-hhsc-assisted-living","Texas HHSC Assisted Living Facilities","https://services1.arcgis.com/jI1j5lArZnrgFYSc/ArcGIS/rest/services/Assisted_Living/FeatureServer/0","Texas Health and Human Services Commission"
"tx-hhsc-assisted-living:000487","NOVELLUS CYPRESSWOOD","000487","assisted_living","Assisted Living","HARRIS","6611 CYPRESSWOOD DRIVE","SPRING","TX","77379","(281) 370-5444","(281) 370-6956","93","","","","","","","","true","30.0144","-95.5079","134.7","tx-hhsc-assisted-living","Texas HHSC Assisted Living Facilities","https://services1.arcgis.com/jI1j5lArZnrgFYSc/ArcGIS/rest/services/Assisted_Living/FeatureServer/0","Texas Health and Human Services Commission"
"tx-hhsc-assisted-living:106819","SYCAMORE CREEK RANCH AT CYPRESSWOOD","106819","assisted_living","Assisted Living","HARRIS","6510 CYPRESSWOOD DR.","SPRING","TX","77379","(832) 791-1577","(832) 442-5415","16","","","","","","","","true","30.0158","-95.507","134.7","tx-hhsc-assisted-living","Texas HHSC Assisted Living Facilities","https://services1.arcgis.com/jI1j5lArZnrgFYSc/ArcGIS/rest/services/Assisted_Living/FeatureServer/0","Texas Health and Human Services Commission"
"tx-hhsc-assisted-living:106820","WOODHAVEN VILLAGE SENIOR LIVING","106820","assisted_living","Assisted Living","MONTGOMERY","2275 RIVERWAY DR.","CONROE","TX","77304","(936) 703-5333","","102","","","","","","","","true","30.2827","-95.485","134.7","tx-hhsc-assisted-living","Texas HHSC Assisted Living Facilities","https://services1.arcgis.com/jI1j5lArZnrgFYSc/ArcGIS/rest/services/Assisted_Living/FeatureServer/0","Texas Health and Human Services Commission"
"tx-hhsc-assisted-living:104657","AUTUMN LEAVES OF CYPRESSWOOD","104657","assisted_living","Assisted Living","HARRIS","6327 CYPRESSWOOD DR","SPRING","TX","77379","(281) 374-1750","(281) 374-1751","50","","","","","","","","true","30.0153","-95.5054","134.8","tx-hhsc-assisted-living","Texas HHSC Assisted Living Facilities","https://services1.arcgis.com/jI1j5lArZnrgFYSc/ArcGIS/rest/services/Assisted_Living/FeatureServer/0","Texas Health and Human Services Commission"
"tx-hhsc-assisted-living:000852","AVID CARE COTTAGES","000852","assisted_living","Assisted Living","HARRIS","5807 OLD LODGE","HOUSTON","TX","77066","(281) 866-8185","(281) 812-3756","6","","","","","","","","true","29.9759","-95.5131","134.8","tx-hhsc-assisted-living","Texas HHSC Assisted Living Facilities","https://services1.arcgis.com/jI1j5lArZnrgFYSc/ArcGIS/rest/services/Assisted_Living/FeatureServer/0","Texas Health and Human Services Commission"
"tx-hhsc-assisted-living:106926","HARMONY ASSISTED LIVING INC","106926","assisted_living","Assisted Living","MONTGOMERY","196 CAMELOT ST.","CONROE","TX","77304","(832) 766-7608","","16","","","","","","","","true","30.3175","-95.4839","134.8","tx-hhsc-assisted-living","Texas HHSC Assisted Living Facilities","https://services1.arcgis.com/jI1j5lArZnrgFYSc/ArcGIS/rest/services/Assisted_Living/FeatureServer/0","Texas Health and Human Services Commission"
"tx-hhsc-assisted-living:110527","HARMONY MEMORY CARE INC","110527","assisted_living","Assisted Living","MONTGOMERY","194 CAMELOT ST.","CONROE","TX","77304","(832) 766-7608","","16","","","","","","","","true","30.3175","-95.4839","134.8","tx-hhsc-assisted-living","Texas HHSC Assisted Living Facilities","https://services1.arcgis.com/jI1j5lArZnrgFYSc/ArcGIS/rest/services/Assisted_Living/FeatureServer/0","Texas Health and Human Services Commission"
"tx-hhsc-assisted-living:000320","THE AUBERGE AT SUGARLAND  A MEMORY CARE COMMUNITY","000320","assisted_living","Assisted Living","FORT BEND","1221 SEVENTH ST","SUGAR LAND","TX","77478","281 2771221","281 2771020","96","","","","","","","","true","29.6317","-95.615","134.8","tx-hhsc-assisted-living","Texas HHSC Assisted Living Facilities","https://services1.arcgis.com/jI1j5lArZnrgFYSc/ArcGIS/rest/services/Assisted_Living/FeatureServer/0","Texas Health and Human Services Commission"
"tx-hhsc-assisted-living:110515","THE VILLAGE AT SUGAR LAND ASSISTED LIVING & MEMORY CARE","110515","assisted_living","Assisted Living","FORT BEND","2100 VILLAGE LIVING COURT","SUGAR LAND","TX","77479","(281) 729-8800","","107","","","","","","","","true","29.572","-95.6373","134.9","tx-hhsc-assisted-living","Texas HHSC Assisted Living Facilities","https://services1.arcgis.com/jI1j5lArZnrgFYSc/ArcGIS/rest/services/Assisted_Living/FeatureServer/0","Texas Health and Human Services Commission"
"tx-hhsc-assisted-living:104566","COMPASSIONATE CARE SENIOR LIVING","104566","assisted_living","Assisted Living","MONTGOMERY","933 RIVERSHIRE","CONROE","TX","77304","(936) 828-3059","(936) 828-3059","5","","","","","","","","true","30.2883","-95.4803","135","tx-hhsc-assisted-living","Texas HHSC Assisted Living Facilities","https://services1.arcgis.com/jI1j5lArZnrgFYSc/ArcGIS/rest/services/Assisted_Living/FeatureServer/0","Texas Health and Human Services Commission"
"tx-hhsc-assisted-living:110115","CURA HEALTHCARE SERVICES","110115","assisted_living","Assisted Living","MONTGOMERY","120 PARKGATE STREET","CONROE","TX","77304","(936) 647-4260","(936) 647-4260","10","","","","","","","","true","30.3186","-95.4814","135","tx-hhsc-assisted-living","Texas HHSC Assisted Living Facilities","https://services1.arcgis.com/jI1j5lArZnrgFYSc/ArcGIS/rest/services/Assisted_Living/FeatureServer/0","Texas Health and Human Services Commission"
"tx-hhsc-assisted-living:030185","MARIGOLD COTTAGE PCH@ WALLER LLC","030185","assisted_living","Assisted Living","HARRIS","1802 MALLARD","HOUSTON","TX","77043","(713) 721-0226","(713) 721-0226","10","","","","","","","","true","29.8046","-95.5497","135","tx-hhsc-assisted-living","Texas HHSC Assisted Living Facilities","https://services1.arcgis.com/jI1j5lArZnrgFYSc/ArcGIS/rest/services/Assisted_Living/FeatureServer/0","Texas Health and Human Services Commission"
"tx-hhsc-assisted-living:000483","PARADISE LTC LIVING II","000483","assisted_living","Assisted Living","HARRIS","11403 HIGH STAR","HOUSTON","TX","77072","(281) 879-0614","(713) 271-6689","13","","","","","","","","true","29.7113","-95.5799","135","tx-hhsc-assisted-living","Texas HHSC Assisted Living Facilities","https://services1.arcgis.com/jI1j5lArZnrgFYSc/ArcGIS/rest/services/Assisted_Living/FeatureServer/0","Texas Health and Human Services Commission"
"tx-hhsc-assisted-living:101945","SAINT FRANCIS HEALTH CARE SERVICES","101945","assisted_living","Assisted Living","HARRIS","12127 HUNTINGTON PARK DR","HOUSTON","TX","77099","(713) 729-3970","(832) 351-2929","15","","","","","","","","true","29.6664","-95.5966","135","tx-hhsc-assisted-living","Texas HHSC Assisted Living Facilities","https://services1.arcgis.com/jI1j5lArZnrgFYSc/ArcGIS/rest/services/Assisted_Living/FeatureServer/0","Texas Health and Human Services Commission"
"tx-hhsc-assisted-living:000698","STRAKE PLACE","000698","assisted_living","Assisted Living","MONTGOMERY","1701 WESTVIEW BLVD","CONROE","TX","77304","(936) 539-5558","(936) 539-9858","45","","","","","","","","true","30.3242","-95.4815","135","tx-hhsc-assisted-living","Texas HHSC Assisted Living Facilities","https://services1.arcgis.com/jI1j5lArZnrgFYSc/ArcGIS/rest/services/Assisted_Living/FeatureServer/0","Texas Health and Human Services Commission"
"tx-hhsc-assisted-living:104984","AUTUMN YEARS II","104984","assisted_living","Assisted Living","HARRIS","10818 OVERBROOK LN","HOUSTON","TX","77042","(713) 789-5704","(281) 870-0757","11","","","","","","","","true","29.7396","-95.5685","135.1","tx-hhsc-assisted-living","Texas HHSC Assisted Living Facilities","https://services1.arcgis.com/jI1j5lArZnrgFYSc/ArcGIS/rest/services/Assisted_Living/FeatureServer/0","Texas Health and Human Services Commission"
"tx-hhsc-assisted-living:000977","BROOKDALE SUGAR LAND","000977","assisted_living","Assisted Living","FORT BEND","151 COMMERCE GREEN BLVD","SUGAR LAND","TX","77478","(281) 491-6257","(281) 242-1833","126","","","","","","","","true","29.6234","-95.6099","135.2","tx-hhsc-assisted-living","Texas HHSC Assisted Living Facilities","https://services1.arcgis.com/jI1j5lArZnrgFYSc/ArcGIS/rest/services/Assisted_Living/FeatureServer/0","Texas Health and Human Services Commission"
"tx-hhsc-assisted-living:105730","BRISTOL PARK AT CONROE","105730","assisted_living","Assisted Living","MONTGOMERY","608 S CONROE MEDICAL DRIVE","CONROE","TX","77304","(936) 441-4454","","52","","","","","","","","true","30.2853","-95.4728","135.5","tx-hhsc-assisted-living","Texas HHSC Assisted Living Facilities","https://services1.arcgis.com/jI1j5lArZnrgFYSc/ArcGIS/rest/services/Assisted_Living/FeatureServer/0","Texas Health and Human Services Commission"
"tx-hhsc-assisted-living:030388","BROOKDALE SPRING SHADOWS","030388","assisted_living","Assisted Living","HARRIS","9889 KEMPWOOD DR","HOUSTON","TX","77080","(713) 934-8844","(713) 934-7444","104","","","","","","","","true","29.8213","-95.5362","135.5","tx-hhsc-assisted-living","Texas HHSC Assisted Living Facilities","https://services1.arcgis.com/jI1j5lArZnrgFYSc/ArcGIS/rest/services/Assisted_Living/FeatureServer/0","Texas Health and Human Services Commission"
"tx-hhsc-assisted-living:030389","BROOKDALE SPRING SHADOWS","030389","assisted_living","Assisted Living","HARRIS","9889 KEMPWOOD DR","HOUSTON","TX","77080","(713) 934-8844","(713) 934-7444","25","","","","","","","","true","29.8213","-95.5362","135.5","tx-hhsc-assisted-living","Texas HHSC Assisted Living Facilities","https://services1.arcgis.com/jI1j5lArZnrgFYSc/ArcGIS/rest/services/Assisted_Living/FeatureServer/0","Texas Health and Human Services Commission"
"tx-hhsc-assisted-living:106280","OPTIMUM PERSONAL CARE  SUGAR LAND","106280","assisted_living","Assisted Living","FORT BEND","1110 LAKEVIEW DR. - WING B","SUGAR LAND","TX","77478","(832) 939-8888","(832) 939-8762","14","","","","","","","","true","29.6156","-95.6078","135.5","tx-hhsc-assisted-living","Texas HHSC Assisted Living Facilities","https://services1.arcgis.com/jI1j5lArZnrgFYSc/ArcGIS/rest/services/Assisted_Living/FeatureServer/0","Texas Health and Human Services Commission"
"tx-hhsc-assisted-living:110413","OPTIMUM PERSONAL CARE SUGAR LAND 1 LLC","110413","assisted_living","Assisted Living","FORT BEND","1112 LAKEVIEW DRIVE - WING C","SUGAR LAND","TX","77478","(832) 939-8888","(832) 939-8762","14","","","","","","","","true","29.6156","-95.6078","135.5","tx-hhsc-assisted-living","Texas HHSC Assisted Living Facilities","https://services1.arcgis.com/jI1j5lArZnrgFYSc/ArcGIS/rest/services/Assisted_Living/FeatureServer/0","Texas Health and Human Services Commission"
"tx-hhsc-assisted-living:110392","OPTIMUM PERSONAL CARE SUGAR LAND 1 LLC","110392","assisted_living","Assisted Living","FORT BEND","1112 LAKEVIEW DR - WING D","SUGAR LAND","TX","77478","(832) 939-8888","(832) 939-8762","14","","","","","","","","true","29.6156","-95.6078","135.5","tx-hhsc-assisted-living","Texas HHSC Assisted Living Facilities","https://services1.arcgis.com/jI1j5lArZnrgFYSc/ArcGIS/rest/services/Assisted_Living/FeatureServer/0","Texas Health and Human Services Commission"
"tx-hhsc-assisted-living:106279","OPTIMUM PERSONAL CARESUGAR LAND","106279","assisted_living","Assisted Living","FORT BEND","1110 LAKEVIEW DR. WING A","SUGAR LAND","TX","77478","(832) 939-8888","(832) 939-8762","14","","","","","","","","true","29.6156","-95.6078","135.5","tx-hhsc-assisted-living","Texas HHSC Assisted Living Facilities","https://services1.arcgis.com/jI1j5lArZnrgFYSc/ArcGIS/rest/services/Assisted_Living/FeatureServer/0","Texas Health and Human Services Commission"
"tx-hhsc-assisted-living:107139","MOSSY OAKS RETREAT ASSISTED LIVING INC","107139","assisted_living","Assisted Living","HARRIS","23003 FRITZ LANE","SPRING","TX","77389","(281) 882-3112","(346) 351-1321","12","","","","","","","","true","30.099","-95.4818","135.6","tx-hhsc-assisted-living","Texas HHSC Assisted Living Facilities","https://services1.arcgis.com/jI1j5lArZnrgFYSc/ArcGIS/rest/services/Assisted_Living/FeatureServer/0","Texas Health and Human Services Commission"
"tx-hhsc-assisted-living:000667","NHA TOI HOME CARE, LLC","000667","assisted_living","Assisted Living","HARRIS","6106 GRANDVALE DR","HOUSTON","TX","77072","(832) 766-9705","(713) 272-8168","10","","","","","","","","true","29.714","-95.569","135.6","tx-hhsc-assisted-living","Texas HHSC Assisted Living Facilities","https://services1.arcgis.com/jI1j5lArZnrgFYSc/ArcGIS/rest/services/Assisted_Living/FeatureServer/0","Texas Health and Human Services Commission"
"tx-hhsc-assisted-living:000419","NISSI HOME OF TEXAS","000419","assisted_living","Assisted Living","HARRIS","11107 STROUD DR.","HOUSTON","TX","77072","(281) 776-9413","(281) 561-9341","12","","","","","","","","true","29.6996","-95.5742","135.6","tx-hhsc-assisted-living","Texas HHSC Assisted Living Facilities","https://services1.arcgis.com/jI1j5lArZnrgFYSc/ArcGIS/rest/services/Assisted_Living/FeatureServer/0","Texas Health and Human Services Commission"
"tx-hhsc-assisted-living:030131","AVID CARE COTTAGES","030131","assisted_living","Assisted Living","HARRIS","3611 GLENPINE DR.","HOUSTON","TX","77068","(281) 866-8840","(281) 812-3756","10","","","","","","","","true","30.0053","-95.493","135.7","tx-hhsc-assisted-living","Texas HHSC Assisted Living Facilities","https://services1.arcgis.com/jI1j5lArZnrgFYSc/ArcGIS/rest/services/Assisted_Living/FeatureServer/0","Texas Health and Human Services Commission"
"tx-hhsc-assisted-living:000322","LEWIS PARK ESTATES SENIOR LIVING","000322","assisted_living","Assisted Living","MONTGOMERY","450 N RIVERSHIRE","CONROE","TX","77304","(936) 788-2626","(936) 441-5874","138","","","","","","","","true","30.291","-95.4691","135.7","tx-hhsc-assisted-living","Texas HHSC Assisted Living Facilities","https://services1.arcgis.com/jI1j5lArZnrgFYSc/ArcGIS/rest/services/Assisted_Living/FeatureServer/0","Texas Health and Human Services Commission"
"tx-hhsc-assisted-living:105404","VILLAGE GREEN ALZHEIMERS CARE HOME","105404","assisted_living","Assisted Living","MONTGOMERY","404 SOUTH LOOP 336 WEST","CONROE","TX","77304","(936) 760-2424","(936) 760-2454","16","","","","","","","","true","30.2806","-95.4673","135.8","tx-hhsc-assisted-living","Texas HHSC Assisted Living Facilities","https://services1.arcgis.com/jI1j5lArZnrgFYSc/ArcGIS/rest/services/Assisted_Living/FeatureServer/0","Texas Health and Human Services Commission"
"tx-hhsc-assisted-living:106002","WOOD GLEN COURT ASSISTED LIVING","106002","assisted_living","Assisted Living","HARRIS","5000 CYPRESSWOOD DR","SPRING","TX","77379","(281) 573-0370","(832) 693-8556","92","","","","","","","","true","30.0255","-95.4878","135.8","tx-hhsc-assisted-living","Texas HHSC Assisted Living Facilities","https://services1.arcgis.com/jI1j5lArZnrgFYSc/ArcGIS/rest/services/Assisted_Living/FeatureServer/0","Texas Health and Human Services Commission"
"tx-hhsc-assisted-living:107002","NEW HAVEN ASSISTED LIVING OF SPRING","107002","assisted_living","Assisted Living","HARRIS","21327 FALVEL ROAD","SPRING","TX","77388","(832) 850-5317","(832) 999-4610","16","","","","","","","","true","30.073","-95.4773","136","tx-hhsc-assisted-living","Texas HHSC Assisted Living Facilities","https://services1.arcgis.com/jI1j5lArZnrgFYSc/ArcGIS/rest/services/Assisted_Living/FeatureServer/0","Texas Health and Human Services Commission"
"tx-hhsc-assisted-living:000474","THE HAMPTON AT MEADOWS PLACE","000474","assisted_living","Assisted Living","FORT BEND","11919 W AIRPORT BLVD","MEADOWS PLACE","TX","77477","(281) 240-1707","(281) 240-0140","246","","","","","","","","true","29.6476","-95.5873","136","tx-hhsc-assisted-living","Texas HHSC Assisted Living Facilities","https://services1.arcgis.com/jI1j5lArZnrgFYSc/ArcGIS/rest/services/Assisted_Living/FeatureServer/0","Texas Health and Human Services Commission"
"tx-hhsc-assisted-living:104849","THE VILLAGE AT THE WOODLANDS WATERWAY","104849","assisted_living","Assisted Living","MONTGOMERY","2323 LAKE ROBBINS DR","THE WOODLANDS","TX","77380","(281) 292-4600","(281) 292-4622","119","","","","","","","","true","30.1629","-95.469","136","tx-hhsc-assisted-living","Texas HHSC Assisted Living Facilities","https://services1.arcgis.com/jI1j5lArZnrgFYSc/ArcGIS/rest/services/Assisted_Living/FeatureServer/0","Texas Health and Human Services Commission"
"tx-hhsc-assisted-living:100324","THE WELLINGTON AT CONROE","100324","assisted_living","Assisted Living","MONTGOMERY","500 RIVER POINTE DR","CONROE","TX","77304","(936) 756-8643","(936) 756-4576","35","","","","","","","","true","30.2838","-95.4638","136","tx-hhsc-assisted-living","Texas HHSC Assisted Living Facilities","https://services1.arcgis.com/jI1j5lArZnrgFYSc/ArcGIS/rest/services/Assisted_Living/FeatureServer/0","Texas Health and Human Services Commission"
"tx-hhsc-assisted-living:030334","BARTON HOUSE","030334","assisted_living","Assisted Living","FORT BEND","2229 WILLIAMS TRACE BLVD","SUGAR LAND","TX","77478","(281) 313-2500","(281) 313-2505","20","","","","","","","","true","29.5949","-95.6036","136.3","tx-hhsc-assisted-living","Texas HHSC Assisted Living Facilities","https://services1.arcgis.com/jI1j5lArZnrgFYSc/ArcGIS/rest/services/Assisted_Living/FeatureServer/0","Texas Health and Human Services Commission"
"tx-hhsc-assisted-living:110296","EXTENDED SENIOR CARE AND SERVICES","110296","assisted_living","Assisted Living","MONTGOMERY","101 S WOODSWAY ST W","CONROE","TX","77301","(832) 933-3454","","12","","","","","","","","true","30.3284","-95.4597","136.3","tx-hhsc-assisted-living","Texas HHSC Assisted Living Facilities","https://services1.arcgis.com/jI1j5lArZnrgFYSc/ArcGIS/rest/services/Assisted_Living/FeatureServer/0","Texas Health and Human Services Commission"
"tx-hhsc-assisted-living:104479","ABOVE AND BEYOND ASSISTED LIVING","104479","assisted_living","Assisted Living","MONTGOMERY","204 WEST DALLAS STREET","CONROE","TX","77301","(936) 828-2334","(936) 828-2666","16","","","","","","","","true","30.3208","-95.4571","136.4","tx-hhsc-assisted-living","Texas HHSC Assisted Living Facilities","https://services1.arcgis.com/jI1j5lArZnrgFYSc/ArcGIS/rest/services/Assisted_Living/FeatureServer/0","Texas Health and Human Services Commission"
"tx-hhsc-assisted-living:106594","AVANTI SENIOR LIVING AT VISION PARK","106594","assisted_living","Assisted Living","MONTGOMERY","120 VISION PARK DR","SHENANDOAH","TX","77384","(281) 882-3855","","98","","","","","","","","true","30.1911","-95.4602","136.4","tx-hhsc-assisted-living","Texas HHSC Assisted Living Facilities","https://services1.arcgis.com/jI1j5lArZnrgFYSc/ArcGIS/rest/services/Assisted_Living/FeatureServer/0","Texas Health and Human Services Commission"
"tx-hhsc-assisted-living:102005","AVID CARE COTTAGES","102005","assisted_living","Assisted Living","MONTGOMERY","206 W. DALLAS","CONROE","TX","77301","(936) 441-9865","(281) 812-3756","14","","","","","","","","true","30.3208","-95.4577","136.4","tx-hhsc-assisted-living","Texas HHSC Assisted Living Facilities","https://services1.arcgis.com/jI1j5lArZnrgFYSc/ArcGIS/rest/services/Assisted_Living/FeatureServer/0","Texas Health and Human Services Commission"
"tx-hhsc-assisted-living:106595","LOVING CARE COTTAGES TWO CORPORATION","106595","assisted_living","Assisted Living","HARRIS","14977 TERRACE OAKS DR","HOUSTON","TX","77068","(281) 910-4497","","16","","","","","","","","true","30.0034","-95.4817","136.4","tx-hhsc-assisted-living","Texas HHSC Assisted Living Facilities","https://services1.arcgis.com/jI1j5lArZnrgFYSc/ArcGIS/rest/services/Assisted_Living/FeatureServer/0","Texas Health and Human Services Commission"
"tx-hhsc-assisted-living:050724","REUNION COURT OF THE WOODLANDS","050724","assisted_living","Assisted Living","MONTGOMERY","1730 WOODSTEAD COURT","THE WOODLANDS","TX","77380","(281) 681-9900","(281) 681-9489","120","","","","","","","","true","30.155","-95.4625","136.4","tx-hhsc-assisted-living","Texas HHSC Assisted Living Facilities","https://services1.arcgis.com/jI1j5lArZnrgFYSc/ArcGIS/rest/services/Assisted_Living/FeatureServer/0","Texas Health and Human Services Commission"
"tx-hhsc-assisted-living:110211","SEASONS ASSISTED LIVING CONROE","110211","assisted_living","Assisted Living","MONTGOMERY","1 BRIARWOOD DRIVE","CONROE","TX","77301","(936) 703-3727","(936) 249-6486","14","","","","","","","","true","30.3263","-95.4573","136.4","tx-hhsc-assisted-living","Texas HHSC Assisted Living Facilities","https://services1.arcgis.com/jI1j5lArZnrgFYSc/ArcGIS/rest/services/Assisted_Living/FeatureServer/0","Texas Health and Human Services Commission"
"tx-hhsc-assisted-living:104488","GALWAY MEADOWS CARE HOME","104488","assisted_living","Assisted Living","HARRIS","3607 GALWAY LANE.","HOUSTON","TX","77080","(713) 934-3834","","5","","","","","","","","true","29.8259","-95.5193","136.5","tx-hhsc-assisted-living","Texas HHSC Assisted Living Facilities","https://services1.arcgis.com/jI1j5lArZnrgFYSc/ArcGIS/rest/services/Assisted_Living/FeatureServer/0","Texas Health and Human Services Commission"
"tx-hhsc-assisted-living:106525","FAIRBANKS COURT ASSISTED LIVING","106525","assisted_living","Assisted Living","HARRIS","7810 TRENTWAY STREET","HOUSTON","TX","77040","(713) 690-1344","(832) 962-4132","16","","","","","","","","true","29.8459","-95.5089","136.7","tx-hhsc-assisted-living","Texas HHSC Assisted Living Facilities","https://services1.arcgis.com/jI1j5lArZnrgFYSc/ArcGIS/rest/services/Assisted_Living/FeatureServer/0","Texas Health and Human Services Commission"
"tx-hhsc-assisted-living:000824","BRIGHTWAY PERSONAL CARE","000824","assisted_living","Assisted Living","HARRIS","6730 WINDING TRACE","HOUSTON","TX","77086","(281) 405-0117","(281) 397-7994","9","","","","","","","","true","29.9321","-95.4868","136.8","tx-hhsc-assisted-living","Texas HHSC Assisted Living Facilities","https://services1.arcgis.com/jI1j5lArZnrgFYSc/ArcGIS/rest/services/Assisted_Living/FeatureServer/0","Texas Health and Human Services Commission"
"tx-hhsc-assisted-living:100220","BRIGHT STAR HEALTH NETWORK MANAGEMENT SERVICES INC","100220","assisted_living","Assisted Living","HARRIS","6711 WINDING TRACE","HOUSTON","TX","77086","(281) 445-9153","(281) 397-7994","15","","","","","","","","true","29.9313","-95.4863","136.9","tx-hhsc-assisted-living","Texas HHSC Assisted Living Facilities","https://services1.arcgis.com/jI1j5lArZnrgFYSc/ArcGIS/rest/services/Assisted_Living/FeatureServer/0","Texas Health and Human Services Commission"
"tx-hhsc-assisted-living:103452","HELENS CARE COTTAGES","103452","assisted_living","Assisted Living","MONTGOMERY","710 SHADOW BROOK DR","SPRING","TX","77380","(713) 410-4868","(832) 442-4807","9","","","","","","","","true","30.1309","-95.4563","136.9","tx-hhsc-assisted-living","Texas HHSC Assisted Living Facilities","https://services1.arcgis.com/jI1j5lArZnrgFYSc/ArcGIS/rest/services/Assisted_Living/FeatureServer/0","Texas Health and Human Services Commission"
"tx-hhsc-assisted-living:107001","NEW HAVEN ASSISTED LIVING OF SPRING","107001","assisted_living","Assisted Living","HARRIS","21331 FAIVEL ROAD","SPRING","TX","77388","(832) 850-5317","","16","","","","","","","","true","30.0577","-95.4646","136.9","tx-hhsc-assisted-living","Texas HHSC Assisted Living Facilities","https://services1.arcgis.com/jI1j5lArZnrgFYSc/ArcGIS/rest/services/Assisted_Living/FeatureServer/0","Texas Health and Human Services Commission"
"tx-hhsc-assisted-living:000444","TRANQUILITY ASSISTED LIVING","000444","assisted_living","Assisted Living","HARRIS","9006 POCO RD","HOUSTON","TX","77080","(713) 783-2404","(713) 467-0143","20","","","","","","","","true","29.8096","-95.5149","137","tx-hhsc-assisted-living","Texas HHSC Assisted Living Facilities","https://services1.arcgis.com/jI1j5lArZnrgFYSc/ArcGIS/rest/services/Assisted_Living/FeatureServer/0","Texas Health and Human Services Commission"
"tx-hhsc-assisted-living:030153","TRANQUILITY PERSONAL CARE HOME INC","030153","assisted_living","Assisted Living","HARRIS","9006 POCOA","HOUSTON","TX","77080","(713) 783-2404","(713) 467-0143","13","","","","","","","","true","29.8098","-95.5146","137","tx-hhsc-assisted-living","Texas HHSC Assisted Living Facilities","https://services1.arcgis.com/jI1j5lArZnrgFYSc/ArcGIS/rest/services/Assisted_Living/FeatureServer/0","Texas Health and Human Services Commission"
"tx-hhsc-assisted-living:030036","BRIGHTWAY PERSONAL CARE I I","030036","assisted_living","Assisted Living","HARRIS","6519 VICKIE SPRINGS LN","HOUSTON","TX","77086","(281) 260-9053","(281) 397-7994","9","","","","","","","","true","29.9207","-95.4841","137.1","tx-hhsc-assisted-living","Texas HHSC Assisted Living Facilities","https://services1.arcgis.com/jI1j5lArZnrgFYSc/ArcGIS/rest/services/Assisted_Living/FeatureServer/0","Texas Health and Human Services Commission"
"tx-hhsc-assisted-living:106103","CANYON RIDGE PERSONAL CARE HOME LLC","106103","assisted_living","Assisted Living","HARRIS","6603 CANYON WAY DR.","HOUSTON","TX","77086","(832) 883-9390","(281) 661-8186","14","","","","","","","","true","29.9321","-95.4825","137.1","tx-hhsc-assisted-living","Texas HHSC Assisted Living Facilities","https://services1.arcgis.com/jI1j5lArZnrgFYSc/ArcGIS/rest/services/Assisted_Living/FeatureServer/0","Texas Health and Human Services Commission"
"tx-hhsc-assisted-living:110121","ACORN MANOR ASSISTED LIVING","110121","assisted_living","Assisted Living","MONTGOMERY","25807 BUDDE RD","SPRING","TX","77380","(832) 955-9655","(000) 007-7380","11","","","","","","","","true","30.1363","-95.45","137.2","tx-hhsc-assisted-living","Texas HHSC Assisted Living Facilities","https://services1.arcgis.com/jI1j5lArZnrgFYSc/ArcGIS/rest/services/Assisted_Living/FeatureServer/0","Texas Health and Human Services Commission"
"tx-hhsc-assisted-living:110299","MERCY ELDERLY ASSISTED LIVING INC","110299","assisted_living","Assisted Living","HARRIS","19003 MIRROR LAKE DRIVE","SPRING","TX","77388","(832) 364-2273","(281) 919-1706","9","","","","","","","","true","30.0406","-95.4619","137.2","tx-hhsc-assisted-living","Texas HHSC Assisted Living Facilities","https://services1.arcgis.com/jI1j5lArZnrgFYSc/ArcGIS/rest/services/Assisted_Living/FeatureServer/0","Texas Health and Human Services Commission"
"tx-hhsc-assisted-living:107061","NORTHGATE ASSISTED LIVING","107061","assisted_living","Assisted Living","HARRIS","14902 WELCOME LANE","HOUSTON","TX","77014","(281) 631-9609","(281) 444-1311","8","","","","","","","","true","29.9955","-95.4693","137.2","tx-hhsc-assisted-living","Texas HHSC Assisted Living Facilities","https://services1.arcgis.com/jI1j5lArZnrgFYSc/ArcGIS/rest/services/Assisted_Living/FeatureServer/0","Texas Health and Human Services Commission"
"tx-hhsc-assisted-living:110539","PROVEER AT NORTHGATE","110539","assisted_living","Assisted Living","HARRIS","2930 CYPRESS GROVE MEADOWS DRIVE","HOUSTON","TX","77014","(281) 315-1450","(281) 315-1475","60","","","","","","","","true","29.9978","-95.4687","137.2","tx-hhsc-assisted-living","Texas HHSC Assisted Living Facilities","https://services1.arcgis.com/jI1j5lArZnrgFYSc/ArcGIS/rest/services/Assisted_Living/FeatureServer/0","Texas Health and Human Services Commission"
"tx-hhsc-assisted-living:110367","SYCAMORE CREEK RANCH AT SHENANDOAH","110367","assisted_living","Assisted Living","MONTGOMERY","8938 TAMINA RD","SHENANDOAH","TX","77385","","(832) 442-5415","16","","","","","","","","true","30.1783","-95.4474","137.2","tx-hhsc-assisted-living","Texas HHSC Assisted Living Facilities","https://services1.arcgis.com/jI1j5lArZnrgFYSc/ArcGIS/rest/services/Assisted_Living/FeatureServer/0","Texas Health and Human Services Commission"
"tx-hhsc-assisted-living:101708","UNLIMITED CARE  BUDDE #2","101708","assisted_living","Assisted Living","MONTGOMERY","25707 BUDDE RD","SPRING","TX","77380","(713) 858-6821","(281) 466-4693","8","","","","","","","","true","30.1349","-95.4499","137.2","tx-hhsc-assisted-living","Texas HHSC Assisted Living Facilities","https://services1.arcgis.com/jI1j5lArZnrgFYSc/ArcGIS/rest/services/Assisted_Living/FeatureServer/0","Texas Health and Human Services Commission"
"tx-hhsc-assisted-living:102006","UNLIMITED CARE  BUDDE #3","102006","assisted_living","Assisted Living","MONTGOMERY","25711 BUDDE RD","SPRING","TX","77380","(713) 858-6821","(281) 466-4693","8","","","","","","","","true","30.1352","-95.4499","137.2","tx-hhsc-assisted-living","Texas HHSC Assisted Living Facilities","https://services1.arcgis.com/jI1j5lArZnrgFYSc/ArcGIS/rest/services/Assisted_Living/FeatureServer/0","Texas Health and Human Services Commission"
"tx-hhsc-assisted-living:101315","UNLIMITED CARE BUDDE","101315","assisted_living","Assisted Living","MONTGOMERY","25703 BUDDE RD","SPRING","TX","77380","(713) 419-2609","(936) 321-2795","8","","","","","","","","true","30.1347","-95.4499","137.2","tx-hhsc-assisted-living","Texas HHSC Assisted Living Facilities","https://services1.arcgis.com/jI1j5lArZnrgFYSc/ArcGIS/rest/services/Assisted_Living/FeatureServer/0","Texas Health and Human Services Commission"
"tx-hhsc-assisted-living:103673","UNLIMITED CAREASSISTED LIVING COTTAGES","103673","assisted_living","Assisted Living","MONTGOMERY","25715 BUDDE RD","SPRING","TX","77380","(713) 858-6821","(936) 321-2795","8","","","","","","","","true","30.1354","-95.4499","137.2","tx-hhsc-assisted-living","Texas HHSC Assisted Living Facilities","https://services1.arcgis.com/jI1j5lArZnrgFYSc/ArcGIS/rest/services/Assisted_Living/FeatureServer/0","Texas Health and Human Services Commission"
"tx-hhsc-assisted-living:110688","BEEHIVE HOMES OF SPRING","110688","assisted_living","Assisted Living","HARRIS","3207 CYPRESSWOOD DRIVE","SPRING","TX","77388","(832) 275-6712","(832) 369-1767","16","","","","","","","","true","30.0409","-95.4598","137.3","tx-hhsc-assisted-living","Texas HHSC Assisted Living Facilities","https://services1.arcgis.com/jI1j5lArZnrgFYSc/ArcGIS/rest/services/Assisted_Living/FeatureServer/0","Texas Health and Human Services Commission"
"tx-hhsc-assisted-living:030191","COLONIAL OAKS AT FIRST COLONY","030191","assisted_living","Assisted Living","FORT BEND","13825 LEXINGTON BLVD","SUGAR LAND","TX","77478","(281) 277-0900","(281) 277-3674","93","","","","","","","","true","29.6002","-95.5839","137.3","tx-hhsc-assisted-living","Texas HHSC Assisted Living Facilities","https://services1.arcgis.com/jI1j5lArZnrgFYSc/ArcGIS/rest/services/Assisted_Living/FeatureServer/0","Texas Health and Human Services Commission"
"tx-hhsc-assisted-living:000409","TREEMONT HEALTH CARE CENTER P C UNIT","000409","assisted_living","Assisted Living","HARRIS","2501 WESTERLAND DR","HOUSTON","TX","77063","(713) 783-4100","(713) 783-0634","54","","","","","","","","true","29.7389","-95.5309","137.3","tx-hhsc-assisted-living","Texas HHSC Assisted Living Facilities","https://services1.arcgis.com/jI1j5lArZnrgFYSc/ArcGIS/rest/services/Assisted_Living/FeatureServer/0","Texas Health and Human Services Commission"
"tx-hhsc-assisted-living:103213","GRACE RESIDENTIAL CARE HOME INC","103213","assisted_living","Assisted Living","MONTGOMERY","25914 OAKRIDGE DR","THE WOODLANDS","TX","77380","(832) 291-6089","(281) 292-1884","16","","","","","","","","true","30.1386","-95.4474","137.4","tx-hhsc-assisted-living","Texas HHSC Assisted Living Facilities","https://services1.arcgis.com/jI1j5lArZnrgFYSc/ArcGIS/rest/services/Assisted_Living/FeatureServer/0","Texas Health and Human Services Commission"
"tx-hhsc-assisted-living:050658","SUNRISE SENIOR CARE HOME","050658","assisted_living","Assisted Living","MONTGOMERY","201 BYBEE DRIVE","CONROE","TX","77301","(936) 442-1469","(936) 756-2674","12","","","","","","","","true","30.3272","-95.4416","137.4","tx-hhsc-assisted-living","Texas HHSC Assisted Living Facilities","https://services1.arcgis.com/jI1j5lArZnrgFYSc/ArcGIS/rest/services/Assisted_Living/FeatureServer/0","Texas Health and Human Services Commission"
"tx-hhsc-assisted-living:000494","TENDER CARE C ASSISTED LIVING","000494","assisted_living","Assisted Living","HARRIS","9015 ROOS ROAD","HOUSTON","TX","77036","(832) 661-8306","(281) 561-9341","9","","","","","","","","true","29.7","-95.5425","137.4","tx-hhsc-assisted-living","Texas HHSC Assisted Living Facilities","https://services1.arcgis.com/jI1j5lArZnrgFYSc/ArcGIS/rest/services/Assisted_Living/FeatureServer/0","Texas Health and Human Services Commission"
"tx-hhsc-assisted-living:100748","RAFIKIHOMES UCGS LLC","100748","assisted_living","Assisted Living","MONTGOMERY","231 RIDGEWOOD DR","SPRING","TX","77386","281 9247173","(844) 201-0621","6","","","","","","","","true","30.1543","-95.4436","137.5","tx-hhsc-assisted-living","Texas HHSC Assisted Living Facilities","https://services1.arcgis.com/jI1j5lArZnrgFYSc/ArcGIS/rest/services/Assisted_Living/FeatureServer/0","Texas Health and Human Services Commission"
"tx-hhsc-assisted-living:105942","ROYAL PALMS SENIOR LIVING","105942","assisted_living","Assisted Living","MONTGOMERY","209 BYBEE DR.","CONROE","TX","77301","(936) 242-6142","(936) 242-6145","13","","","","","","","","true","30.3275","-95.44","137.5","tx-hhsc-assisted-living","Texas HHSC Assisted Living Facilities","https://services1.arcgis.com/jI1j5lArZnrgFYSc/ArcGIS/rest/services/Assisted_Living/FeatureServer/0","Texas Health and Human Services Commission"
"tx-hhsc-assisted-living:110635","TEXAS COMMUNITY CARE COMPARTMENT #4","110635","assisted_living","Assisted Living","HARRIS","7107 SOUTH GESSNER RD #4","HOUSTON","TX","77036","(713) 779-5588","(713) 779-5589","16","","","","","","","","true","29.7025","-95.5376","137.6","tx-hhsc-assisted-living","Texas HHSC Assisted Living Facilities","https://services1.arcgis.com/jI1j5lArZnrgFYSc/ArcGIS/rest/services/Assisted_Living/FeatureServer/0","Texas Health and Human Services Commission"
"tx-hhsc-assisted-living:104616","TEXAS COMMUNITY CARE COMPARTMENTS # 1","104616","assisted_living","Assisted Living","HARRIS","7103 S GESSNER","HOUSTON","TX","77036","(713) 771-7235","(713) 779-5589","16","","","","","","","","true","29.7027","-95.5376","137.6","tx-hhsc-assisted-living","Texas HHSC Assisted Living Facilities","https://services1.arcgis.com/jI1j5lArZnrgFYSc/ArcGIS/rest/services/Assisted_Living/FeatureServer/0","Texas Health and Human Services Commission"
"tx-hhsc-assisted-living:105189","TEXAS COMMUNITY COMPARTMENTS #2","105189","assisted_living","Assisted Living","HARRIS","7025 S GESSNER DR","HOUSTON","TX","77036","(713) 271-0872","(713) 779-5589","16","","","","","","","","true","29.7029","-95.5376","137.6","tx-hhsc-assisted-living","Texas HHSC Assisted Living Facilities","https://services1.arcgis.com/jI1j5lArZnrgFYSc/ArcGIS/rest/services/Assisted_Living/FeatureServer/0","Texas Health and Human Services Commission"
"tx-hhsc-assisted-living:102872","THE COTTAGE OF SPRING BRANCH","102872","assisted_living","Assisted Living","HARRIS","1842 HOLLISTER RD","HOUSTON","TX","77080","(713) 461-1500","(713) 461-1501","32","","","","","","","","true","29.8047","-95.5057","137.6","tx-hhsc-assisted-living","Texas HHSC Assisted Living Facilities","https://services1.arcgis.com/jI1j5lArZnrgFYSc/ArcGIS/rest/services/Assisted_Living/FeatureServer/0","Texas Health and Human Services Commission"
"tx-hhsc-assisted-living:106006","TEXAS COMMUNITY CARE COMPARTMENTS #3","106006","assisted_living","Assisted Living","HARRIS","7241 S. GESSNER RD.","HOUSTON","TX","77036","(713) 541-0996","(713) 779-5589","16","","","","","","","","true","29.6998","-95.5377","137.7","tx-hhsc-assisted-living","Texas HHSC Assisted Living Facilities","https://services1.arcgis.com/jI1j5lArZnrgFYSc/ArcGIS/rest/services/Assisted_Living/FeatureServer/0","Texas Health and Human Services Commission"
"tx-hhsc-assisted-living:102381","ADVANCED PERSONAL CARE AT HAMLIN VALLEY","102381","assisted_living","Assisted Living","HARRIS","1507 HAMLIN VALLEY","HOUSTON","TX","77090","(281) 919-1129","","10","","","","","","","","true","30.0175","-95.4551","137.8","tx-hhsc-assisted-living","Texas HHSC Assisted Living Facilities","https://services1.arcgis.com/jI1j5lArZnrgFYSc/ArcGIS/rest/services/Assisted_Living/FeatureServer/0","Texas Health and Human Services Commission"
"tx-hhsc-assisted-living:010301","BEDFORD RESIDENCE ASSISTED LIVING","010301","assisted_living","Assisted Living","HARRIS","11718 BEDFORD ST","HOUSTON","TX","77031","(281) 498-3301","(281) 575-7874","15","","","","","","","","true","29.6508","-95.5543","137.8","tx-hhsc-assisted-living","Texas HHSC Assisted Living Facilities","https://services1.arcgis.com/jI1j5lArZnrgFYSc/ArcGIS/rest/services/Assisted_Living/FeatureServer/0","Texas Health and Human Services Commission"
"tx-hhsc-assisted-living:105963","BEDFORD RESIDENCE ASSISTED LIVING II","105963","assisted_living","Assisted Living","HARRIS","11718 BEDFORD STREET A","HOUSTON","TX","77031","281 4983301","281 5757874","16","","","","","","","","true","29.6508","-95.5543","137.8","tx-hhsc-assisted-living","Texas HHSC Assisted Living Facilities","https://services1.arcgis.com/jI1j5lArZnrgFYSc/ArcGIS/rest/services/Assisted_Living/FeatureServer/0","Texas Health and Human Services Commission"
"tx-hhsc-assisted-living:104078","GRACE FAMILY CARE LLC","104078","assisted_living","Assisted Living","MONTGOMERY","25610 OAKHURST DR","SPRING","TX","77386","(832) 938-4232","(832) 827-7294","10","","","","","","","","true","30.1354","-95.4399","137.8","tx-hhsc-assisted-living","Texas HHSC Assisted Living Facilities","https://services1.arcgis.com/jI1j5lArZnrgFYSc/ArcGIS/rest/services/Assisted_Living/FeatureServer/0","Texas Health and Human Services Commission"
"tx-hhsc-assisted-living:000678","BROOKDALE CHAMPION OAKS","000678","assisted_living","Assisted Living","HARRIS","17705 RED OAK DR","HOUSTON","TX","77090","(281) 440-0966","(281) 440-3636","90","","","","","","","","true","30.0278","-95.4525","137.9","tx-hhsc-assisted-living","Texas HHSC Assisted Living Facilities","https://services1.arcgis.com/jI1j5lArZnrgFYSc/ArcGIS/rest/services/Assisted_Living/FeatureServer/0","Texas Health and Human Services Commission"
"tx-hhsc-assisted-living:103147","CHATEAU WOODLANDS","103147","assisted_living","Assisted Living","MONTGOMERY","327 TALLOW","CONROE","TX","77385","(281) 296-8825","(281) 296-0066","14","","","","","","","","true","30.1649","-95.4357","137.9","tx-hhsc-assisted-living","Texas HHSC Assisted Living Facilities","https://services1.arcgis.com/jI1j5lArZnrgFYSc/ArcGIS/rest/services/Assisted_Living/FeatureServer/0","Texas Health and Human Services Commission"
"tx-hhsc-assisted-living:105684","GRACE ELDERLY CARE HOME LLC","105684","assisted_living","Assisted Living","MONTGOMERY","25615 SPRING RIDGE DR","SPRING","TX","77386","(832) 488-6539","(281) 419-8707","12","","","","","","","","true","30.1357","-95.4394","137.9","tx-hhsc-assisted-living","Texas HHSC Assisted Living Facilities","https://services1.arcgis.com/jI1j5lArZnrgFYSc/ArcGIS/rest/services/Assisted_Living/FeatureServer/0","Texas Health and Human Services Commission"
"tx-hhsc-assisted-living:110428","THE HOLIDAY GREENS","110428","assisted_living","Assisted Living","MONTGOMERY","25310 OAKHURST DRIVE","SPRING","TX","77386","(281) 688-4334","(281) 688-4192","8","","","","","","","","true","30.1306","-95.4398","137.9","tx-hhsc-assisted-living","Texas HHSC Assisted Living Facilities","https://services1.arcgis.com/jI1j5lArZnrgFYSc/ArcGIS/rest/services/Assisted_Living/FeatureServer/0","Texas Health and Human Services Commission"
"tx-hhsc-assisted-living:105291","THE PINES AT OAKHURST","105291","assisted_living","Assisted Living","MONTGOMERY","25206 OAKHURST DR","SPRING","TX","77386","(832) 585-0624","","16","","","","","","","","true","30.1291","-95.4398","137.9","tx-hhsc-assisted-living","Texas HHSC Assisted Living Facilities","https://services1.arcgis.com/jI1j5lArZnrgFYSc/ArcGIS/rest/services/Assisted_Living/FeatureServer/0","Texas Health and Human Services Commission"
"tx-hhsc-assisted-living:107053","VILLAGE CARE HOMESSTEPHEN F AUSTIN","107053","assisted_living","Assisted Living","MONTGOMERY","414 STEPHEN F AUSTIN DRIVE","CONROE","TX","77302","(832) 674-0100","(936) 776-4702","16","","","","","","","","true","30.264","-95.4321","137.9","tx-hhsc-assisted-living","Texas HHSC Assisted Living Facilities","https://services1.arcgis.com/jI1j5lArZnrgFYSc/ArcGIS/rest/services/Assisted_Living/FeatureServer/0","Texas Health and Human Services Commission"
"tx-hhsc-assisted-living:030371","BEST PERSONAL CARE FACILITY","030371","assisted_living","Assisted Living","HARRIS","7741 THANGLEWILDE","HOUSTON","TX","77036","(713) 774-2080","(713) 485-6797","48","","","","","","","","true","29.6968","-95.5327","138","tx-hhsc-assisted-living","Texas HHSC Assisted Living Facilities","https://services1.arcgis.com/jI1j5lArZnrgFYSc/ArcGIS/rest/services/Assisted_Living/FeatureServer/0","Texas Health and Human Services Commission"
"tx-hhsc-assisted-living:100120","COLONIAL ASSISTED LIVING","100120","assisted_living","Assisted Living","MATAGORDA","720 12TH ST","BAY CITY","TX","77414","(979) 245-7891","(979) 245-1245","44","","","","","","","","true","28.9879","-95.9785","138","tx-hhsc-assisted-living","Texas HHSC Assisted Living Facilities","https://services1.arcgis.com/jI1j5lArZnrgFYSc/ArcGIS/rest/services/Assisted_Living/FeatureServer/0","Texas Health and Human Services Commission"
"tx-hhsc-assisted-living:000941","PARADISE LTC LIVING I","000941","assisted_living","Assisted Living","HARRIS","8223 BELLAIRE","HOUSTON","TX","77036","(713) 981-1527","(713) 271-6689","14","","","","","","","","true","29.7047","-95.5309","138","tx-hhsc-assisted-living","Texas HHSC Assisted Living Facilities","https://services1.arcgis.com/jI1j5lArZnrgFYSc/ArcGIS/rest/services/Assisted_Living/FeatureServer/0","Texas Health and Human Services Commission"
"tx-hhsc-assisted-living:102048","JOYFUL HOMES III","102048","assisted_living","Assisted Living","HARRIS","9427 VICKIJOHN DR","HOUSTON","TX","77031","(713) 776-1137","(281) 302-5272","15","","","","","","","","true","29.6611","-95.544","138.1","tx-hhsc-assisted-living","Texas HHSC Assisted Living Facilities","https://services1.arcgis.com/jI1j5lArZnrgFYSc/ArcGIS/rest/services/Assisted_Living/FeatureServer/0","Texas Health and Human Services Commission"
"tx-hhsc-assisted-living:102410","THE BUCKINGHAM","102410","assisted_living","Assisted Living","HARRIS","8580 WOODWAY","HOUSTON","TX","77063","(713) 979-3100","(713) 979-3099","120","","","","","","","","true","29.7431","-95.515","138.1","tx-hhsc-assisted-living","Texas HHSC Assisted Living Facilities","https://services1.arcgis.com/jI1j5lArZnrgFYSc/ArcGIS/rest/services/Assisted_Living/FeatureServer/0","Texas Health and Human Services Commission"
"tx-hhsc-assisted-living:050403","JUST DIVINE HANDS LLC","050403","assisted_living","Assisted Living","HARRIS","510 ENCHANTED HOLLOW DR","SPRING","TX","77388","(281) 528-9508","","10","","","","","","","","true","30.0475","-95.4438","138.2","tx-hhsc-assisted-living","Texas HHSC Assisted Living Facilities","https://services1.arcgis.com/jI1j5lArZnrgFYSc/ArcGIS/rest/services/Assisted_Living/FeatureServer/0","Texas Health and Human Services Commission"
"tx-hhsc-assisted-living:100738","QUALITY LIVING","100738","assisted_living","Assisted Living","HARRIS","8302 BEECHNUT","HOUSTON","TX","77036","(713) 271-0973","(281) 499-7145","4","","","","","","","","true","29.6929","-95.5305","138.2","tx-hhsc-assisted-living","Texas HHSC Assisted Living Facilities","https://services1.arcgis.com/jI1j5lArZnrgFYSc/ArcGIS/rest/services/Assisted_Living/FeatureServer/0","Texas Health and Human Services Commission"
"tx-hhsc-assisted-living:000832","QUALITY LIVING PERSONAL CARE","000832","assisted_living","Assisted Living","HARRIS","8304 BEECHNUT ST","HOUSTON","TX","77036","(713) 995-4743","(281) 499-7145","6","","","","","","","","true","29.6928","-95.5306","138.2","tx-hhsc-assisted-living","Texas HHSC Assisted Living Facilities","https://services1.arcgis.com/jI1j5lArZnrgFYSc/ArcGIS/rest/services/Assisted_Living/FeatureServer/0","Texas Health and Human Services Commission"
"tx-hhsc-assisted-living:104487","UNLIMITED CARE  OAKRIDGE","104487","assisted_living","Assisted Living","MONTGOMERY","26222 HANNA RD","SPRING","TX","77386","281 298 1649","281 466 4693","7","","","","","","","","true","30.143","-95.4335","138.2","tx-hhsc-assisted-living","Texas HHSC Assisted Living Facilities","https://services1.arcgis.com/jI1j5lArZnrgFYSc/ArcGIS/rest/services/Assisted_Living/FeatureServer/0","Texas Health and Human Services Commission"
"tx-hhsc-assisted-living:110646","GRAND LIVING AT RIVERSTONE","110646","assisted_living","Assisted Living","FORT BEND","4828 LJ PARKWAY","SUGAR LAND","TX","77479","(281) 456-3414","","184","","","","","","","","true","29.5513","-95.5859","138.3","tx-hhsc-assisted-living","Texas HHSC Assisted Living Facilities","https://services1.arcgis.com/jI1j5lArZnrgFYSc/ArcGIS/rest/services/Assisted_Living/FeatureServer/0","Texas Health and Human Services Commission"
"tx-hhsc-assisted-living:107298","JOYFUL HOMES IV LLC","107298","assisted_living","Assisted Living","HARRIS","9239 MCAFEE DRIVE","HOUSTON","TX","77031","(713) 541-0503","(713) 995-9992","13","","","","","","","","true","29.6642","-95.5407","138.3","tx-hhsc-assisted-living","Texas HHSC Assisted Living Facilities","https://services1.arcgis.com/jI1j5lArZnrgFYSc/ArcGIS/rest/services/Assisted_Living/FeatureServer/0","Texas Health and Human Services Commission"
"tx-hhsc-assisted-living:106874","KINGFISHER SENIOR LIVING LLC","106874","assisted_living","Assisted Living","HARRIS","16700 ELLA BLVD.","HOUSTON","TX","77090","(281) 560-4311","","102","","","","","","","","true","30.0105","-95.4476","138.3","tx-hhsc-assisted-living","Texas HHSC Assisted Living Facilities","https://services1.arcgis.com/jI1j5lArZnrgFYSc/ArcGIS/rest/services/Assisted_Living/FeatureServer/0","Texas Health and Human Services Commission"
"tx-hhsc-assisted-living:030252","LOVING KINDNESS ASSISTED LIVING HOME","030252","assisted_living","Assisted Living","MONTGOMERY","635 PINEWOOD","CONROE","TX","77385","(281) 323-4676","(281) 323-4676","9","","","","","","","","true","30.1677","-95.43","138.3","tx-hhsc-assisted-living","Texas HHSC Assisted Living Facilities","https://services1.arcgis.com/jI1j5lArZnrgFYSc/ArcGIS/rest/services/Assisted_Living/FeatureServer/0","Texas Health and Human Services Commission"
"tx-hhsc-assisted-living:105559","SPRING CREEK VILLAGE ASSISTED LIVING AND MEMORY CARE","105559","assisted_living","Assisted Living","HARRIS","20305 HOLZWARTH ROAD","SPRING","TX","77388","(281) 996-0101","(281) 996-1141","128","","","","","","","","true","30.0611","-95.4404","138.3","tx-hhsc-assisted-living","Texas HHSC Assisted Living Facilities","https://services1.arcgis.com/jI1j5lArZnrgFYSc/ArcGIS/rest/services/Assisted_Living/FeatureServer/0","Texas Health and Human Services Commission"
"tx-hhsc-assisted-living:107052","VILLAGE CARE HOMESSILVER LEAF","107052","assisted_living","Assisted Living","HARRIS","1923 SILVER LEAF DRIVE","SPRING","TX","77388","(281) 719-5535","(936) 776-4702","8","","","","","","","","true","30.0525","-95.4406","138.3","tx-hhsc-assisted-living","Texas HHSC Assisted Living Facilities","https://services1.arcgis.com/jI1j5lArZnrgFYSc/ArcGIS/rest/services/Assisted_Living/FeatureServer/0","Texas Health and Human Services Commission"
"tx-hhsc-assisted-living:102617","PREMIER ASSISTED LIVING HOMES #3","102617","assisted_living","Assisted Living","HARRIS","9135 RENTUR DR","HOUSTON","TX","77031","(713) 271-1196","(713) 988-1660","8","","","","","","","","true","29.6637","-95.5387","138.4","tx-hhsc-assisted-living","Texas HHSC Assisted Living Facilities","https://services1.arcgis.com/jI1j5lArZnrgFYSc/ArcGIS/rest/services/Assisted_Living/FeatureServer/0","Texas Health and Human Services Commission"
"tx-hhsc-assisted-living:000780","THE HUMMINGBIRD CARE CENTER","000780","assisted_living","Assisted Living","HARRIS","8014 BEECHNUT ST","HOUSTON","TX","77036","(713) 988-1357","(713) 771-8832","14","","","","","","","","true","29.6927","-95.5282","138.4","tx-hhsc-assisted-living","Texas HHSC Assisted Living Facilities","https://services1.arcgis.com/jI1j5lArZnrgFYSc/ArcGIS/rest/services/Assisted_Living/FeatureServer/0","Texas Health and Human Services Commission"
"tx-hhsc-assisted-living:103794","UNLIMITED CARE ASSISTED LIVING COTTAGES","103794","assisted_living","Assisted Living","HARRIS","515 ENCHANTED RIVER DR","SPRING","TX","77388","(713) 858-6821","(281) 466-4693","7","","","","","","","","true","30.0441","-95.4408","138.4","tx-hhsc-assisted-living","Texas HHSC Assisted Living Facilities","https://services1.arcgis.com/jI1j5lArZnrgFYSc/ArcGIS/rest/services/Assisted_Living/FeatureServer/0","Texas Health and Human Services Commission"
"tx-hhsc-assisted-living:030090","GOOD TREE RETIREMENT","030090","assisted_living","Assisted Living","ERATH","2010 GOOD TREE STREET","STEPHENVILLE","TX","76401","(254) 965-9897","(888) 753-6262","65","","","","","","","","true","32.2267","-98.2377","138.5","tx-hhsc-assisted-living","Texas HHSC Assisted Living Facilities","https://services1.arcgis.com/jI1j5lArZnrgFYSc/ArcGIS/rest/services/Assisted_Living/FeatureServer/0","Texas Health and Human Services Commission"
"tx-hhsc-assisted-living:030179","GRACE EXTENDED RESIDENTIAL ASSISTED LIVING","030179","assisted_living","Assisted Living","HARRIS","9018 COVENT GARDEN","HOUSTON","TX","77031","(713) 988-2029","(713) 988-2029","10","","","","","","","","true","29.652","-95.5417","138.5","tx-hhsc-assisted-living","Texas HHSC Assisted Living Facilities","https://services1.arcgis.com/jI1j5lArZnrgFYSc/ArcGIS/rest/services/Assisted_Living/FeatureServer/0","Texas Health and Human Services Commission"
"tx-hhsc-assisted-living:050711","PREMIER ASSISTED LIVING HOMES","050711","assisted_living","Assisted Living","HARRIS","10607 RAYDELL DR","HOUSTON","TX","77031","(713) 484-5244","(281) 530-6266","12","","","","","","","","true","29.665","-95.5357","138.5","tx-hhsc-assisted-living","Texas HHSC Assisted Living Facilities","https://services1.arcgis.com/jI1j5lArZnrgFYSc/ArcGIS/rest/services/Assisted_Living/FeatureServer/0","Texas Health and Human Services Commission"
"tx-hhsc-assisted-living:030391","OPTIMUM PERSONAL CARE INC","030391","assisted_living","Assisted Living","FORT BEND","2019 FM 1092","MISSOURI CITY","TX","77459","(281) 208-2320","(281) 208-3042","10","","","","","","","","true","29.5906","-95.564","138.6","tx-hhsc-assisted-living","Texas HHSC Assisted Living Facilities","https://services1.arcgis.com/jI1j5lArZnrgFYSc/ArcGIS/rest/services/Assisted_Living/FeatureServer/0","Texas Health and Human Services Commission"
"tx-hhsc-assisted-living:107324","TENDER CARE ASSISTED LIVING B","107324","assisted_living","Assisted Living","HARRIS","7714 BARBERTON DR","HOUSTON","TX","77036","(832) 940-1061","(281) 561-9341","7","","","","","","","","true","29.6968","-95.5235","138.6","tx-hhsc-assisted-living","Texas HHSC Assisted Living Facilities","https://services1.arcgis.com/jI1j5lArZnrgFYSc/ArcGIS/rest/services/Assisted_Living/FeatureServer/0","Texas Health and Human Services Commission"
"tx-hhsc-assisted-living:106016","BELMONT VILLAGE HUNTERS CREEK TRS, LLC","106016","assisted_living","Assisted Living","HARRIS","7667 WOODWAY DR","HOUSTON","TX","77057","(713) 781-1505","(713) 781-1510","191","","","","","","","","true","29.7524","-95.5023","138.7","tx-hhsc-assisted-living","Texas HHSC Assisted Living Facilities","https://services1.arcgis.com/jI1j5lArZnrgFYSc/ArcGIS/rest/services/Assisted_Living/FeatureServer/0","Texas Health and Human Services Commission"
"tx-hhsc-assisted-living:050239","LAUREL GLEN AT STEPHENVILLE ASSISTED LIVING & MEMORY CARE","050239","assisted_living","Assisted Living","ERATH","2305 LINGLEVILLE RD","STEPHENVILLE","TX","76401","254 9685229","254 9654164","60","","","","","","","","true","32.2294","-98.2372","138.7","tx-hhsc-assisted-living","Texas HHSC Assisted Living Facilities","https://services1.arcgis.com/jI1j5lArZnrgFYSc/ArcGIS/rest/services/Assisted_Living/FeatureServer/0","Texas Health and Human Services Commission"
"tx-hhsc-assisted-living:030390","OPTIMUM PERSONAL CARE INC","030390","assisted_living","Assisted Living","FORT BEND","2021 FM 1092","MISSOURI CITY","TX","77459","(281) 208-2318","(281) 208-3042","10","","","","","","","","true","29.5904","-95.562","138.7","tx-hhsc-assisted-living","Texas HHSC Assisted Living Facilities","https://services1.arcgis.com/jI1j5lArZnrgFYSc/ArcGIS/rest/services/Assisted_Living/FeatureServer/0","Texas Health and Human Services Commission"
"tx-hhsc-assisted-living:101213","OPTIMUM PERSONAL CARE INC","101213","assisted_living","Assisted Living","FORT BEND","2021-A FM 1092 (MURPHY RD)","MISSOURI CITY","TX","77459","(281) 403-0789","(281) 208-3042","10","","","","","","","","true","29.5904","-95.562","138.7","tx-hhsc-assisted-living","Texas HHSC Assisted Living Facilities","https://services1.arcgis.com/jI1j5lArZnrgFYSc/ArcGIS/rest/services/Assisted_Living/FeatureServer/0","Texas Health and Human Services Commission"
"tx-hhsc-assisted-living:101212","OPTIMUM PERSONAL CARE INC","101212","assisted_living","Assisted Living","FORT BEND","2021 B FM 1092","MISSOURI CITY","TX","77459","(281) 403-0779","(281) 208-3042","10","","","","","","","","true","29.5904","-95.562","138.7","tx-hhsc-assisted-living","Texas HHSC Assisted Living Facilities","https://services1.arcgis.com/jI1j5lArZnrgFYSc/ArcGIS/rest/services/Assisted_Living/FeatureServer/0","Texas Health and Human Services Commission"
"tx-hhsc-assisted-living:103822","QUALITY LIVING","103822","assisted_living","Assisted Living","FORT BEND","2029 FM 1092 RD","MISSOURI CITY","TX","77459","(281) 499-7174","(281) 499-7145","12","","","","","","","","true","29.59","-95.5623","138.7","tx-hhsc-assisted-living","Texas HHSC Assisted Living Facilities","https://services1.arcgis.com/jI1j5lArZnrgFYSc/ArcGIS/rest/services/Assisted_Living/FeatureServer/0","Texas Health and Human Services Commission"
"tx-hhsc-assisted-living:103821","QUALITY LIVING FM 1092","103821","assisted_living","Assisted Living","FORT BEND","2029 FM 1092 RD","MISSOURI CITY","TX","77459","281 4997174","281 4997145","10","","","","","","","","true","29.59","-95.5623","138.7","tx-hhsc-assisted-living","Texas HHSC Assisted Living Facilities","https://services1.arcgis.com/jI1j5lArZnrgFYSc/ArcGIS/rest/services/Assisted_Living/FeatureServer/0","Texas Health and Human Services Commission"
"tx-hhsc-assisted-living:100607","TENDER CARE ASSISTED LIVING","100607","assisted_living","Assisted Living","HARRIS","7503 BARBERTON DR","HOUSTON","TX","77036","(832) 742-5287","(832) 742-5287","10","","","","","","","","true","29.6993","-95.5198","138.7","tx-hhsc-assisted-living","Texas HHSC Assisted Living Facilities","https://services1.arcgis.com/jI1j5lArZnrgFYSc/ArcGIS/rest/services/Assisted_Living/FeatureServer/0","Texas Health and Human Services Commission"
"tx-hhsc-assisted-living:000773","CLAREWOOD HOUSE INC","000773","assisted_living","Assisted Living","HARRIS","7400 CLAREWOOD DR","HOUSTON","TX","77036","(713) 774-5821","(713) 778-8503","90","","","","","","","","true","29.7106","-95.5146","138.8","tx-hhsc-assisted-living","Texas HHSC Assisted Living Facilities","https://services1.arcgis.com/jI1j5lArZnrgFYSc/ArcGIS/rest/services/Assisted_Living/FeatureServer/0","Texas Health and Human Services Commission"
"tx-hhsc-assisted-living:101324","THE COTTAGE HEALTH CARE SERVICES","101324","assisted_living","Assisted Living","HARRIS","7639 BEECHNUT STREET","HOUSTON","TX","77074","(713) 773-1297","(713) 773-1739","45","","","","","","","","true","29.6912","-95.5216","138.8","tx-hhsc-assisted-living","Texas HHSC Assisted Living Facilities","https://services1.arcgis.com/jI1j5lArZnrgFYSc/ArcGIS/rest/services/Assisted_Living/FeatureServer/0","Texas Health and Human Services Commission"
"tx-hhsc-assisted-living:030280","BROOKDALE CYPRESS STATION","030280","assisted_living","Assisted Living","HARRIS","303 LANTERN BEND DR","HOUSTON","TX","77090","(281) 880-7702","(281) 880-7699","109","","","","","","","","true","30.0229","-95.436","138.9","tx-hhsc-assisted-living","Texas HHSC Assisted Living Facilities","https://services1.arcgis.com/jI1j5lArZnrgFYSc/ArcGIS/rest/services/Assisted_Living/FeatureServer/0","Texas Health and Human Services Commission"
"tx-hhsc-assisted-living:104587","VILLA AT RIVERSTONE","104587","assisted_living","Assisted Living","FORT BEND","20313 S. UNIVERSITY BLVD.","MISSOURI CITY","TX","77459","(281) 778-2881","(281) 778-2888","50","","","","","","","","true","29.5639","-95.5699","138.9","tx-hhsc-assisted-living","Texas HHSC Assisted Living Facilities","https://services1.arcgis.com/jI1j5lArZnrgFYSc/ArcGIS/rest/services/Assisted_Living/FeatureServer/0","Texas Health and Human Services Commission"
"tx-hhsc-assisted-living:110393","THE TRADITION  WOODWAY","110393","assisted_living","Assisted Living","HARRIS","6336 WOODWAY DR.","HOUSTON","TX","77057","(713) 352-3764","","121","","","","","","","","true","29.7563","-95.4964","139","tx-hhsc-assisted-living","Texas HHSC Assisted Living Facilities","https://services1.arcgis.com/jI1j5lArZnrgFYSc/ArcGIS/rest/services/Assisted_Living/FeatureServer/0","Texas Health and Human Services Commission"
"tx-hhsc-assisted-living:105502","ASSISTED LIVING CENTER OF BRAESWOOD LLC","105502","assisted_living","Assisted Living","HARRIS","8119 BRAESWOOD BLVD","HOUSTON","TX","77071","(713) 776-0800","(832) 830-8870","9","","","","","","","","true","29.6712","-95.5221","139.2","tx-hhsc-assisted-living","Texas HHSC Assisted Living Facilities","https://services1.arcgis.com/jI1j5lArZnrgFYSc/ArcGIS/rest/services/Assisted_Living/FeatureServer/0","Texas Health and Human Services Commission"
"tx-hhsc-assisted-living:107038","INSPIRED LIVING AT MISSOURI CITY","107038","assisted_living","Assisted Living","FORT BEND","6400 OILFIELD ROAD","SUGAR LAND","TX","77479","(832) 939-3964","(832) 680-2613","181","","","","","","","","true","29.551","-95.5711","139.2","tx-hhsc-assisted-living","Texas HHSC Assisted Living Facilities","https://services1.arcgis.com/jI1j5lArZnrgFYSc/ArcGIS/rest/services/Assisted_Living/FeatureServer/0","Texas Health and Human Services Commission"
"tx-hhsc-assisted-living:110669","TEXAS LOVING SERENITY","110669","assisted_living","Assisted Living","MONTGOMERY","10943 REDBIRD PL","CONROE","TX","77385","(281) 323-4624","(281) 323-4688","12","","","","","","","","true","30.1598","-95.4148","139.2","tx-hhsc-assisted-living","Texas HHSC Assisted Living Facilities","https://services1.arcgis.com/jI1j5lArZnrgFYSc/ArcGIS/rest/services/Assisted_Living/FeatureServer/0","Texas Health and Human Services Commission"
"tx-hhsc-assisted-living:105034","THE AVENUES OF FORT BEND ASSISTED LIVING AND MEMORY CARE","105034","assisted_living","Assisted Living","FORT BEND","3505 FM 1092","MISSOURI CITY","TX","77459","(281) 261-1217","(281) 261-1310","87","","","","","","","","true","29.5695","-95.5621","139.2","tx-hhsc-assisted-living","Texas HHSC Assisted Living Facilities","https://services1.arcgis.com/jI1j5lArZnrgFYSc/ArcGIS/rest/services/Assisted_Living/FeatureServer/0","Texas Health and Human Services Commission"
"tx-hhsc-assisted-living:030134","COM FOR CARE ASSISTED LIVING LLC","030134","assisted_living","Assisted Living","HARRIS","7103 LEADER ST","HOUSTON","TX","77074","(713) 592-6359","(713) 534-1173","9","","","","","","","","true","29.7026","-95.5088","139.3","tx-hhsc-assisted-living","Texas HHSC Assisted Living Facilities","https://services1.arcgis.com/jI1j5lArZnrgFYSc/ArcGIS/rest/services/Assisted_Living/FeatureServer/0","Texas Health and Human Services Commission"
"tx-hhsc-assisted-living:000940","COM FOR CARE ASSISTED LIVING LLC","000940","assisted_living","Assisted Living","HARRIS","7106 LEADER ST","HOUSTON","TX","77074","(713) 592-6359","(713) 534-1173","10","","","","","","","","true","29.7031","-95.5091","139.3","tx-hhsc-assisted-living","Texas HHSC Assisted Living Facilities","https://services1.arcgis.com/jI1j5lArZnrgFYSc/ArcGIS/rest/services/Assisted_Living/FeatureServer/0","Texas Health and Human Services Commission"
"tx-hhsc-assisted-living:105900","FIRST CLASS HOME SERVICES INC","105900","assisted_living","Assisted Living","HARRIS","10810 BRAES FOREST DR","HOUSTON","TX","77071","(713) 432-1877","(713) 779-4282","7","","","","","","","","true","29.6626","-95.5209","139.4","tx-hhsc-assisted-living","Texas HHSC Assisted Living Facilities","https://services1.arcgis.com/jI1j5lArZnrgFYSc/ArcGIS/rest/services/Assisted_Living/FeatureServer/0","Texas Health and Human Services Commission"
"tx-hhsc-assisted-living:107164","FORCH PERSONAL CARE HOME","107164","assisted_living","Assisted Living","FORT BEND","1710 PATRICIA LANE","MISSOURI CITY","TX","77489","(713) 485-5034","(281) 990-6368","6","","","","","","","","true","29.6148","-95.5374","139.5","tx-hhsc-assisted-living","Texas HHSC Assisted Living Facilities","https://services1.arcgis.com/jI1j5lArZnrgFYSc/ArcGIS/rest/services/Assisted_Living/FeatureServer/0","Texas Health and Human Services Commission"
"tx-hhsc-assisted-living:103909","UNLIMITED CARE ASSISTED LIVING COTTAGES","103909","assisted_living","Assisted Living","MONTGOMERY","2027 CHERRY LAUREL DR","SPRING","TX","77386","(713) 419-2609","(936) 321-2795","7","","","","","","","","true","30.1215","-95.4122","139.6","tx-hhsc-assisted-living","Texas HHSC Assisted Living Facilities","https://services1.arcgis.com/jI1j5lArZnrgFYSc/ArcGIS/rest/services/Assisted_Living/FeatureServer/0","Texas Health and Human Services Commission"
"tx-hhsc-assisted-living:110671","ANTHOLOGY OF TANGLEWOOD","110671","assisted_living","Assisted Living","HARRIS","502 BERING DRIVE","HOUSTON","TX","77057","(713) 782-8000","(346) 396-3622","74","","","","","","","","true","29.7651","-95.48","139.8","tx-hhsc-assisted-living","Texas HHSC Assisted Living Facilities","https://services1.arcgis.com/jI1j5lArZnrgFYSc/ArcGIS/rest/services/Assisted_Living/FeatureServer/0","Texas Health and Human Services Commission"
"tx-hhsc-assisted-living:030396","THE FARRINGTON AT TANGLEWOOD","030396","assisted_living","Assisted Living","HARRIS","505 BERING DRIVE","HOUSTON","TX","77057","(713) 532-1718","(719) 532-6118","140","","","","","","","","true","29.7643","-95.4801","139.8","tx-hhsc-assisted-living","Texas HHSC Assisted Living Facilities","https://services1.arcgis.com/jI1j5lArZnrgFYSc/ArcGIS/rest/services/Assisted_Living/FeatureServer/0","Texas Health and Human Services Commission"
"tx-hhsc-assisted-living:106876","COZY LIVING COMMUNITY","106876","assisted_living","Assisted Living","FORT BEND","1405 ADAMS ST","MISSOURI CITY","TX","77489","(281) 208-7185","(346) 888-5050","10","","","","","","","","true","29.6155","-95.5309","139.9","tx-hhsc-assisted-living","Texas HHSC Assisted Living Facilities","https://services1.arcgis.com/jI1j5lArZnrgFYSc/ArcGIS/rest/services/Assisted_Living/FeatureServer/0","Texas Health and Human Services Commission"
"tx-hhsc-assisted-living:102983","RAFIKIHOMES UCGA LLC","102983","assisted_living","Assisted Living","MONTGOMERY","29730 SPRING TERRACE DR","SPRING","TX","77386","(281) 924-7173","(844) 201-0621","6","","","","","","","","true","30.1192","-95.4015","140.2","tx-hhsc-assisted-living","Texas HHSC Assisted Living Facilities","https://services1.arcgis.com/jI1j5lArZnrgFYSc/ArcGIS/rest/services/Assisted_Living/FeatureServer/0","Texas Health and Human Services Commission"
"tx-hhsc-assisted-living:030283","TEXAS COMMUNITY CARE PERSONAL CARE HOME","030283","assisted_living","Assisted Living","HARRIS","12119 FAIRMEADOW DR","HOUSTON","TX","77071","(713) 729-4257","(713) 729-6630","13","","","","","","","","true","29.6463","-95.5142","140.2","tx-hhsc-assisted-living","Texas HHSC Assisted Living Facilities","https://services1.arcgis.com/jI1j5lArZnrgFYSc/ArcGIS/rest/services/Assisted_Living/FeatureServer/0","Texas Health and Human Services Commission"
"tx-hhsc-assisted-living:100115","GOOD LIVING COMMUNITY CARE INC #4","100115","assisted_living","Assisted Living","HARRIS","5719 DOLORES ST","HOUSTON","TX","77057","(713) 953-0848","(713) 953-0652","16","","","","","","","","true","29.7339","-95.4798","140.3","tx-hhsc-assisted-living","Texas HHSC Assisted Living Facilities","https://services1.arcgis.com/jI1j5lArZnrgFYSc/ArcGIS/rest/services/Assisted_Living/FeatureServer/0","Texas Health and Human Services Commission"
"tx-hhsc-assisted-living:102491","SEVEN ACRES JEWISH SENIOR CARE SERVICES, INC","102491","assisted_living","Assisted Living","HARRIS","6262 NORTH BRAESWOOD BLVD.","HOUSTON","TX","77074","(713) 778-5790","(713) 778-0823","90","","","","","","","","true","29.6777","-95.4993","140.3","tx-hhsc-assisted-living","Texas HHSC Assisted Living Facilities","https://services1.arcgis.com/jI1j5lArZnrgFYSc/ArcGIS/rest/services/Assisted_Living/FeatureServer/0","Texas Health and Human Services Commission"
"tx-hhsc-assisted-living:103846","THE VERANDA","103846","assisted_living","Assisted Living","UVALDE","201 HAM","UVALDE","TX","78801","(830) 278-8220","","60","","","","","","","","true","29.2341","-99.757","140.3","tx-hhsc-assisted-living","Texas HHSC Assisted Living Facilities","https://services1.arcgis.com/jI1j5lArZnrgFYSc/ArcGIS/rest/services/Assisted_Living/FeatureServer/0","Texas Health and Human Services Commission"
"tx-hhsc-assisted-living:000983","GOOD LIVING COMMUNITY CARE INC III","000983","assisted_living","Assisted Living","HARRIS","5715 DOLORES ST","HOUSTON","TX","77057","(713) 953-0848","(713) 953-0652","16","","","","","","","","true","29.7342","-95.4795","140.4","tx-hhsc-assisted-living","Texas HHSC Assisted Living Facilities","https://services1.arcgis.com/jI1j5lArZnrgFYSc/ArcGIS/rest/services/Assisted_Living/FeatureServer/0","Texas Health and Human Services Commission"
"tx-hhsc-assisted-living:102527","SUBJECTIVE HOME CARE","102527","assisted_living","Assisted Living","HARRIS","6626 DEPRIEST ST","HOUSTON","TX","77091","(713) 742-9688","(713) 742-8719","9","","","","","","","","true","29.8538","-95.4384","140.7","tx-hhsc-assisted-living","Texas HHSC Assisted Living Facilities","https://services1.arcgis.com/jI1j5lArZnrgFYSc/ArcGIS/rest/services/Assisted_Living/FeatureServer/0","Texas Health and Human Services Commission"
"tx-hhsc-assisted-living:101283","ADA'S PERSONAL CARE HOME","101283","assisted_living","Assisted Living","FORT BEND","2015 EASTFIELD CIR","MISSOURI CITY","TX","77459","(281) 438-1677","(281) 438-5629","6","","","","","","","","true","29.5723","-95.5325","140.8","tx-hhsc-assisted-living","Texas HHSC Assisted Living Facilities","https://services1.arcgis.com/jI1j5lArZnrgFYSc/ArcGIS/rest/services/Assisted_Living/FeatureServer/0","Texas Health and Human Services Commission"
"tx-hhsc-assisted-living:104123","CIRCLES AT WRENWAY, LLC","104123","assisted_living","Assisted Living","FORT BEND","1602 WRENWAY DR","MISSOURI CITY","TX","77489","(281) 741-9945","(281) 741-9945","5","","","","","","","","true","29.5887","-95.5266","140.8","tx-hhsc-assisted-living","Texas HHSC Assisted Living Facilities","https://services1.arcgis.com/jI1j5lArZnrgFYSc/ArcGIS/rest/services/Assisted_Living/FeatureServer/0","Texas Health and Human Services Commission"
"tx-hhsc-assisted-living:100969","SAINT FRANCIS HEALTH CARE SERVICES","100969","assisted_living","Assisted Living","HARRIS","6330 DAWNRIDGE DR","HOUSTON","TX","77035","(713) 729-3970","(281) 983-9262","10","","","","","","","","true","29.6491","-95.5018","140.8","tx-hhsc-assisted-living","Texas HHSC Assisted Living Facilities","https://services1.arcgis.com/jI1j5lArZnrgFYSc/ArcGIS/rest/services/Assisted_Living/FeatureServer/0","Texas Health and Human Services Commission"
"tx-hhsc-assisted-living:000757","THE FORUM AT MEMORIAL WOODS","000757","assisted_living","Assisted Living","HARRIS","801 N POST OAK RD","HOUSTON","TX","77024","(713) 956-0870","(713) 956-0732","148","","","","","","","","true","29.781","-95.457","140.8","tx-hhsc-assisted-living","Texas HHSC Assisted Living Facilities","https://services1.arcgis.com/jI1j5lArZnrgFYSc/ArcGIS/rest/services/Assisted_Living/FeatureServer/0","Texas Health and Human Services Commission"
"tx-hhsc-assisted-living:050655","GEMS QUALITY CARE HOME","050655","assisted_living","Assisted Living","FORT BEND","1407 RIVER ROCK DR","MISSOURI CITY","TX","77489","(281) 437-1432","","6","","","","","","","","true","29.5927","-95.5222","140.9","tx-hhsc-assisted-living","Texas HHSC Assisted Living Facilities","https://services1.arcgis.com/jI1j5lArZnrgFYSc/ArcGIS/rest/services/Assisted_Living/FeatureServer/0","Texas Health and Human Services Commission"
"tx-hhsc-assisted-living:105499","HOMEBRIDGE CARE","105499","assisted_living","Assisted Living","HARRIS","1324 LEMM #2 ROAD","SPRING","TX","77373","(713) 785-5501","(832) 448-9328","16","","","","","","","","true","30.0636","-95.396","140.9","tx-hhsc-assisted-living","Texas HHSC Assisted Living Facilities","https://services1.arcgis.com/jI1j5lArZnrgFYSc/ArcGIS/rest/services/Assisted_Living/FeatureServer/0","Texas Health and Human Services Commission"
"tx-hhsc-assisted-living:102046","TEXAS COMMUNITY CARE CENTER","102046","assisted_living","Assisted Living","HARRIS","10719 HILLCROFT","HOUSTON","TX","77096","(713) 885-0781","","14","","","","","","","","true","29.6637","-95.4917","141.1","tx-hhsc-assisted-living","Texas HHSC Assisted Living Facilities","https://services1.arcgis.com/jI1j5lArZnrgFYSc/ArcGIS/rest/services/Assisted_Living/FeatureServer/0","Texas Health and Human Services Commission"
"tx-hhsc-assisted-living:000351","QUALITY PERSONAL CARE HOMES, INC","000351","assisted_living","Assisted Living","FORT BEND","543 DALEWOOD DR","MISSOURI CITY","TX","77489","(281) 438-9231","(281) 208-1627","7","","","","","","","","true","29.6054","-95.5122","141.2","tx-hhsc-assisted-living","Texas HHSC Assisted Living Facilities","https://services1.arcgis.com/jI1j5lArZnrgFYSc/ArcGIS/rest/services/Assisted_Living/FeatureServer/0","Texas Health and Human Services Commission"
"tx-hhsc-assisted-living:000677","THE HALLMARK ASSISTED LIVING  ALZHEIMER'S CENTER","000677","assisted_living","Assisted Living","HARRIS","4718 HALLMARK DR","HOUSTON","TX","77056","(713) 622-6633","(713) 599-1324","22","","","","","","","","true","29.7509","-95.4588","141.2","tx-hhsc-assisted-living","Texas HHSC Assisted Living Facilities","https://services1.arcgis.com/jI1j5lArZnrgFYSc/ArcGIS/rest/services/Assisted_Living/FeatureServer/0","Texas Health and Human Services Commission"
"tx-hhsc-assisted-living:030042","COM FOR CARE ASSISTED LIVING LLC","030042","assisted_living","Assisted Living","HARRIS","5217 SPRUCE ST","BELLAIRE","TX","77401","(713) 661-7510","(713) 534-1173","14","","","","","","","","true","29.7076","-95.4719","141.3","tx-hhsc-assisted-living","Texas HHSC Assisted Living Facilities","https://services1.arcgis.com/jI1j5lArZnrgFYSc/ArcGIS/rest/services/Assisted_Living/FeatureServer/0","Texas Health and Human Services Commission"
"tx-hhsc-assisted-living:100410","COM FOR CARE INC BELLAIRE II","100410","assisted_living","Assisted Living","HARRIS","5215 SPRUCE","BELLAIRE","TX","77401","(713) 592-6324","(713) 534-1173","10","","","","","","","","true","29.7076","-95.4717","141.3","tx-hhsc-assisted-living","Texas HHSC Assisted Living Facilities","https://services1.arcgis.com/jI1j5lArZnrgFYSc/ArcGIS/rest/services/Assisted_Living/FeatureServer/0","Texas Health and Human Services Commission"
"tx-hhsc-assisted-living:000797","BROOKDALE GALLERIA","000797","assisted_living","Assisted Living","HARRIS","2929 POST OAK BLVD","HOUSTON","TX","77056","(713) 993-9999","(713) 993-0169","46","","","","","","","","true","29.7369","-95.4599","141.4","tx-hhsc-assisted-living","Texas HHSC Assisted Living Facilities","https://services1.arcgis.com/jI1j5lArZnrgFYSc/ArcGIS/rest/services/Assisted_Living/FeatureServer/0","Texas Health and Human Services Commission"
"tx-hhsc-assisted-living:102033","GOLDEN SPLENDOR PERSONAL CARE HOME","102033","assisted_living","Assisted Living","FORT BEND","8610 QUAIL VISTA DR","MISSOURI CITY","TX","77489","(281) 835-0662","(346) 888-5050","7","","","","","","","","true","29.582","-95.5187","141.4","tx-hhsc-assisted-living","Texas HHSC Assisted Living Facilities","https://services1.arcgis.com/jI1j5lArZnrgFYSc/ArcGIS/rest/services/Assisted_Living/FeatureServer/0","Texas Health and Human Services Commission"
"tx-hhsc-assisted-living:100261","QUALITY PERSONAL CARE HOMES INC","100261","assisted_living","Assisted Living","FORT BEND","17015 ARTWOOD LN","MISSOURI CITY","TX","77489","(281) 437-1780","(281) 208-1627","7","","","","","","","","true","29.5781","-95.5195","141.4","tx-hhsc-assisted-living","Texas HHSC Assisted Living Facilities","https://services1.arcgis.com/jI1j5lArZnrgFYSc/ArcGIS/rest/services/Assisted_Living/FeatureServer/0","Texas Health and Human Services Commission"
"tx-hhsc-assisted-living:030169","BROOKDALE THE HEIGHTS","030169","assisted_living","Assisted Living","HARRIS","2121 PINEGATE DR","HOUSTON","TX","77008","(713) 861-9952","(713) 861-9963","20","","","","","","","","true","29.8088","-95.4354","141.6","tx-hhsc-assisted-living","Texas HHSC Assisted Living Facilities","https://services1.arcgis.com/jI1j5lArZnrgFYSc/ArcGIS/rest/services/Assisted_Living/FeatureServer/0","Texas Health and Human Services Commission"
"tx-hhsc-assisted-living:030162","BROOKDALE THE HEIGHTS","030162","assisted_living","Assisted Living","HARRIS","2121 PINEGATE DR","HOUSTON","TX","77008","(713) 861-9952","(713) 861-9963","188","","","","","","","","true","29.8088","-95.4354","141.6","tx-hhsc-assisted-living","Texas HHSC Assisted Living Facilities","https://services1.arcgis.com/jI1j5lArZnrgFYSc/ArcGIS/rest/services/Assisted_Living/FeatureServer/0","Texas Health and Human Services Commission"
"tx-hhsc-assisted-living:010305","HALL'S PERSONAL CARE","010305","assisted_living","Assisted Living","HARRIS","12402 RENWICK DR","HOUSTON","TX","77035","(713) 283-8799","(7137) 268-9014","11","","","","","","","","true","29.6424","-95.4844","141.9","tx-hhsc-assisted-living","Texas HHSC Assisted Living Facilities","https://services1.arcgis.com/jI1j5lArZnrgFYSc/ArcGIS/rest/services/Assisted_Living/FeatureServer/0","Texas Health and Human Services Commission"
"tx-hhsc-assisted-living:000579","THE GARDENS OF BELLAIRE","000579","assisted_living","Assisted Living","HARRIS","4620 BELLAIRE BLVD","BELLAIRE","TX","77401","(713) 665-3888","(713) 666-0888","115","","","","","","","","true","29.7068","-95.4576","142.1","tx-hhsc-assisted-living","Texas HHSC Assisted Living Facilities","https://services1.arcgis.com/jI1j5lArZnrgFYSc/ArcGIS/rest/services/Assisted_Living/FeatureServer/0","Texas Health and Human Services Commission"
"tx-hhsc-assisted-living:101677","BETHEL HOME CARE","101677","assisted_living","Assisted Living","FORT BEND","7315 TOWERVIEW LN","MISSOURI CITY","TX","77489","(281) 437-2956","(281) 416-2190","11","","","","","","","","true","29.6011","-95.4964","142.2","tx-hhsc-assisted-living","Texas HHSC Assisted Living Facilities","https://services1.arcgis.com/jI1j5lArZnrgFYSc/ArcGIS/rest/services/Assisted_Living/FeatureServer/0","Texas Health and Human Services Commission"
"tx-hhsc-assisted-living:104372","PECAN GROVE","104372","assisted_living","Assisted Living","WALKER","929 STATE HIGHWAY 150","NEW WAVERLY","TX","77358","(936) 337-4334","(832) 218-3468","14","","","","","","","","true","30.529","-95.376","142.2","tx-hhsc-assisted-living","Texas HHSC Assisted Living Facilities","https://services1.arcgis.com/jI1j5lArZnrgFYSc/ArcGIS/rest/services/Assisted_Living/FeatureServer/0","Texas Health and Human Services Commission"
"tx-hhsc-assisted-living:110638","THE WATERMARK AT HOUSTON HEIGHTS","110638","assisted_living","Assisted Living","HARRIS","1245 W. 18TH STREET","HOUSTON","TX","77008","(346) 341-0002","","267","","","","","","","","true","29.8021","-95.422","142.5","tx-hhsc-assisted-living","Texas HHSC Assisted Living Facilities","https://services1.arcgis.com/jI1j5lArZnrgFYSc/ArcGIS/rest/services/Assisted_Living/FeatureServer/0","Texas Health and Human Services Commission"
"tx-hhsc-assisted-living:000862","214 MARTIN AN ASSISTED RESIDENCE","000862","assisted_living","Assisted Living","UVALDE","214 MARTIN ST","UVALDE","TX","78801","(830) 278-1134","(830) 279-0956","16","","","","","","","","true","29.2206","-99.794","142.7","tx-hhsc-assisted-living","Texas HHSC Assisted Living Facilities","https://services1.arcgis.com/jI1j5lArZnrgFYSc/ArcGIS/rest/services/Assisted_Living/FeatureServer/0","Texas Health and Human Services Commission"
"tx-hhsc-assisted-living:102335","SHEPHERD PERSONAL CARE HOME","102335","assisted_living","Assisted Living","FORT BEND","2810 TROY DR","MISSOURI CITY","TX","77459","(281) 437-2003","(281) 437-2003","7","","","","","","","","true","29.548","-95.5096","142.7","tx-hhsc-assisted-living","Texas HHSC Assisted Living Facilities","https://services1.arcgis.com/jI1j5lArZnrgFYSc/ArcGIS/rest/services/Assisted_Living/FeatureServer/0","Texas Health and Human Services Commission"
"tx-hhsc-assisted-living:101946","SUN ROSE ADULT HOME","101946","assisted_living","Assisted Living","HARRIS","10908 WILLOWISP","HOUSTON","TX","77035","(713) 729-6617","","5","","","","","","","","true","29.6621","-95.4637","142.7","tx-hhsc-assisted-living","Texas HHSC Assisted Living Facilities","https://services1.arcgis.com/jI1j5lArZnrgFYSc/ArcGIS/rest/services/Assisted_Living/FeatureServer/0","Texas Health and Human Services Commission"
"tx-hhsc-assisted-living:105335","VILLAGE OF MEYERLAND","105335","assisted_living","Assisted Living","HARRIS","4141 N BRAESWOOD BLVD","HOUSTON","TX","77005","(713) 665-4141","","188","","","","","","","","true","29.6895","-95.4452","143.2","tx-hhsc-assisted-living","Texas HHSC Assisted Living Facilities","https://services1.arcgis.com/jI1j5lArZnrgFYSc/ArcGIS/rest/services/Assisted_Living/FeatureServer/0","Texas Health and Human Services Commission"
"tx-hhsc-assisted-living:030184","BRAZOS TOWER AT BAYOU MANOR","030184","assisted_living","Assisted Living","HARRIS","4141 S BRAESWOOD BLVD","HOUSTON","TX","77025","(713) 666-2651","(713) 660-5048","33","","","","","","","","true","29.6867","-95.4443","143.3","tx-hhsc-assisted-living","Texas HHSC Assisted Living Facilities","https://services1.arcgis.com/jI1j5lArZnrgFYSc/ArcGIS/rest/services/Assisted_Living/FeatureServer/0","Texas Health and Human Services Commission"
"tx-hhsc-assisted-living:110605","PINE HOLLOW RANCH SENIOR LIVING","110605","assisted_living","Assisted Living","MONTGOMERY","11497 COON HOLLOW RD","CONROE","TX","77306","(936) 231-1303","(936) 231-1703","16","","","","","","","","true","30.286","-95.3409","143.3","tx-hhsc-assisted-living","Texas HHSC Assisted Living Facilities","https://services1.arcgis.com/jI1j5lArZnrgFYSc/ArcGIS/rest/services/Assisted_Living/FeatureServer/0","Texas Health and Human Services Commission"
"tx-hhsc-assisted-living:102737","LOVING CARE ASSISTED LIVING HOME","102737","assisted_living","Assisted Living","HARRIS","8209 N. MAIN","HOUSTON","TX","77022","(713) 692-1414","","9","","","","","","","","true","29.824","-95.3957","143.7","tx-hhsc-assisted-living","Texas HHSC Assisted Living Facilities","https://services1.arcgis.com/jI1j5lArZnrgFYSc/ArcGIS/rest/services/Assisted_Living/FeatureServer/0","Texas Health and Human Services Commission"
"tx-hhsc-assisted-living:110577","MORNINGSTAR ASSISTED LIVING AND MEMORY CARE AT RIVER OAKS","110577","assisted_living","Assisted Living","HARRIS","2315 RICHMOND AVE","HOUSTON","TX","77098","(303) 597-0577","","124","","","","","","","","true","29.7338","-95.416","144","tx-hhsc-assisted-living","Texas HHSC Assisted Living Facilities","https://services1.arcgis.com/jI1j5lArZnrgFYSc/ArcGIS/rest/services/Assisted_Living/FeatureServer/0","Texas Health and Human Services Commission"
"tx-hhsc-assisted-living:030197","BELMONT VILLAGE WEST UNIVERSITY TENANT LLC","030197","assisted_living","Assisted Living","HARRIS","2929 W HOLCOMBE BLVD","HOUSTON","TX","77025","(713) 592-9200","(713) 592-0274","174","","","","","","","","true","29.7059","-95.4239","144.1","tx-hhsc-assisted-living","Texas HHSC Assisted Living Facilities","https://services1.arcgis.com/jI1j5lArZnrgFYSc/ArcGIS/rest/services/Assisted_Living/FeatureServer/0","Texas Health and Human Services Commission"
"tx-hhsc-assisted-living:110262","COUNTRYSIDE MANOR ASSISTED LIVING","110262","assisted_living","Assisted Living","MONTGOMERY","15439 MCRAE LAKE","CONROE","TX","77303","(936) 264-0450","","12","","","","","","","","true","30.384","-95.3303","144.1","tx-hhsc-assisted-living","Texas HHSC Assisted Living Facilities","https://services1.arcgis.com/jI1j5lArZnrgFYSc/ArcGIS/rest/services/Assisted_Living/FeatureServer/0","Texas Health and Human Services Commission"
"tx-hhsc-assisted-living:030187","THE LIGHTHOUSE OF HOUSTON GROUP HOME I","030187","assisted_living","Assisted Living","HARRIS","820 A MARSTON STREET","HOUSTON","TX","77019","(713) 284-8494","(713) 284-8451","5","","","","","","","","true","29.7588","-95.4074","144.1","tx-hhsc-assisted-living","Texas HHSC Assisted Living Facilities","https://services1.arcgis.com/jI1j5lArZnrgFYSc/ArcGIS/rest/services/Assisted_Living/FeatureServer/0","Texas Health and Human Services Commission"
"tx-hhsc-assisted-living:030188","THE LIGHTHOUSE OF HOUSTON GROUP HOME I I","030188","assisted_living","Assisted Living","HARRIS","820 MARSTON ST - B","HOUSTON","TX","77019","(713) 284-8494","(713) 284-8451","5","","","","","","","","true","29.7588","-95.4074","144.1","tx-hhsc-assisted-living","Texas HHSC Assisted Living Facilities","https://services1.arcgis.com/jI1j5lArZnrgFYSc/ArcGIS/rest/services/Assisted_Living/FeatureServer/0","Texas Health and Human Services Commission"
"tx-hhsc-assisted-living:106919","THE VILLAGE OF RIVER OAKS","106919","assisted_living","Assisted Living","HARRIS","1015 S SHEPHERD DR","HOUSTON","TX","77019","(713) 952-7600","(346) 352-3944","120","","","","","","","","true","29.7562","-95.4083","144.1","tx-hhsc-assisted-living","Texas HHSC Assisted Living Facilities","https://services1.arcgis.com/jI1j5lArZnrgFYSc/ArcGIS/rest/services/Assisted_Living/FeatureServer/0","Texas Health and Human Services Commission"
"tx-hhsc-assisted-living:102894","SANTA FE TRAILS ASSISTED LIVING AND MEMORY CARE COMMUNITY","102894","assisted_living","Assisted Living","JOHNSON","402 COLONIAL DR","CLEBURNE","TX","76033","817 6450785","817 6453237","70","","","","","","","","true","32.3353","-97.4128","144.2","tx-hhsc-assisted-living","Texas HHSC Assisted Living Facilities","https://services1.arcgis.com/jI1j5lArZnrgFYSc/ArcGIS/rest/services/Assisted_Living/FeatureServer/0","Texas Health and Human Services Commission"
"tx-hhsc-assisted-living:110378","VILLAGE OF SOUTHAMPTON","110378","assisted_living","Assisted Living","HARRIS","5020 KELVIN DRIVE","HOUSTON","TX","77005","","","75","","","","","","","","true","29.7205","-95.4169","144.2","tx-hhsc-assisted-living","Texas HHSC Assisted Living Facilities","https://services1.arcgis.com/jI1j5lArZnrgFYSc/ArcGIS/rest/services/Assisted_Living/FeatureServer/0","Texas Health and Human Services Commission"
"tx-hhsc-assisted-living:110272","THE TRADITION  BUFFALO SPEEDWAY","110272","assisted_living","Assisted Living","HARRIS","9339 BUFFALO SPEEDWAY","HOUSTON","TX","77025","(713) 715-1905","","108","","","","","","","","true","29.6844","-95.426","144.4","tx-hhsc-assisted-living","Texas HHSC Assisted Living Facilities","https://services1.arcgis.com/jI1j5lArZnrgFYSc/ArcGIS/rest/services/Assisted_Living/FeatureServer/0","Texas Health and Human Services Commission"
"tx-hhsc-assisted-living:106191","THE VILLAGE OF THE HEIGHTS","106191","assisted_living","Assisted Living","HARRIS","1407 STUDEWOOD STREET","HOUSTON","TX","77008","(281) 996-0101","(281) 996-1141","136","","","","","","","","true","29.7967","-95.3887","144.5","tx-hhsc-assisted-living","Texas HHSC Assisted Living Facilities","https://services1.arcgis.com/jI1j5lArZnrgFYSc/ArcGIS/rest/services/Assisted_Living/FeatureServer/0","Texas Health and Human Services Commission"
"tx-hhsc-assisted-living:030414","BRAESWOOD ESTATES SENIOR LIVING","030414","assisted_living","Assisted Living","HARRIS","2555 S BRAESWOOD","HOUSTON","TX","77025","(713) 839-8265","(713) 664-9495","120","","","","","","","","true","29.6954","-95.4179","144.7","tx-hhsc-assisted-living","Texas HHSC Assisted Living Facilities","https://services1.arcgis.com/jI1j5lArZnrgFYSc/ArcGIS/rest/services/Assisted_Living/FeatureServer/0","Texas Health and Human Services Commission"
"tx-hhsc-assisted-living:000666","BROOKDALE CORSICANA","000666","assisted_living","Assisted Living","NAVARRO","3329 W 7TH AVE","CORSICANA","TX","75110","(903) 872-8400","(903) 872-8325","50","","","","","","","","true","32.0731","-96.499","144.8","tx-hhsc-assisted-living","Texas HHSC Assisted Living Facilities","https://services1.arcgis.com/jI1j5lArZnrgFYSc/ArcGIS/rest/services/Assisted_Living/FeatureServer/0","Texas Health and Human Services Commission"
"tx-hhsc-assisted-living:010309","ALL GODS PEOPLE ASSISTED LIVING HOME","010309","assisted_living","Assisted Living","HARRIS","3903 DARLINGHURST DR","HOUSTON","TX","77045","(713) 433-3088","(713) 433-3088","11","","","","","","","","true","29.6238","-95.4355","145.1","tx-hhsc-assisted-living","Texas HHSC Assisted Living Facilities","https://services1.arcgis.com/jI1j5lArZnrgFYSc/ArcGIS/rest/services/Assisted_Living/FeatureServer/0","Texas Health and Human Services Commission"
"tx-hhsc-assisted-living:103635","ALL GODS PEOPLE ASSISTED LIVING HOME 2","103635","assisted_living","Assisted Living","HARRIS","3907 DARLINGHURST DR","HOUSTON","TX","77045","(713) 433-6700","(713) 433-6700","8","","","","","","","","true","29.6238","-95.4357","145.1","tx-hhsc-assisted-living","Texas HHSC Assisted Living Facilities","https://services1.arcgis.com/jI1j5lArZnrgFYSc/ArcGIS/rest/services/Assisted_Living/FeatureServer/0","Texas Health and Human Services Commission"
"tx-hhsc-assisted-living:030311","COLONIAL OAKS AT BRAESWOOD","030311","assisted_living","Assisted Living","HARRIS","7800 N STADIUM DR","HOUSTON","TX","77030","(713) 799-8200","(713) 799-2343","64","","","","","","","","true","29.6965","-95.4097","145.1","tx-hhsc-assisted-living","Texas HHSC Assisted Living Facilities","https://services1.arcgis.com/jI1j5lArZnrgFYSc/ArcGIS/rest/services/Assisted_Living/FeatureServer/0","Texas Health and Human Services Commission"
"tx-hhsc-assisted-living:000664","WREN HOUSE","000664","assisted_living","Assisted Living","JOHNSON","814 WOODARD AVE","CLEBURNE","TX","76031","(817) 517-6170","(817) 645-0290","53","","","","","","","","true","32.3492","-97.4102","145.2","tx-hhsc-assisted-living","Texas HHSC Assisted Living Facilities","https://services1.arcgis.com/jI1j5lArZnrgFYSc/ArcGIS/rest/services/Assisted_Living/FeatureServer/0","Texas Health and Human Services Commission"
"tx-hhsc-assisted-living:106182","BRISTOL PARK AT CLEBURNE","106182","assisted_living","Assisted Living","JOHNSON","902 WALTER HOLIDAY DRIVE","CLEBURNE","TX","76033","(817) 645-8000","","94","","","","","","","","true","32.3547","-97.4428","145.3","tx-hhsc-assisted-living","Texas HHSC Assisted Living Facilities","https://services1.arcgis.com/jI1j5lArZnrgFYSc/ArcGIS/rest/services/Assisted_Living/FeatureServer/0","Texas Health and Human Services Commission"
"tx-hhsc-assisted-living:000613","BROWNING ONE PERSONAL CARE FACILITY INC","000613","assisted_living","Assisted Living","HARRIS","13438 TOWNWOOD DR","HOUSTON","TX","77045","(832) 834-3347","(979) 387-3164","15","","","","","","","","true","29.6321","-95.43","145.3","tx-hhsc-assisted-living","Texas HHSC Assisted Living Facilities","https://services1.arcgis.com/jI1j5lArZnrgFYSc/ArcGIS/rest/services/Assisted_Living/FeatureServer/0","Texas Health and Human Services Commission"
"tx-hhsc-assisted-living:030046","LOVETT PLACE","030046","assisted_living","Assisted Living","HARRIS","808 LOVETT BLVD","HOUSTON","TX","77006","(713) 526-2233","(713) 942-7831","16","","","","","","","","true","29.7438","-95.3896","145.4","tx-hhsc-assisted-living","Texas HHSC Assisted Living Facilities","https://services1.arcgis.com/jI1j5lArZnrgFYSc/ArcGIS/rest/services/Assisted_Living/FeatureServer/0","Texas Health and Human Services Commission"
"tx-hhsc-assisted-living:000478","THE VILLAGE AT HERITAGE OAKS  ALF","000478","assisted_living","Assisted Living","NAVARRO","3002 W. 2ND AVE.","CORSICANA","TX","75110","(903) 872-5130","(903) 872-5949","92","","","","","","","","true","32.083","-96.4985","145.4","tx-hhsc-assisted-living","Texas HHSC Assisted Living Facilities","https://services1.arcgis.com/jI1j5lArZnrgFYSc/ArcGIS/rest/services/Assisted_Living/FeatureServer/0","Texas Health and Human Services Commission"
"tx-hhsc-assisted-living:104966","OUR FATHER'S HOUSE","104966","assisted_living","Assisted Living","HARRIS","3214 KNOTTY OAKS","HOUSTON","TX","77045","(832) 380-4423","(281) 412-4959","8","","","","","","","","true","29.6336","-95.4247","145.5","tx-hhsc-assisted-living","Texas HHSC Assisted Living Facilities","https://services1.arcgis.com/jI1j5lArZnrgFYSc/ArcGIS/rest/services/Assisted_Living/FeatureServer/0","Texas Health and Human Services Commission"
"tx-hhsc-assisted-living:030124","HOLLY HALL","030124","assisted_living","Assisted Living","HARRIS","2000 HOLLY HALL ST","HOUSTON","TX","77054","(713) 799-9031","(713) 799-2702","60","","","","","","","","true","29.6838","-95.4015","145.8","tx-hhsc-assisted-living","Texas HHSC Assisted Living Facilities","https://services1.arcgis.com/jI1j5lArZnrgFYSc/ArcGIS/rest/services/Assisted_Living/FeatureServer/0","Texas Health and Human Services Commission"
"tx-hhsc-assisted-living:102090","LOVING CARE PERSONAL CARE HOME","102090","assisted_living","Assisted Living","HARRIS","20011 FOXWOOD FOREST BLVD","HUMBLE","TX","77338","(281) 446-6683","(713) 699-1572","8","","","","","","","","true","30.0103","-95.318","146","tx-hhsc-assisted-living","Texas HHSC Assisted Living Facilities","https://services1.arcgis.com/jI1j5lArZnrgFYSc/ArcGIS/rest/services/Assisted_Living/FeatureServer/0","Texas Health and Human Services Commission"
"tx-hhsc-assisted-living:103275","MENTIS NEURO HEALTH","103275","assisted_living","Assisted Living","HARRIS","9551 FANNIN ST","HOUSTON","TX","77045","(713) 331-0259","(713) 331-0257","24","","","","","","","","true","29.6636","-95.4018","146.2","tx-hhsc-assisted-living","Texas HHSC Assisted Living Facilities","https://services1.arcgis.com/jI1j5lArZnrgFYSc/ArcGIS/rest/services/Assisted_Living/FeatureServer/0","Texas Health and Human Services Commission"
"tx-hhsc-assisted-living:110193","SILVERADO HERMANN PARK","110193","assisted_living","Assisted Living","HARRIS","5600 CHENEVERT STREET","HOUSTON","TX","77004","(713) 574-5088","(713) 521-0165","80","","","","","","","","true","29.7214","-95.3833","146.2","tx-hhsc-assisted-living","Texas HHSC Assisted Living Facilities","https://services1.arcgis.com/jI1j5lArZnrgFYSc/ArcGIS/rest/services/Assisted_Living/FeatureServer/0","Texas Health and Human Services Commission"
"tx-hhsc-assisted-living:110590","THE ACRES ASSISTED LIVING","110590","assisted_living","Assisted Living","FORT BEND","3723 FM 521 RD","FRESNO","TX","77545","(281) 915-5379","1 877 8012288","16","","","","","","","","true","29.5326","-95.451","146.4","tx-hhsc-assisted-living","Texas HHSC Assisted Living Facilities","https://services1.arcgis.com/jI1j5lArZnrgFYSc/ArcGIS/rest/services/Assisted_Living/FeatureServer/0","Texas Health and Human Services Commission"
"tx-hhsc-assisted-living:100669","THE ASSISTED LIVING AT ST DOMINIC VILLAGE","100669","assisted_living","Assisted Living","HARRIS","2401 A HOLCOMBE BLVD","HOUSTON","TX","77021","(713) 741-8700","(713) 748-8305","48","","","","","","","","true","29.7054","-95.3837","146.4","tx-hhsc-assisted-living","Texas HHSC Assisted Living Facilities","https://services1.arcgis.com/jI1j5lArZnrgFYSc/ArcGIS/rest/services/Assisted_Living/FeatureServer/0","Texas Health and Human Services Commission"
"tx-hhsc-assisted-living:105450","FREEMAN'S ASSISTED LIVING","105450","assisted_living","Assisted Living","HARRIS","2711 MCDANIEL","HOUSTON","TX","77093","(972) 310-8741","(888) 817-8064","5","","","","","","","","true","29.8314","-95.3436","146.6","tx-hhsc-assisted-living","Texas HHSC Assisted Living Facilities","https://services1.arcgis.com/jI1j5lArZnrgFYSc/ArcGIS/rest/services/Assisted_Living/FeatureServer/0","Texas Health and Human Services Commission"
"tx-hhsc-assisted-living:030029","LOVING IN CARING ARMS","030029","assisted_living","Assisted Living","HARRIS","4542 HOLLYBROOK LN","HOUSTON","TX","77039","(281) 449-1353","(281) 442-0123","9","","","","","","","","true","29.9079","-95.3266","146.6","tx-hhsc-assisted-living","Texas HHSC Assisted Living Facilities","https://services1.arcgis.com/jI1j5lArZnrgFYSc/ArcGIS/rest/services/Assisted_Living/FeatureServer/0","Texas Health and Human Services Commission"
"tx-hhsc-assisted-living:030080","LOVING CARE PERSONAL CARE HOME","030080","assisted_living","Assisted Living","HARRIS","2119 ISABELLA","HOUSTON","TX","77004","(713) 521-1082","(713) 699-1572","8","","","","","","","","true","29.7308","-95.3707","146.7","tx-hhsc-assisted-living","Texas HHSC Assisted Living Facilities","https://services1.arcgis.com/jI1j5lArZnrgFYSc/ArcGIS/rest/services/Assisted_Living/FeatureServer/0","Texas Health and Human Services Commission"
"tx-hhsc-assisted-living:000823","SPARROW ASSISTED LIVING","000823","assisted_living","Assisted Living","HARRIS","7414 JENSEN DR","HOUSTON","TX","77093","(713) 697-4600","(713) 697-0030","65","","","","","","","","true","29.8272","-95.3423","146.8","tx-hhsc-assisted-living","Texas HHSC Assisted Living Facilities","https://services1.arcgis.com/jI1j5lArZnrgFYSc/ArcGIS/rest/services/Assisted_Living/FeatureServer/0","Texas Health and Human Services Commission"
"tx-hhsc-assisted-living:101892","MARLENA'S HOUSE","101892","assisted_living","Assisted Living","HARRIS","418 FELLOWS RD","HOUSTON","TX","77047","(713) 433-8819","(713) 433-8819","8","","","","","","","","true","29.5988","-95.4138","146.9","tx-hhsc-assisted-living","Texas HHSC Assisted Living Facilities","https://services1.arcgis.com/jI1j5lArZnrgFYSc/ArcGIS/rest/services/Assisted_Living/FeatureServer/0","Texas Health and Human Services Commission"
"tx-hhsc-assisted-living:101400","QUALITY PERSONAL CARE HOME INC","101400","assisted_living","Assisted Living","FORT BEND","703 EAST PALM","FRESNO","TX","77545","(281) 431-8418","(281) 208-1627","11","","","","","","","","true","29.53","-95.4404","147","tx-hhsc-assisted-living","Texas HHSC Assisted Living Facilities","https://services1.arcgis.com/jI1j5lArZnrgFYSc/ArcGIS/rest/services/Assisted_Living/FeatureServer/0","Texas Health and Human Services Commission"
"tx-hhsc-assisted-living:030393","FOREST COVE ASSISTED LIVING, INC","030393","assisted_living","Assisted Living","HARRIS","8426 OPALWOOD LN","HUMBLE","TX","77338","(281) 935-9005","(281) 540-2279","12","","","","","","","","true","30.0172","-95.2963","147.2","tx-hhsc-assisted-living","Texas HHSC Assisted Living Facilities","https://services1.arcgis.com/jI1j5lArZnrgFYSc/ArcGIS/rest/services/Assisted_Living/FeatureServer/0","Texas Health and Human Services Commission"
"tx-hhsc-assisted-living:101896","NIXON ASSISTED LIVING OF HOUSTON","101896","assisted_living","Assisted Living","HARRIS","6800 BLEKER STREET","HOUSTON","TX","77016","(713) 633-4700","(713) 633-6964","10","","","","","","","","true","29.8211","-95.3341","147.3","tx-hhsc-assisted-living","Texas HHSC Assisted Living Facilities","https://services1.arcgis.com/jI1j5lArZnrgFYSc/ArcGIS/rest/services/Assisted_Living/FeatureServer/0","Texas Health and Human Services Commission"
"tx-hhsc-assisted-living:000968","RAINBOW GARDENS CARE HOME","000968","assisted_living","Assisted Living","HARRIS","3110 LEBADIE","HOUSTON","TX","77026","(713) 678-8016","(713) 678-7138","9","","","","","","","","true","29.8039","-95.3379","147.4","tx-hhsc-assisted-living","Texas HHSC Assisted Living Facilities","https://services1.arcgis.com/jI1j5lArZnrgFYSc/ArcGIS/rest/services/Assisted_Living/FeatureServer/0","Texas Health and Human Services Commission"
"tx-hhsc-assisted-living:101881","PINNACLE LIVING CENTER INC","101881","assisted_living","Assisted Living","HARRIS","3127 COLLINGSWORTH","HOUSTON","TX","77026","(281) 788-6954","(713) 222-7953","12","","","","","","","","true","29.7942","-95.3374","147.6","tx-hhsc-assisted-living","Texas HHSC Assisted Living Facilities","https://services1.arcgis.com/jI1j5lArZnrgFYSc/ArcGIS/rest/services/Assisted_Living/FeatureServer/0","Texas Health and Human Services Commission"
"tx-hhsc-assisted-living:110613","K AND R AMAZING PERSONAL CARE HOME INCORPORATED","110613","assisted_living","Assisted Living","HARRIS","5103 LANGLEY ROAD","HOUSTON","TX","77016","","(713) 583-6186","16","","","","","","","","true","29.8671","-95.3141","147.9","tx-hhsc-assisted-living","Texas HHSC Assisted Living Facilities","https://services1.arcgis.com/jI1j5lArZnrgFYSc/ArcGIS/rest/services/Assisted_Living/FeatureServer/0","Texas Health and Human Services Commission"
"tx-hhsc-assisted-living:001051","CHAVEZ HOME","001051","assisted_living","Assisted Living","HARRIS","5208 BOICEWOOD","HOUSTON","TX","77016","(713) 631-9519","(713) 633-5181","4","","","","","","","","true","29.8426","-95.3157","148.1","tx-hhsc-assisted-living","Texas HHSC Assisted Living Facilities","https://services1.arcgis.com/jI1j5lArZnrgFYSc/ArcGIS/rest/services/Assisted_Living/FeatureServer/0","Texas Health and Human Services Commission"
"tx-hhsc-assisted-living:103505","MINGO'S PERSONAL CARE HOME INC","103505","assisted_living","Assisted Living","HARRIS","10538 BAINBRIDGE","HOUSTON","TX","77016","(713) 631-4049","(713) 631-2906","9","","","","","","","","true","29.8658","-95.3104","148.1","tx-hhsc-assisted-living","Texas HHSC Assisted Living Facilities","https://services1.arcgis.com/jI1j5lArZnrgFYSc/ArcGIS/rest/services/Assisted_Living/FeatureServer/0","Texas Health and Human Services Commission"
"tx-hhsc-assisted-living:102852","NIXON ASSISTED LIVING ""TOO""","102852","assisted_living","Assisted Living","HARRIS","10222 ALLWOOD ST","HOUSTON","TX","77016","(713) 491-8589","(713) 893-6959","9","","","","","","","","true","29.8568","-95.3099","148.2","tx-hhsc-assisted-living","Texas HHSC Assisted Living Facilities","https://services1.arcgis.com/jI1j5lArZnrgFYSc/ArcGIS/rest/services/Assisted_Living/FeatureServer/0","Texas Health and Human Services Commission"
"tx-hhsc-assisted-living:102199","BED OF ROSES ASSISTED LIVING LLC","102199","assisted_living","Assisted Living","HARRIS","5121 SHREVEPORT","HOUSTON","TX","77028","(713) 635-1475","(832) 831-6585","29","","","","","","","","true","29.8251","-95.3158","148.4","tx-hhsc-assisted-living","Texas HHSC Assisted Living Facilities","https://services1.arcgis.com/jI1j5lArZnrgFYSc/ArcGIS/rest/services/Assisted_Living/FeatureServer/0","Texas Health and Human Services Commission"
"tx-hhsc-assisted-living:101822","THE GARDENS AT CHISHOLM TRAIL","101822","assisted_living","Assisted Living","JOHNSON","513 OLD BETSY RD.","KEENE","TX","76059","(817) 556-9100","(817) 579-1908","36","","","","","","","","true","32.3863","-97.3356","148.4","tx-hhsc-assisted-living","Texas HHSC Assisted Living Facilities","https://services1.arcgis.com/jI1j5lArZnrgFYSc/ArcGIS/rest/services/Assisted_Living/FeatureServer/0","Texas Health and Human Services Commission"
"tx-hhsc-assisted-living:100075","ANGEL OF LOVE PERSONAL CARE HOME","100075","assisted_living","Assisted Living","HARRIS","6021 BRETSHIRE","HOUSTON","TX","77016","(713) 259-6470","(713) 583-6186","7","","","","","","","","true","29.858","-95.3044","148.5","tx-hhsc-assisted-living","Texas HHSC Assisted Living Facilities","https://services1.arcgis.com/jI1j5lArZnrgFYSc/ArcGIS/rest/services/Assisted_Living/FeatureServer/0","Texas Health and Human Services Commission"
"tx-hhsc-assisted-living:100066","MALLOW PLACE","100066","assisted_living","Assisted Living","HARRIS","4305 MALLOW","HOUSTON","TX","77033","(713) 733-6900","(713) 733-3695","26","","","","","","","","true","29.66","-95.3634","148.5","tx-hhsc-assisted-living","Texas HHSC Assisted Living Facilities","https://services1.arcgis.com/jI1j5lArZnrgFYSc/ArcGIS/rest/services/Assisted_Living/FeatureServer/0","Texas Health and Human Services Commission"
"tx-hhsc-assisted-living:106600","TREASURE TOWER ASSISTED LIVING","106600","assisted_living","Assisted Living","HARRIS","4346 ALVIN ST","HOUSTON","TX","77051","(832) 606-5524","(346) 571-3964","14","","","","","","","","true","29.664","-95.3626","148.5","tx-hhsc-assisted-living","Texas HHSC Assisted Living Facilities","https://services1.arcgis.com/jI1j5lArZnrgFYSc/ArcGIS/rest/services/Assisted_Living/FeatureServer/0","Texas Health and Human Services Commission"
"tx-hhsc-assisted-living:110243","LANDING AT WATERCREST SHADOW CREEK RANCH","110243","assisted_living","Assisted Living","BRAZORIA","2907 BROADWAY BEND DR.","PEARLAND","TX","77584","(832) 305-9000","(817) 337-7506","129","","","","","","","","true","29.557","-95.4007","148.6","tx-hhsc-assisted-living","Texas HHSC Assisted Living Facilities","https://services1.arcgis.com/jI1j5lArZnrgFYSc/ArcGIS/rest/services/Assisted_Living/FeatureServer/0","Texas Health and Human Services Commission"
"tx-hhsc-assisted-living:103990","PLANTATION ASSISTED LIVING LLC","103990","assisted_living","Assisted Living","MONTGOMERY","19930 S PLANTATION ESTATES","PORTER","TX","77365","(281) 354-1886","(281) 577-0199","8","","","","","","","","true","30.0844","-95.2643","148.6","tx-hhsc-assisted-living","Texas HHSC Assisted Living Facilities","https://services1.arcgis.com/jI1j5lArZnrgFYSc/ArcGIS/rest/services/Assisted_Living/FeatureServer/0","Texas Health and Human Services Commission"
"tx-hhsc-assisted-living:105421","PLANTATION ASSISTED LIVING LLC , PLANTATION ASSISTED LIVING B LLC","105421","assisted_living","Assisted Living","MONTGOMERY","19926 S PLANTATION ESTATE","PORTER","TX","77365","(281) 354-5964","(281) 577-0199","12","","","","","","","","true","30.0844","-95.2646","148.6","tx-hhsc-assisted-living","Texas HHSC Assisted Living Facilities","https://services1.arcgis.com/jI1j5lArZnrgFYSc/ArcGIS/rest/services/Assisted_Living/FeatureServer/0","Texas Health and Human Services Commission"
"tx-hhsc-assisted-living:101783","QUAIL PARK ASSISTED LIVING","101783","assisted_living","Assisted Living","HOOD","2310 PALUXY HWY","GRANBURY","TX","76048","(682) 498-3166","(817) 579-7073","20","","","","","","","","true","32.4174","-97.8156","148.6","tx-hhsc-assisted-living","Texas HHSC Assisted Living Facilities","https://services1.arcgis.com/jI1j5lArZnrgFYSc/ArcGIS/rest/services/Assisted_Living/FeatureServer/0","Texas Health and Human Services Commission"
"tx-hhsc-assisted-living:106013","AVIVA GRANBURY","106013","assisted_living","Assisted Living","HOOD","2300 PALUXY HIGHWAY","GRANBURY","TX","76048","(682) 498-3166","","16","","","","","","","","true","32.4182","-97.8177","148.7","tx-hhsc-assisted-living","Texas HHSC Assisted Living Facilities","https://services1.arcgis.com/jI1j5lArZnrgFYSc/ArcGIS/rest/services/Assisted_Living/FeatureServer/0","Texas Health and Human Services Commission"
"tx-hhsc-assisted-living:100290","JOLIVETTES CARE CENTER","100290","assisted_living","Assisted Living","HARRIS","6627 CALHOUN","HOUSTON","TX","77021","(713) 842-2899","(713) 842-2896","16","","","","","","","","true","29.6908","-95.3494","148.7","tx-hhsc-assisted-living","Texas HHSC Assisted Living Facilities","https://services1.arcgis.com/jI1j5lArZnrgFYSc/ArcGIS/rest/services/Assisted_Living/FeatureServer/0","Texas Health and Human Services Commission"
"tx-hhsc-assisted-living:030206","THE BRINKLEY HOUSE","030206","assisted_living","Assisted Living","HARRIS","4604 BRINKLEY","HOUSTON","TX","77051","(713) 734-6507","(713) 734-6507","10","","","","","","","","true","29.6629","-95.3584","148.7","tx-hhsc-assisted-living","Texas HHSC Assisted Living Facilities","https://services1.arcgis.com/jI1j5lArZnrgFYSc/ArcGIS/rest/services/Assisted_Living/FeatureServer/0","Texas Health and Human Services Commission"
"tx-hhsc-assisted-living:105181","THE HERITAGE OF MEYERLAND","105181","assisted_living","Assisted Living","HARRIS","4710 BELLFORT STREET","HOUSTON","TX","77035","(713) 360-0000","(713) 360-0001","50","","","","","","","","true","29.669","-95.3561","148.7","tx-hhsc-assisted-living","Texas HHSC Assisted Living Facilities","https://services1.arcgis.com/jI1j5lArZnrgFYSc/ArcGIS/rest/services/Assisted_Living/FeatureServer/0","Texas Health and Human Services Commission"
"tx-hhsc-assisted-living:104926","CREEKSIDE ALZHEIMER'S SPECIAL CARE CENTER","104926","assisted_living","Assisted Living","BRAZORIA","11200 DISCOVERY BAY DRIVE","PEARLAND","TX","77584","713 4363941","713 4364159","97","","","","","","","","true","29.5697","-95.3929","148.8","tx-hhsc-assisted-living","Texas HHSC Assisted Living Facilities","https://services1.arcgis.com/jI1j5lArZnrgFYSc/ArcGIS/rest/services/Assisted_Living/FeatureServer/0","Texas Health and Human Services Commission"
"tx-hhsc-assisted-living:105336","LOVING COMFORT SENIOR CARE","105336","assisted_living","Assisted Living","MONTGOMERY","20432 LANA LANE","PORTER","TX","77365","(281) 312-1339","(281) 552-7266","8","","","","","","","","true","30.0626","-95.2634","148.8","tx-hhsc-assisted-living","Texas HHSC Assisted Living Facilities","https://services1.arcgis.com/jI1j5lArZnrgFYSc/ArcGIS/rest/services/Assisted_Living/FeatureServer/0","Texas Health and Human Services Commission"
"tx-hhsc-assisted-living:110466","HOUSE OF HEARTS ASSISTED LIVING, LLC","110466","assisted_living","Assisted Living","HARRIS","6411 GUADALUPE STREET","HOUSTON","TX","77016","(281) 416-4453","","9","","","","","","","","true","29.8832","-95.2934","148.9","tx-hhsc-assisted-living","Texas HHSC Assisted Living Facilities","https://services1.arcgis.com/jI1j5lArZnrgFYSc/ArcGIS/rest/services/Assisted_Living/FeatureServer/0","Texas Health and Human Services Commission"
"tx-hhsc-assisted-living:104921","MARSH PERSONAL CARE HOME LAKEWOOD","104921","assisted_living","Assisted Living","HARRIS","7223 LAKEWOOD DR","HOUSTON","TX","77016","(713) 631-3100","(713) 635-6600","9","","","","","","","","true","29.8608","-95.2984","148.9","tx-hhsc-assisted-living","Texas HHSC Assisted Living Facilities","https://services1.arcgis.com/jI1j5lArZnrgFYSc/ArcGIS/rest/services/Assisted_Living/FeatureServer/0","Texas Health and Human Services Commission"
"tx-hhsc-assisted-living:030402","ROSES GUARDIAN ADULT CARE HOME","030402","assisted_living","Assisted Living","HARRIS","7216 PARKER RD","HOUSTON","TX","77016","(713) 491-2357","(713) 491-3860","11","","","","","","","","true","29.8575","-95.2984","148.9","tx-hhsc-assisted-living","Texas HHSC Assisted Living Facilities","https://services1.arcgis.com/jI1j5lArZnrgFYSc/ArcGIS/rest/services/Assisted_Living/FeatureServer/0","Texas Health and Human Services Commission"
"tx-hhsc-assisted-living:106924","HEAVENLY MANOR ASSISTED LIVING","106924","assisted_living","Assisted Living","HARRIS","12802 LEITRIM WAY","HOUSTON","TX","77047","(281) 846-6622","(713) 264-0802","7","","","","","","","","true","29.6238","-95.3632","149.3","tx-hhsc-assisted-living","Texas HHSC Assisted Living Facilities","https://services1.arcgis.com/jI1j5lArZnrgFYSc/ArcGIS/rest/services/Assisted_Living/FeatureServer/0","Texas Health and Human Services Commission"
"tx-hhsc-assisted-living:105248","LANDON RIDGE  KINGWOOD","105248","assisted_living","Assisted Living","MONTGOMERY","24025 KINGWOOD PLACE DR.","KINGWOOD","TX","77339","(281) 312-4400","(832) 644-6090","119","","","","","","","","true","30.0617","-95.255","149.3","tx-hhsc-assisted-living","Texas HHSC Assisted Living Facilities","https://services1.arcgis.com/jI1j5lArZnrgFYSc/ArcGIS/rest/services/Assisted_Living/FeatureServer/0","Texas Health and Human Services Commission"
"tx-hhsc-assisted-living:102247","THE FOUNTAINS","102247","assisted_living","Assisted Living","BRAZORIA","1101 E 2ND ST","SWEENY","TX","77480","(979) 548-1524","(979) 548-1526","46","","","","","","","","true","29.0475","-95.6906","149.3","tx-hhsc-assisted-living","Texas HHSC Assisted Living Facilities","https://services1.arcgis.com/jI1j5lArZnrgFYSc/ArcGIS/rest/services/Assisted_Living/FeatureServer/0","Texas Health and Human Services Commission"
"tx-hhsc-assisted-living:101082","ANGEL OF LOVE ASSISTED LIVING","101082","assisted_living","Assisted Living","HARRIS","7638 CABOT","HOUSTON","TX","77016","(713) 259-6470","(713) 583-6186","8","","","","","","","","true","29.8546","-95.2896","149.5","tx-hhsc-assisted-living","Texas HHSC Assisted Living Facilities","https://services1.arcgis.com/jI1j5lArZnrgFYSc/ArcGIS/rest/services/Assisted_Living/FeatureServer/0","Texas Health and Human Services Commission"
"tx-hhsc-assisted-living:050702","THE AUBERGE AT KINGWOOD  A MEMORY CARE COMMUNITY","050702","assisted_living","Assisted Living","HARRIS","22955 EASTEX FREEWAY","KINGWOOD","TX","77339","281 3122526","281 3121040","48","","","","","","","","true","30.0478","-95.2541","149.5","tx-hhsc-assisted-living","Texas HHSC Assisted Living Facilities","https://services1.arcgis.com/jI1j5lArZnrgFYSc/ArcGIS/rest/services/Assisted_Living/FeatureServer/0","Texas Health and Human Services Commission"
"tx-hhsc-assisted-living:102889","AUTUMN RIDGE SENIOR LIVING, INC DB BRIDGEWATER MEMORY CARE","102889","assisted_living","Assisted Living","HOOD","900 AUTUMN RIDGE DRIVE","GRANBURY","TX","76048","(817) 573-7720","(817) 573-7029","52","","","","","","","","true","32.4321","-97.7975","149.6","tx-hhsc-assisted-living","Texas HHSC Assisted Living Facilities","https://services1.arcgis.com/jI1j5lArZnrgFYSc/ArcGIS/rest/services/Assisted_Living/FeatureServer/0","Texas Health and Human Services Commission"
"tx-hhsc-assisted-living:105865","ORCHARD PARK AT SOUTHFORK","105865","assisted_living","Assisted Living","BRAZORIA","3151 SOUTHFORK PARKWAY","MANVEL","TX","77578","(713) 960-4727","(972) 385-0029","136","","","","","","","","true","29.5393","-95.3886","149.7","tx-hhsc-assisted-living","Texas HHSC Assisted Living Facilities","https://services1.arcgis.com/jI1j5lArZnrgFYSc/ArcGIS/rest/services/Assisted_Living/FeatureServer/0","Texas Health and Human Services Commission"
"tx-hhsc-assisted-living:102291","COURTYARDS AT LAKE GRANBURY","102291","assisted_living","Assisted Living","HOOD","801 CALINCO DR","GRANBURY","TX","76048","(817) 736-4300","(817) 736-4299","107","","","","","","","","true","32.436","-97.7619","149.9","tx-hhsc-assisted-living","Texas HHSC Assisted Living Facilities","https://services1.arcgis.com/jI1j5lArZnrgFYSc/ArcGIS/rest/services/Assisted_Living/FeatureServer/0","Texas Health and Human Services Commission"
"tx-hhsc-assisted-living:103844","JONES HOUSE OF PEACE","103844","assisted_living","Assisted Living","HARRIS","6639 CRESTMONT ST","HOUSTON","TX","77033","(713) 447-0082","(281) 245-3221","10","","","","","","","","true","29.6841","-95.3297","150","tx-hhsc-assisted-living","Texas HHSC Assisted Living Facilities","https://services1.arcgis.com/jI1j5lArZnrgFYSc/ArcGIS/rest/services/Assisted_Living/FeatureServer/0","Texas Health and Human Services Commission"
"tx-hhsc-assisted-living:110576","BEEHIVE HOMES OF GRANBURY","110576","assisted_living","Assisted Living","HOOD","1900 ACTON HWY","GRANBURY","TX","76049","(505) 480-1445","(505) 821-1834","16","","","","","","","","true","32.4394","-97.7531","150.1","tx-hhsc-assisted-living","Texas HHSC Assisted Living Facilities","https://services1.arcgis.com/jI1j5lArZnrgFYSc/ArcGIS/rest/services/Assisted_Living/FeatureServer/0","Texas Health and Human Services Commission"
"tx-hhsc-assisted-living:102622","EFE ASSISTED LIVING CENTER INC","102622","assisted_living","Assisted Living","HARRIS","5922 KENILWOOD DR","HOUSTON","TX","77033","(832) 202-4100","(281) 993-8183","9","","","","","","","","true","29.6702","-95.3313","150.1","tx-hhsc-assisted-living","Texas HHSC Assisted Living Facilities","https://services1.arcgis.com/jI1j5lArZnrgFYSc/ArcGIS/rest/services/Assisted_Living/FeatureServer/0","Texas Health and Human Services Commission"
"tx-hhsc-assisted-living:100186","KINGWOOD MEMORY & ASSISTED LIVING","100186","assisted_living","Assisted Living","HARRIS","911 SOUTHERN HILLS RD","KINGWOOD","TX","77339","(281) 312-4208","(281) 359-0918","16","","","","","","","","true","30.0481","-95.2431","150.1","tx-hhsc-assisted-living","Texas HHSC Assisted Living Facilities","https://services1.arcgis.com/jI1j5lArZnrgFYSc/ArcGIS/rest/services/Assisted_Living/FeatureServer/0","Texas Health and Human Services Commission"
"tx-hhsc-assisted-living:100259","REUNION COURT OF KINGWOOD","100259","assisted_living","Assisted Living","MONTGOMERY","919 ROCKMEAD DRIVE","KINGWOOD","TX","77339","(281) 359-8800","(281) 359-8812","83","","","","","","","","true","30.054","-95.2418","150.1","tx-hhsc-assisted-living","Texas HHSC Assisted Living Facilities","https://services1.arcgis.com/jI1j5lArZnrgFYSc/ArcGIS/rest/services/Assisted_Living/FeatureServer/0","Texas Health and Human Services Commission"
"tx-hhsc-assisted-living:030218","G WILLS ROOMING FACILITY","030218","assisted_living","Assisted Living","HARRIS","8113 WAY ST","HOUSTON","TX","77028","(713) 635-8881","(713) 635-8881","13","","","","","","","","true","29.8444","-95.2797","150.2","tx-hhsc-assisted-living","Texas HHSC Assisted Living Facilities","https://services1.arcgis.com/jI1j5lArZnrgFYSc/ArcGIS/rest/services/Assisted_Living/FeatureServer/0","Texas Health and Human Services Commission"
"tx-hhsc-assisted-living:110615","UNLIMITED CARE ASSISTED LIVING COTTAGES","110615","assisted_living","Assisted Living","HARRIS","1714 CHESTNUT RIDGE ROAD","KINGWOOD","TX","77318","","936 228 2802","10","","","","","","","","true","30.041","-95.2417","150.3","tx-hhsc-assisted-living","Texas HHSC Assisted Living Facilities","https://services1.arcgis.com/jI1j5lArZnrgFYSc/ArcGIS/rest/services/Assisted_Living/FeatureServer/0","Texas Health and Human Services Commission"
"tx-hhsc-assisted-living:104023","WATERVIEW ASSISTED LIVING","104023","assisted_living","Assisted Living","HOOD","101 WATERMARK BLVD.","GRANBURY","TX","76048","(817) 573-3434","(817) 573-3430","44","","","","","","","","true","32.4426","-97.7746","150.3","tx-hhsc-assisted-living","Texas HHSC Assisted Living Facilities","https://services1.arcgis.com/jI1j5lArZnrgFYSc/ArcGIS/rest/services/Assisted_Living/FeatureServer/0","Texas Health and Human Services Commission"
"tx-hhsc-assisted-living:104024","WATERVIEW ASSISTED LIVING","104024","assisted_living","Assisted Living","HOOD","101 WATERMARK BLVD.","GRANBURY","TX","76048","(817) 573-3434","(817) 579-6147","51","","","","","","","","true","32.4426","-97.7746","150.3","tx-hhsc-assisted-living","Texas HHSC Assisted Living Facilities","https://services1.arcgis.com/jI1j5lArZnrgFYSc/ArcGIS/rest/services/Assisted_Living/FeatureServer/0","Texas Health and Human Services Commission"
"tx-hhsc-assisted-living:106918","DIVINE PURPOSE CARE HOME LLC #2","106918","assisted_living","Assisted Living","HARRIS","5823 SCHEVERS STREET","HOUSTON","TX","77033","(832) 834-4967","","8","","","","","","","","true","29.6565","-95.3313","150.4","tx-hhsc-assisted-living","Texas HHSC Assisted Living Facilities","https://services1.arcgis.com/jI1j5lArZnrgFYSc/ArcGIS/rest/services/Assisted_Living/FeatureServer/0","Texas Health and Human Services Commission"
"tx-hhsc-assisted-living:104945","HOUSTON EXTENDED CARE LLC","104945","assisted_living","Assisted Living","HARRIS","1210 MASTERS WAY","KINGWOOD","TX","77339","(281) 713-8786","(281) 713-2251","14","","","","","","","","true","30.0447","-95.2378","150.5","tx-hhsc-assisted-living","Texas HHSC Assisted Living Facilities","https://services1.arcgis.com/jI1j5lArZnrgFYSc/ArcGIS/rest/services/Assisted_Living/FeatureServer/0","Texas Health and Human Services Commission"
"tx-hhsc-assisted-living:030329","NOVELLUS KINGWOOD","030329","assisted_living","Assisted Living","HARRIS","2401 GREEN OAK DRIVE","KINGWOOD","TX","77339","(281) 359-8959","(281) 359-1237","86","","","","","","","","true","30.0473","-95.2344","150.6","tx-hhsc-assisted-living","Texas HHSC Assisted Living Facilities","https://services1.arcgis.com/jI1j5lArZnrgFYSc/ArcGIS/rest/services/Assisted_Living/FeatureServer/0","Texas Health and Human Services Commission"
"tx-hhsc-assisted-living:000912","DOCKAL ROAD PERSONAL CARE HOME","000912","assisted_living","Assisted Living","HARRIS","8211 DOCKAL RD","HOUSTON","TX","77028","(713) 635-4068","(713) 635-1575","10","","","","","","","","true","29.829","-95.2752","150.7","tx-hhsc-assisted-living","Texas HHSC Assisted Living Facilities","https://services1.arcgis.com/jI1j5lArZnrgFYSc/ArcGIS/rest/services/Assisted_Living/FeatureServer/0","Texas Health and Human Services Commission"
"tx-hhsc-assisted-living:000425","SPILLER PERSONAL CARE HOME","000425","assisted_living","Assisted Living","HARRIS","10323 MAYBERRY ST","HOUSTON","TX","77078","(713) 635-1231","(713) 635-1231","15","","","","","","","","true","29.8626","-95.2659","150.7","tx-hhsc-assisted-living","Texas HHSC Assisted Living Facilities","https://services1.arcgis.com/jI1j5lArZnrgFYSc/ArcGIS/rest/services/Assisted_Living/FeatureServer/0","Texas Health and Human Services Commission"
"tx-hhsc-assisted-living:030247","A AND S PERSONAL CARE HOME","030247","assisted_living","Assisted Living","HARRIS","9710 GUEST ST","HOUSTON","TX","77078","(713) 635-9453","(713) 635-1102","12","","","","","","","","true","29.8531","-95.2673","150.8","tx-hhsc-assisted-living","Texas HHSC Assisted Living Facilities","https://services1.arcgis.com/jI1j5lArZnrgFYSc/ArcGIS/rest/services/Assisted_Living/FeatureServer/0","Texas Health and Human Services Commission"
"tx-hhsc-assisted-living:000569","THE OAKS OF GRANBURY","000569","assisted_living","Assisted Living","HOOD","1017 LIPAN HWY","GRANBURY","TX","76048","(817) 279-8885","(817) 579-1908","48","","","","","","","","true","32.4523","-97.7922","151","tx-hhsc-assisted-living","Texas HHSC Assisted Living Facilities","https://services1.arcgis.com/jI1j5lArZnrgFYSc/ArcGIS/rest/services/Assisted_Living/FeatureServer/0","Texas Health and Human Services Commission"
"tx-hhsc-assisted-living:000884","LAKEWOOD 24 HR PERSONAL CARE","000884","assisted_living","Assisted Living","HARRIS","8416 MESA DR","HOUSTON","TX","77028","(713) 633-3609","(713) 631-8476","14","","","","","","","","true","29.8388","-95.2619","151.3","tx-hhsc-assisted-living","Texas HHSC Assisted Living Facilities","https://services1.arcgis.com/jI1j5lArZnrgFYSc/ArcGIS/rest/services/Assisted_Living/FeatureServer/0","Texas Health and Human Services Commission"
"tx-hhsc-assisted-living:050507","LAKEWOOD 24 HOUR PC 2","050507","assisted_living","Assisted Living","HARRIS","8833 OAK KNOLL LN","HOUSTON","TX","77078","(713) 633-3609","(713) 631-8476","11","","","","","","","","true","29.84","-95.2607","151.4","tx-hhsc-assisted-living","Texas HHSC Assisted Living Facilities","https://services1.arcgis.com/jI1j5lArZnrgFYSc/ArcGIS/rest/services/Assisted_Living/FeatureServer/0","Texas Health and Human Services Commission"
"tx-hhsc-assisted-living:107078","TOTAL LOVING CARE III","107078","assisted_living","Assisted Living","MONTGOMERY","23315 JOHNSON ROAD","NEW CANEY","TX","77357","(832) 543-5037","(832) 201-7430","11","","","","","","","","true","30.1425","-95.211","151.4","tx-hhsc-assisted-living","Texas HHSC Assisted Living Facilities","https://services1.arcgis.com/jI1j5lArZnrgFYSc/ArcGIS/rest/services/Assisted_Living/FeatureServer/0","Texas Health and Human Services Commission"
"tx-hhsc-assisted-living:102301","TOTAL LOVING CARE INC","102301","assisted_living","Assisted Living","MONTGOMERY","23370 JOHNSON RD","NEW CANEY","TX","77357","(281) 399-3718","(832) 201-7590","12","","","","","","","","true","30.1418","-95.2111","151.4","tx-hhsc-assisted-living","Texas HHSC Assisted Living Facilities","https://services1.arcgis.com/jI1j5lArZnrgFYSc/ArcGIS/rest/services/Assisted_Living/FeatureServer/0","Texas Health and Human Services Commission"
"tx-hhsc-assisted-living:110218","WATERCREST AT KINGWOOD GARDEN VILLAGE","110218","assisted_living","Assisted Living","MONTGOMERY","24129 WINDFORD SQUARE ROAD","KINGWOOD","TX","77339","pending","pending","46","","","","","","","","true","30.0541","-95.2212","151.4","tx-hhsc-assisted-living","Texas HHSC Assisted Living Facilities","https://services1.arcgis.com/jI1j5lArZnrgFYSc/ArcGIS/rest/services/Assisted_Living/FeatureServer/0","Texas Health and Human Services Commission"
"tx-hhsc-assisted-living:105398","SIX PALMS AT DAMOOR ESTATES, LLC","105398","assisted_living","Assisted Living","BRAZORIA","5409 CROIX RD","MANVEL","TX","77578","(281) 692-9226","(281) 692-9226","15","","","","","","","","true","29.5107","-95.3695","151.5","tx-hhsc-assisted-living","Texas HHSC Assisted Living Facilities","https://services1.arcgis.com/jI1j5lArZnrgFYSc/ArcGIS/rest/services/Assisted_Living/FeatureServer/0","Texas Health and Human Services Commission"
"tx-hhsc-assisted-living:103825","TOTAL LOVING CARE INC II","103825","assisted_living","Assisted Living","MONTGOMERY","23374 JOHNSON RD","NEW CANEY","TX","77357","(281) 399-8377","(832) 201-7590","9","","","","","","","","true","30.1418","-95.2108","151.5","tx-hhsc-assisted-living","Texas HHSC Assisted Living Facilities","https://services1.arcgis.com/jI1j5lArZnrgFYSc/ArcGIS/rest/services/Assisted_Living/FeatureServer/0","Texas Health and Human Services Commission"
"tx-hhsc-assisted-living:103887","COLONIAL OAKS AT PEARLAND","103887","assisted_living","Assisted Living","BRAZORIA","2940 CULLEN PARKWAY","PEARLAND","TX","77584","(281) 997-2500","(281) 997-1080","108","","","","","","","","true","29.5544","-95.3496","151.6","tx-hhsc-assisted-living","Texas HHSC Assisted Living Facilities","https://services1.arcgis.com/jI1j5lArZnrgFYSc/ArcGIS/rest/services/Assisted_Living/FeatureServer/0","Texas Health and Human Services Commission"
"tx-hhsc-assisted-living:101470","THE VILLAGE LEARNING CENTER INC; DBA VILLAGE AT STONEY GLEN; DBA THE VILLAGE CENTERS","101470","assisted_living","Assisted Living","HARRIS","2225 STONEY GLEN DR","KINGWOOD","TX","77339","(281) 358-4589","(281) 358-0845","16","","","","","","","","true","30.0675","-95.213","151.8","tx-hhsc-assisted-living","Texas HHSC Assisted Living Facilities","https://services1.arcgis.com/jI1j5lArZnrgFYSc/ArcGIS/rest/services/Assisted_Living/FeatureServer/0","Texas Health and Human Services Commission"
"tx-hhsc-assisted-living:010337","CARING HANDS","010337","assisted_living","Assisted Living","MONTGOMERY","24181 KELLY ST","PORTER","TX","77365","(281) 354-5254","(281) 354-5673","16","","","","","","","","true","30.0948","-95.207","151.9","tx-hhsc-assisted-living","Texas HHSC Assisted Living Facilities","https://services1.arcgis.com/jI1j5lArZnrgFYSc/ArcGIS/rest/services/Assisted_Living/FeatureServer/0","Texas Health and Human Services Commission"
"tx-hhsc-assisted-living:000761","CARING ANGELS ASSISTED LIVING FACILITY","000761","assisted_living","Assisted Living","HARRIS","8627 VALLEY WEST CT","HOUSTON","TX","77078","(281) 536-1274","(281) 459-1274","8","","","","","","","","true","29.8489","-95.2402","152.4","tx-hhsc-assisted-living","Texas HHSC Assisted Living Facilities","https://services1.arcgis.com/jI1j5lArZnrgFYSc/ArcGIS/rest/services/Assisted_Living/FeatureServer/0","Texas Health and Human Services Commission"
"tx-hhsc-assisted-living:105038","DOVE COMMUNITY ALF","105038","assisted_living","Assisted Living","HARRIS","10640 OAK BROOK DR","HOUSTON","TX","77013","281 914 3040","281 974 2181","9","","","","","","","","true","29.8119","-95.2458","152.6","tx-hhsc-assisted-living","Texas HHSC Assisted Living Facilities","https://services1.arcgis.com/jI1j5lArZnrgFYSc/ArcGIS/rest/services/Assisted_Living/FeatureServer/0","Texas Health and Human Services Commission"
"tx-hhsc-assisted-living:000766","SPARROW ASSISTED LIVING II INC","000766","assisted_living","Assisted Living","HARRIS","10142 VALLEY BREEZE","HOUSTON","TX","77078","(832) 755-6527","(713) 697-0030","16","","","","","","","","true","29.849","-95.2361","152.7","tx-hhsc-assisted-living","Texas HHSC Assisted Living Facilities","https://services1.arcgis.com/jI1j5lArZnrgFYSc/ArcGIS/rest/services/Assisted_Living/FeatureServer/0","Texas Health and Human Services Commission"
"tx-hhsc-assisted-living:100057","ATASCOCITA SENIORS CARE HOME INC","100057","assisted_living","Assisted Living","HARRIS","18007 LANDING BROOK DR","HUMBLE","TX","77346","(281) 812-4891","(281) 825-3450","7","","","","","","","","true","29.9787","-95.208","152.8","tx-hhsc-assisted-living","Texas HHSC Assisted Living Facilities","https://services1.arcgis.com/jI1j5lArZnrgFYSc/ArcGIS/rest/services/Assisted_Living/FeatureServer/0","Texas Health and Human Services Commission"
"tx-hhsc-assisted-living:106747","AVALON MEMORY CARE  ATASCOSITA","106747","assisted_living","Assisted Living","HARRIS","18111 TIMBER FOREST DRIVE","HUMBLE","TX","77346","(214) 752-7050","(214) 752-7054","25","","","","","","","","true","29.9806","-95.1914","153.8","tx-hhsc-assisted-living","Texas HHSC Assisted Living Facilities","https://services1.arcgis.com/jI1j5lArZnrgFYSc/ArcGIS/rest/services/Assisted_Living/FeatureServer/0","Texas Health and Human Services Commission"
"tx-hhsc-assisted-living:110187","LILAC ASSISTED LIVING","110187","assisted_living","Assisted Living","HARRIS","12419 N CAPROCK WAY","HUMBLE","TX","77346","(832) 445-1522","(346) 214-6098","6","","","","","","","","true","29.9882","-95.1863","154","tx-hhsc-assisted-living","Texas HHSC Assisted Living Facilities","https://services1.arcgis.com/jI1j5lArZnrgFYSc/ArcGIS/rest/services/Assisted_Living/FeatureServer/0","Texas Health and Human Services Commission"
"tx-hhsc-assisted-living:110687","ARCH MEMORY CARE, LLC","110687","assisted_living","Assisted Living","HARRIS","7940 SWIFTWATER LANE","HOUSTON","TX","77075","(281) 846-6983","","16","","","","","","","","true","29.6196","-95.2792","154.1","tx-hhsc-assisted-living","Texas HHSC Assisted Living Facilities","https://services1.arcgis.com/jI1j5lArZnrgFYSc/ArcGIS/rest/services/Assisted_Living/FeatureServer/0","Texas Health and Human Services Commission"
"tx-hhsc-assisted-living:110206","VILLAGE GREEN ALZHEIMER'S CARE HOME LLC","110206","assisted_living","Assisted Living","HARRIS","2050 WEST LAKE HOUSTON PARKWAY","KINGWOOD","TX","77339","(832) 644-9771","","16","","","","","","","","true","30.0381","-95.1752","154.2","tx-hhsc-assisted-living","Texas HHSC Assisted Living Facilities","https://services1.arcgis.com/jI1j5lArZnrgFYSc/ArcGIS/rest/services/Assisted_Living/FeatureServer/0","Texas Health and Human Services Commission"
"tx-hhsc-assisted-living:110522","THE BRADFORD MEMORY CARE, LLC","110522","assisted_living","Assisted Living","HARRIS","19414 ATASCA OAKS DR.","HUMBLE","TX","77346","713 5698972","","76","","","","","","","","true","30.0056","-95.1787","154.3","tx-hhsc-assisted-living","Texas HHSC Assisted Living Facilities","https://services1.arcgis.com/jI1j5lArZnrgFYSc/ArcGIS/rest/services/Assisted_Living/FeatureServer/0","Texas Health and Human Services Commission"
"tx-hhsc-assisted-living:000906","J AND D HOME CARE 2 LLC","000906","assisted_living","Assisted Living","MONTGOMERY","19874 N WHITE OAK DR","NEW CANEY","TX","77357","(281) 399-7654","(281) 399-7654","8","","","","","","","","true","30.156","-95.1606","154.4","tx-hhsc-assisted-living","Texas HHSC Assisted Living Facilities","https://services1.arcgis.com/jI1j5lArZnrgFYSc/ArcGIS/rest/services/Assisted_Living/FeatureServer/0","Texas Health and Human Services Commission"
"tx-hhsc-assisted-living:106727","PROVERBIAL CARE","106727","assisted_living","Assisted Living","BRAZORIA","4604 W. WALNUT","PEARLAND","TX","77581","(281) 412-4444","(1844) 272-0040","16","","","","","","","","true","29.5594","-95.2944","154.6","tx-hhsc-assisted-living","Texas HHSC Assisted Living Facilities","https://services1.arcgis.com/jI1j5lArZnrgFYSc/ArcGIS/rest/services/Assisted_Living/FeatureServer/0","Texas Health and Human Services Commission"
"tx-hhsc-assisted-living:030268","ROSEMONT ASSISTED LIVING AND MEMORY CARE","030268","assisted_living","Assisted Living","HARRIS","6450 KINGS PKWY","KINGWOOD","TX","77346","(281) 812-4099","(281) 821-4097","120","","","","","","","","true","30.0066","-95.1721","154.7","tx-hhsc-assisted-living","Texas HHSC Assisted Living Facilities","https://services1.arcgis.com/jI1j5lArZnrgFYSc/ArcGIS/rest/services/Assisted_Living/FeatureServer/0","Texas Health and Human Services Commission"
"tx-hhsc-assisted-living:000617","ENCHANTED PINES","000617","assisted_living","Assisted Living","HOUSTON","1154 E LOOP 304","CROCKETT","TX","75835","(936) 544-5065","(936) 546-2694","36","","","","","","","","true","31.3217","-95.4389","155","tx-hhsc-assisted-living","Texas HHSC Assisted Living Facilities","https://services1.arcgis.com/jI1j5lArZnrgFYSc/ArcGIS/rest/services/Assisted_Living/FeatureServer/0","Texas Health and Human Services Commission"
"tx-hhsc-assisted-living:105300","ESTIA CARE LLC","105300","assisted_living","Assisted Living","HARRIS","18111 STONE ANGEL","HUMBLE","TX","77346","(281) 638-4363","(832) 644-1255","9","","","","","","","","true","29.983","-95.1702","155","tx-hhsc-assisted-living","Texas HHSC Assisted Living Facilities","https://services1.arcgis.com/jI1j5lArZnrgFYSc/ArcGIS/rest/services/Assisted_Living/FeatureServer/0","Texas Health and Human Services Commission"
"tx-hhsc-assisted-living:105584","LIGHT HEART MEMORY CARE  PEARLAND","105584","assisted_living","Assisted Living","BRAZORIA","6923 AMIE LN","PEARLAND","TX","77584","(281) 282-0770","(281) 280-8048","8","","","","","","","","true","29.5251","-95.2997","155.1","tx-hhsc-assisted-living","Texas HHSC Assisted Living Facilities","https://services1.arcgis.com/jI1j5lArZnrgFYSc/ArcGIS/rest/services/Assisted_Living/FeatureServer/0","Texas Health and Human Services Commission"
"tx-hhsc-assisted-living:107261","DAYMARK LIVING","107261","assisted_living","Assisted Living","ELLIS","818 CANTRELL STREET","WAXAHACHIE","TX","75165","(972) 525-2727","","202","","","","","","","","true","32.3838","-96.8588","155.3","tx-hhsc-assisted-living","Texas HHSC Assisted Living Facilities","https://services1.arcgis.com/jI1j5lArZnrgFYSc/ArcGIS/rest/services/Assisted_Living/FeatureServer/0","Texas Health and Human Services Commission"
"tx-hhsc-assisted-living:110510","FOUNTAINWOOD AT LAKE HOUSTON","110510","assisted_living","Assisted Living","HARRIS","17990 W LAKE HOUSTON PARKWAY","ATASCOCITA","TX","77346","281 6123585","","118","","","","","","","","true","29.9802","-95.1644","155.4","tx-hhsc-assisted-living","Texas HHSC Assisted Living Facilities","https://services1.arcgis.com/jI1j5lArZnrgFYSc/ArcGIS/rest/services/Assisted_Living/FeatureServer/0","Texas Health and Human Services Commission"
"tx-hhsc-assisted-living:107106","LAKESHORE PERSONAL CARE HOMES LLC","107106","assisted_living","Assisted Living","HARRIS","13622 STERN CREEK LANE","HOUSTON","TX","77044","(281) 638-4363","(281) 741-2711","6","","","","","","","","true","29.9573","-95.1657","155.5","tx-hhsc-assisted-living","Texas HHSC Assisted Living Facilities","https://services1.arcgis.com/jI1j5lArZnrgFYSc/ArcGIS/rest/services/Assisted_Living/FeatureServer/0","Texas Health and Human Services Commission"
"tx-hhsc-assisted-living:000499","BROOKDALE ENNIS","000499","assisted_living","Assisted Living","ELLIS","2500 YORKSTOWN DR","ENNIS","TX","75119","(972) 875-6900","(972) 875-6935","60","","","","","","","","true","32.3218","-96.6504","155.9","tx-hhsc-assisted-living","Texas HHSC Assisted Living Facilities","https://services1.arcgis.com/jI1j5lArZnrgFYSc/ArcGIS/rest/services/Assisted_Living/FeatureServer/0","Texas Health and Human Services Commission"
"tx-hhsc-assisted-living:107020","TIMBER ROCK HOUSE","107020","assisted_living","Assisted Living","ELLIS","3021 TIMBER ROCK LN","MIDLOTHIAN","TX","76065","(214) 701-6268","(214) 291-3155","8","","","","","","","","true","32.4222","-96.9567","156","tx-hhsc-assisted-living","Texas HHSC Assisted Living Facilities","https://services1.arcgis.com/jI1j5lArZnrgFYSc/ArcGIS/rest/services/Assisted_Living/FeatureServer/0","Texas Health and Human Services Commission"
"tx-hhsc-assisted-living:100756","TRINITY OAKS OF PEARLAND","100756","assisted_living","Assisted Living","BRAZORIA","3033 PEARLAND PKWY","PEARLAND","TX","77581","(281) 997-8880","(281) 997-8497","120","","","","","","","","true","29.5519","-95.2658","156.4","tx-hhsc-assisted-living","Texas HHSC Assisted Living Facilities","https://services1.arcgis.com/jI1j5lArZnrgFYSc/ArcGIS/rest/services/Assisted_Living/FeatureServer/0","Texas Health and Human Services Commission"
"tx-hhsc-assisted-living:103856","SWEET HOME","103856","assisted_living","Assisted Living","HARRIS","13820 EAGLE PASS ST","HOUSTON","TX","77015","(713) 450-3222","(713) 450-3376","12","","","","","","","","true","29.784","-95.1796","156.9","tx-hhsc-assisted-living","Texas HHSC Assisted Living Facilities","https://services1.arcgis.com/jI1j5lArZnrgFYSc/ArcGIS/rest/services/Assisted_Living/FeatureServer/0","Texas Health and Human Services Commission"
"tx-hhsc-assisted-living:110648","THE HARBOR ASSISTED LIVING","110648","assisted_living","Assisted Living","BRAZORIA","2900 PROVINCE VILLAGE DRIVE","PEARLAND","TX","77581","(281) 533-6001","(713) 782-2919","30","","","","","","","","true","29.5547","-95.2536","157","tx-hhsc-assisted-living","Texas HHSC Assisted Living Facilities","https://services1.arcgis.com/jI1j5lArZnrgFYSc/ArcGIS/rest/services/Assisted_Living/FeatureServer/0","Texas Health and Human Services Commission"
"tx-hhsc-assisted-living:030078","MORADA WAXAHACHIE","030078","assisted_living","Assisted Living","ELLIS","401 SOLON ROAD","WAXAHACHIE","TX","75165","(972) 923-9911","(972) 923-3289","55","","","","","","","","true","32.4147","-96.8526","157.4","tx-hhsc-assisted-living","Texas HHSC Assisted Living Facilities","https://services1.arcgis.com/jI1j5lArZnrgFYSc/ArcGIS/rest/services/Assisted_Living/FeatureServer/0","Texas Health and Human Services Commission"
"tx-hhsc-assisted-living:103398","BUFFALO CREEK ASSISTED LIVING AND MEMORY CARE COMMUNITY","103398","assisted_living","Assisted Living","ELLIS","1329 BROWN ST","WAXAHACHIE","TX","75165","972 9375999","(972) 937-9399","70","","","","","","","","true","32.4109","-96.834","157.5","tx-hhsc-assisted-living","Texas HHSC Assisted Living Facilities","https://services1.arcgis.com/jI1j5lArZnrgFYSc/ArcGIS/rest/services/Assisted_Living/FeatureServer/0","Texas Health and Human Services Commission"
"tx-hhsc-assisted-living:107015","BAHIA PERSONAL CARE HOME","107015","assisted_living","Assisted Living","HARRIS","10427 KIRKSHIRE DRIVE","HOUSTON","TX","77089","(832) 328-8821","","7","","","","","","","","true","29.6083","-95.2229","157.6","tx-hhsc-assisted-living","Texas HHSC Assisted Living Facilities","https://services1.arcgis.com/jI1j5lArZnrgFYSc/ArcGIS/rest/services/Assisted_Living/FeatureServer/0","Texas Health and Human Services Commission"
"tx-hhsc-assisted-living:105654","COUNTRY VILLAGE CARE INC","105654","assisted_living","Assisted Living","BRAZORIA","721 W MULBERRY","ANGLETON","TX","77515","(979) 849-8281","(979) 849-0249","32","","","","","","","","true","29.1626","-95.4442","157.7","tx-hhsc-assisted-living","Texas HHSC Assisted Living Facilities","https://services1.arcgis.com/jI1j5lArZnrgFYSc/ArcGIS/rest/services/Assisted_Living/FeatureServer/0","Texas Health and Human Services Commission"
"tx-hhsc-assisted-living:000918","COUNTRY VILLAGE CARE INC P C","000918","assisted_living","Assisted Living","BRAZORIA","721 W MULBERRY","ANGLETON","TX","77515","(979) 849-8281","(979) 849-0249","38","","","","","","","","true","29.1626","-95.4442","157.7","tx-hhsc-assisted-living","Texas HHSC Assisted Living Facilities","https://services1.arcgis.com/jI1j5lArZnrgFYSc/ArcGIS/rest/services/Assisted_Living/FeatureServer/0","Texas Health and Human Services Commission"
"tx-hhsc-assisted-living:103862","EFE ASSISTED LIVING CENTER INC","103862","assisted_living","Assisted Living","HARRIS","10411 SAGEWICK DR","HOUSTON","TX","77089","(281) 922-1690","(281) 993-8183","9","","","","","","","","true","29.6051","-95.22","157.8","tx-hhsc-assisted-living","Texas HHSC Assisted Living Facilities","https://services1.arcgis.com/jI1j5lArZnrgFYSc/ArcGIS/rest/services/Assisted_Living/FeatureServer/0","Texas Health and Human Services Commission"
"tx-hhsc-assisted-living:106240","LAFFERTY ROAD ASSISTED LIVING","106240","assisted_living","Assisted Living","HARRIS","3123 LAFFERTY ROAD","PASADENA","TX","77504","(713) 944-0704","(713) 944-0711","9","","","","","","","","true","29.6637","-95.1996","157.9","tx-hhsc-assisted-living","Texas HHSC Assisted Living Facilities","https://services1.arcgis.com/jI1j5lArZnrgFYSc/ArcGIS/rest/services/Assisted_Living/FeatureServer/0","Texas Health and Human Services Commission"
"tx-hhsc-assisted-living:000712","WHITE'S COTTAGE CENTER","000712","assisted_living","Assisted Living","BRAZORIA","332 MARSHALL ALLEY","ANGLETON","TX","77515","(979) 849-4744","(979) 849-3506","16","","","","","","","","true","29.167","-95.436","157.9","tx-hhsc-assisted-living","Texas HHSC Assisted Living Facilities","https://services1.arcgis.com/jI1j5lArZnrgFYSc/ArcGIS/rest/services/Assisted_Living/FeatureServer/0","Texas Health and Human Services Commission"
"tx-hhsc-assisted-living:000902","BROOKDALE WAXAHACHIE","000902","assisted_living","Assisted Living","ELLIS","2250 BROWN STREET","WAXAHACHIE","TX","75165","(972) 937-2600","(972) 938-1686","96","","","","","","","","true","32.4153","-96.8242","158","tx-hhsc-assisted-living","Texas HHSC Assisted Living Facilities","https://services1.arcgis.com/jI1j5lArZnrgFYSc/ArcGIS/rest/services/Assisted_Living/FeatureServer/0","Texas Health and Human Services Commission"
"tx-hhsc-assisted-living:104341","DESIRE TO LIVE","104341","assisted_living","Assisted Living","BRAZORIA","2220 CR 144","ALVIN","TX","77511","(832) 512-3863","844 594 1392","9","","","","","","","","true","29.4617","-95.2743","158","tx-hhsc-assisted-living","Texas HHSC Assisted Living Facilities","https://services1.arcgis.com/jI1j5lArZnrgFYSc/ArcGIS/rest/services/Assisted_Living/FeatureServer/0","Texas Health and Human Services Commission"
"tx-hhsc-assisted-living:106481","ELK CREEK SENIOR LIVING COMMUNITY","106481","assisted_living","Assisted Living","JOHNSON","301 ELK DRIVE","BURLESON","TX","76028","(817) 295-6555","","90","","","","","","","","true","32.5288","-97.3503","158","tx-hhsc-assisted-living","Texas HHSC Assisted Living Facilities","https://services1.arcgis.com/jI1j5lArZnrgFYSc/ArcGIS/rest/services/Assisted_Living/FeatureServer/0","Texas Health and Human Services Commission"
"tx-hhsc-assisted-living:105090","LAKEHOUSE ON DIXIE","105090","assisted_living","Assisted Living","BRAZORIA","3504 DIXIE FARM ROAD","PEARLAND","TX","77581","(281) 992-2650","","14","","","","","","","","true","29.5413","-95.2411","158","tx-hhsc-assisted-living","Texas HHSC Assisted Living Facilities","https://services1.arcgis.com/jI1j5lArZnrgFYSc/ArcGIS/rest/services/Assisted_Living/FeatureServer/0","Texas Health and Human Services Commission"
"tx-hhsc-assisted-living:030227","BROOKDALE PEARLAND","030227","assisted_living","Assisted Living","BRAZORIA","2121 SCARSDALE BLVD","PEARLAND","TX","77581","(281) 464-8740","(281) 464-8739","19","","","","","","","","true","29.5691","-95.2275","158.2","tx-hhsc-assisted-living","Texas HHSC Assisted Living Facilities","https://services1.arcgis.com/jI1j5lArZnrgFYSc/ArcGIS/rest/services/Assisted_Living/FeatureServer/0","Texas Health and Human Services Commission"
"tx-hhsc-assisted-living:030110","BROOKDALE PEARLAND","030110","assisted_living","Assisted Living","BRAZORIA","2121 SCARSDALE BLVD","PEARLAND","TX","77581","(281) 464-8740","(281) 464-8739","84","","","","","","","","true","29.5691","-95.2275","158.2","tx-hhsc-assisted-living","Texas HHSC Assisted Living Facilities","https://services1.arcgis.com/jI1j5lArZnrgFYSc/ArcGIS/rest/services/Assisted_Living/FeatureServer/0","Texas Health and Human Services Commission"
"tx-hhsc-assisted-living:110264","GENOA ASSISTED LIVING","110264","assisted_living","Assisted Living","HARRIS","12809 ALMEDA GENOA ROAD","HOUSTON","TX","77034","346 204 5137","346 571 1129","10","","","","","","","","true","29.623","-95.2017","158.5","tx-hhsc-assisted-living","Texas HHSC Assisted Living Facilities","https://services1.arcgis.com/jI1j5lArZnrgFYSc/ArcGIS/rest/services/Assisted_Living/FeatureServer/0","Texas Health and Human Services Commission"
"tx-hhsc-assisted-living:030312","LAKEWOOD HOUSE ASSISTED LIVING, LLC","030312","assisted_living","Assisted Living","ELLIS","824 CLEARWATER DR.","MIDLOTHIAN","TX","76065","(972) 723-0597","(972) 775-2474","7","","","","","","","","true","32.4659","-96.9725","158.6","tx-hhsc-assisted-living","Texas HHSC Assisted Living Facilities","https://services1.arcgis.com/jI1j5lArZnrgFYSc/ArcGIS/rest/services/Assisted_Living/FeatureServer/0","Texas Health and Human Services Commission"
"tx-hhsc-assisted-living:106233","MIDTOWNE ASSISTED LIVING","106233","assisted_living","Assisted Living","ELLIS","910 S 9TH ST","MIDLOTHIAN","TX","76065","(469) 672-1400","(469) 672-1999","94","","","","","","","","true","32.4735","-96.9926","158.7","tx-hhsc-assisted-living","Texas HHSC Assisted Living Facilities","https://services1.arcgis.com/jI1j5lArZnrgFYSc/ArcGIS/rest/services/Assisted_Living/FeatureServer/0","Texas Health and Human Services Commission"
"tx-hhsc-assisted-living:106615","MUSTANG CREEK ESTATES BURLESON HOUSE A","106615","assisted_living","Assisted Living","JOHNSON","1155 NW JOHN JONES DRIVE","BURLESON","TX","76028","(817) 733-8300","(972) 502-9985","14","","","","","","","","true","32.5409","-97.3663","158.7","tx-hhsc-assisted-living","Texas HHSC Assisted Living Facilities","https://services1.arcgis.com/jI1j5lArZnrgFYSc/ArcGIS/rest/services/Assisted_Living/FeatureServer/0","Texas Health and Human Services Commission"
"tx-hhsc-assisted-living:106883","MUSTANG CREEK ESTATES BURLESON HOUSE B","106883","assisted_living","Assisted Living","JOHNSON","1155 NW JOHN JONES DRIVE","BURLESON","TX","76028","(817) 733-8300","(972) 502-9985","14","","","","","","","","true","32.5409","-97.3663","158.7","tx-hhsc-assisted-living","Texas HHSC Assisted Living Facilities","https://services1.arcgis.com/jI1j5lArZnrgFYSc/ArcGIS/rest/services/Assisted_Living/FeatureServer/0","Texas Health and Human Services Commission"
"tx-hhsc-assisted-living:106776","MUSTANG CREEK ESTATES BURLESON HOUSE C&D","106776","assisted_living","Assisted Living","JOHNSON","1155 NW JOHN JONES DRIVE","BURLESON","TX","76028","(817) 733-8300","(972) 502-9985","30","","","","","","","","true","32.5409","-97.3663","158.7","tx-hhsc-assisted-living","Texas HHSC Assisted Living Facilities","https://services1.arcgis.com/jI1j5lArZnrgFYSc/ArcGIS/rest/services/Assisted_Living/FeatureServer/0","Texas Health and Human Services Commission"
"tx-hhsc-assisted-living:106882","MUSTANG CREEK ESTATES BURLESON HOUSE E","106882","assisted_living","Assisted Living","JOHNSON","1155 NW JOHN JONES DRIVE","BURLESON","TX","76028","(817) 733-8300","(972) 502-9985","16","","","","","","","","true","32.5409","-97.3663","158.7","tx-hhsc-assisted-living","Texas HHSC Assisted Living Facilities","https://services1.arcgis.com/jI1j5lArZnrgFYSc/ArcGIS/rest/services/Assisted_Living/FeatureServer/0","Texas Health and Human Services Commission"
"tx-hhsc-assisted-living:106774","MUSTANG CREEK ESTATES BURLESON HOUSE F","106774","assisted_living","Assisted Living","JOHNSON","1155 JOHN JONES DRIVE","BURLESON","TX","76028","(817) 733-8300","(972) 502-9985","16","","","","","","","","true","32.5409","-97.3663","158.7","tx-hhsc-assisted-living","Texas HHSC Assisted Living Facilities","https://services1.arcgis.com/jI1j5lArZnrgFYSc/ArcGIS/rest/services/Assisted_Living/FeatureServer/0","Texas Health and Human Services Commission"
"tx-hhsc-assisted-living:000951","COLONIAL OAKS AT VISTA","000951","assisted_living","Assisted Living","HARRIS","4004 VISTA RD","PASADENA","TX","77504","(713) 941-4663","(713) 941-4664","120","","","","","","","","true","29.6576","-95.1829","158.9","tx-hhsc-assisted-living","Texas HHSC Assisted Living Facilities","https://services1.arcgis.com/jI1j5lArZnrgFYSc/ArcGIS/rest/services/Assisted_Living/FeatureServer/0","Texas Health and Human Services Commission"
"tx-hhsc-assisted-living:110315","LEGACY OAKS OF MIDLOTHIAN","110315","assisted_living","Assisted Living","ELLIS","610 S. 14TH STREET","MIDLOTHIAN","TX","76065","(469) 672-1900","","91","","","","","","","","true","32.4764","-96.9864","159","tx-hhsc-assisted-living","Texas HHSC Assisted Living Facilities","https://services1.arcgis.com/jI1j5lArZnrgFYSc/ArcGIS/rest/services/Assisted_Living/FeatureServer/0","Texas Health and Human Services Commission"
"tx-hhsc-assisted-living:102809","KOZY KORNER","102809","assisted_living","Assisted Living","BRAZORIA","1501 PARKWAY","ALVIN","TX","77511","(281) 245-6119","(281) 585-3914","6","","","","","","","","true","29.4104","-95.2747","159.3","tx-hhsc-assisted-living","Texas HHSC Assisted Living Facilities","https://services1.arcgis.com/jI1j5lArZnrgFYSc/ArcGIS/rest/services/Assisted_Living/FeatureServer/0","Texas Health and Human Services Commission"
"tx-hhsc-assisted-living:000715","GULF POINTE VILLAGE","000715","assisted_living","Assisted Living","ARANSAS","900 ENTERPRISE","ROCKPORT","TX","78382","(361) 729-5254","(361) 729-3820","40","","","","","","","","true","28.0406","-97.0523","159.4","tx-hhsc-assisted-living","Texas HHSC Assisted Living Facilities","https://services1.arcgis.com/jI1j5lArZnrgFYSc/ArcGIS/rest/services/Assisted_Living/FeatureServer/0","Texas Health and Human Services Commission"
"tx-hhsc-assisted-living:030094","THE PINE TREE OF PASADENA LLC","030094","assisted_living","Assisted Living","HARRIS","2514 PANSY","PASADENA","TX","77503","(281) 487-3113","(832) 230-8711","32","","","","","","","","true","29.6752","-95.1636","159.7","tx-hhsc-assisted-living","Texas HHSC Assisted Living Facilities","https://services1.arcgis.com/jI1j5lArZnrgFYSc/ArcGIS/rest/services/Assisted_Living/FeatureServer/0","Texas Health and Human Services Commission"
"tx-hhsc-assisted-living:050756","EVENING STAR PERSONAL CARE HOME","050756","assisted_living","Assisted Living","BRAZORIA","2960 ROWAN BURTON RD","ALVIN","TX","77511","(281) 331-6753","(281) 585-3914","16","","","","","","","","true","29.3982","-95.2726","159.8","tx-hhsc-assisted-living","Texas HHSC Assisted Living Facilities","https://services1.arcgis.com/jI1j5lArZnrgFYSc/ArcGIS/rest/services/Assisted_Living/FeatureServer/0","Texas Health and Human Services Commission"
"tx-hhsc-assisted-living:110592","CARING COUNTRY COTTAGE PCH","110592","assisted_living","Assisted Living","BRAZORIA","800 KOST RD.","ALVIN","TX","77511","","","13","","","","","","","","true","29.4171","-95.2615","159.9","tx-hhsc-assisted-living","Texas HHSC Assisted Living Facilities","https://services1.arcgis.com/jI1j5lArZnrgFYSc/ArcGIS/rest/services/Assisted_Living/FeatureServer/0","Texas Health and Human Services Commission"
"tx-hhsc-assisted-living:110700","WILSHIRE","110700","assisted_living","Assisted Living","JOHNSON","1600 GREENRIDGE DRIVE","BURLESON","TX","76028","817 9844598","","110","","","","","","","","true","32.5544","-97.3143","160","tx-hhsc-assisted-living","Texas HHSC Assisted Living Facilities","https://services1.arcgis.com/jI1j5lArZnrgFYSc/ArcGIS/rest/services/Assisted_Living/FeatureServer/0","Texas Health and Human Services Commission"
"tx-hhsc-assisted-living:110488","GRACEFULLY FOUND CARE HOME","110488","assisted_living","Assisted Living","HARRIS","4106 ALECIA DRIVE","PASADENA","TX","77503","(281) 247-0341","(713) 434-6999","6","","","","","","","","true","29.6902","-95.15","160.2","tx-hhsc-assisted-living","Texas HHSC Assisted Living Facilities","https://services1.arcgis.com/jI1j5lArZnrgFYSc/ArcGIS/rest/services/Assisted_Living/FeatureServer/0","Texas Health and Human Services Commission"
"tx-hhsc-assisted-living:106477","K'S PLACE PERSONAL CARE HOME LLC","106477","assisted_living","Assisted Living","BRAZORIA","25806 CR 46","ANGLETON","TX","77515","(979) 922-1800","(979) 922-1800","12","","","","","","","","true","29.2237","-95.3566","160.3","tx-hhsc-assisted-living","Texas HHSC Assisted Living Facilities","https://services1.arcgis.com/jI1j5lArZnrgFYSc/ArcGIS/rest/services/Assisted_Living/FeatureServer/0","Texas Health and Human Services Commission"
"tx-hhsc-assisted-living:000384","MORADA BURLESON","000384","assisted_living","Assisted Living","TARRANT","611 NE ALSBURY BLVD","BURLESON","TX","76028","817 4474477","(817) 447-4505","80","","","","","","","","true","32.5609","-97.329","160.4","tx-hhsc-assisted-living","Texas HHSC Assisted Living Facilities","https://services1.arcgis.com/jI1j5lArZnrgFYSc/ArcGIS/rest/services/Assisted_Living/FeatureServer/0","Texas Health and Human Services Commission"
"tx-hhsc-assisted-living:106575","SERENITY GARDENS","106575","assisted_living","Assisted Living","GALVESTON","118 W WILLOWICK AVE","FRIENDSWOOD","TX","77546","(832) 569-4517","(832) 569-4616","16","","","","","","","","true","29.5289","-95.2023","160.5","tx-hhsc-assisted-living","Texas HHSC Assisted Living Facilities","https://services1.arcgis.com/jI1j5lArZnrgFYSc/ArcGIS/rest/services/Assisted_Living/FeatureServer/0","Texas Health and Human Services Commission"
"tx-hhsc-assisted-living:106259","WINDERMERE AT CARTMELL","106259","assisted_living","Assisted Living","ANDERSON","30 VARIAH ST","PALESTINE","TX","75801","(903) 727-8500","(903) 727-8501","56","","","","","","","","true","31.7438","-95.6478","160.6","tx-hhsc-assisted-living","Texas HHSC Assisted Living Facilities","https://services1.arcgis.com/jI1j5lArZnrgFYSc/ArcGIS/rest/services/Assisted_Living/FeatureServer/0","Texas Health and Human Services Commission"
"tx-hhsc-assisted-living:110556","THOMAS MANOR MEMORY CARE 1 INC","110556","assisted_living","Assisted Living","GALVESTON","2275 S THOMAS TRACE","FRIENDSWOOD","TX","77546","(281) 482-9700","(281) 482-9705","16","","","","","","","","true","29.4849","-95.214","160.9","tx-hhsc-assisted-living","Texas HHSC Assisted Living Facilities","https://services1.arcgis.com/jI1j5lArZnrgFYSc/ArcGIS/rest/services/Assisted_Living/FeatureServer/0","Texas Health and Human Services Commission"
"tx-hhsc-assisted-living:100789","HOPE VILLAGE HOME #5","100789","assisted_living","Assisted Living","HARRIS","15403 HOPE VILLAGE RD","FRIENDSWOOD","TX","77546","(281) 482-7926","(281) 400-2012","16","","","","","","","","true","29.5492","-95.1854","161","tx-hhsc-assisted-living","Texas HHSC Assisted Living Facilities","https://services1.arcgis.com/jI1j5lArZnrgFYSc/ArcGIS/rest/services/Assisted_Living/FeatureServer/0","Texas Health and Human Services Commission"
"tx-hhsc-assisted-living:000346","HOPE VILLAGE HOME 2","000346","assisted_living","Assisted Living","HARRIS","15403 HOPE VILLAGE RD","FRIENDSWOOD","TX","77546","(281) 482-7926","(281) 400-2012","14","","","","","","","","true","29.5492","-95.1854","161","tx-hhsc-assisted-living","Texas HHSC Assisted Living Facilities","https://services1.arcgis.com/jI1j5lArZnrgFYSc/ArcGIS/rest/services/Assisted_Living/FeatureServer/0","Texas Health and Human Services Commission"
"tx-hhsc-assisted-living:000348","HOPE VILLAGE HOME 3","000348","assisted_living","Assisted Living","HARRIS","15403 HOPE VILLAGE RD","FRIENDSWOOD","TX","77546","(281) 482-7926","(281) 400-2012","15","","","","","","","","true","29.5492","-95.1854","161","tx-hhsc-assisted-living","Texas HHSC Assisted Living Facilities","https://services1.arcgis.com/jI1j5lArZnrgFYSc/ArcGIS/rest/services/Assisted_Living/FeatureServer/0","Texas Health and Human Services Commission"
"tx-hhsc-assisted-living:000347","HOPE VILLAGE HOME 4","000347","assisted_living","Assisted Living","HARRIS","15403 HOPE VILLAGE RD","FRIENDSWOOD","TX","77546","(281) 482-7926","(281) 400-2012","12","","","","","","","","true","29.5492","-95.1854","161","tx-hhsc-assisted-living","Texas HHSC Assisted Living Facilities","https://services1.arcgis.com/jI1j5lArZnrgFYSc/ArcGIS/rest/services/Assisted_Living/FeatureServer/0","Texas Health and Human Services Commission"
"tx-hhsc-assisted-living:103376","THE WOODLANDS ASSISTED LIVING","103376","assisted_living","Assisted Living","EASTLAND","125 INSPIRATION BLVD","EASTLAND","TX","76448","(254) 629-1001","(254) 629-1025","48","","","","","","","","true","32.3973","-98.849","161","tx-hhsc-assisted-living","Texas HHSC Assisted Living Facilities","https://services1.arcgis.com/jI1j5lArZnrgFYSc/ArcGIS/rest/services/Assisted_Living/FeatureServer/0","Texas Health and Human Services Commission"
"tx-hhsc-assisted-living:103487","ANCHOR WAY SENIOR CARE LLC","103487","assisted_living","Assisted Living","TARRANT","10805 W CLEBURNE RD","CROWLEY","TX","76036","(682) 240-8181","(866) 323-0948","16","","","","","","","","true","32.5841","-97.4079","161.3","tx-hhsc-assisted-living","Texas HHSC Assisted Living Facilities","https://services1.arcgis.com/jI1j5lArZnrgFYSc/ArcGIS/rest/services/Assisted_Living/FeatureServer/0","Texas Health and Human Services Commission"
"tx-hhsc-assisted-living:000821","BROOKDALE PALESTINE","000821","assisted_living","Assisted Living","ANDERSON","101 TRINTY COURT","PALESTINE","TX","75801-6978","(903) 729-1900","(903) 729-5574","50","","","","","","","","true","31.7358","-95.6262","161.3","tx-hhsc-assisted-living","Texas HHSC Assisted Living Facilities","https://services1.arcgis.com/jI1j5lArZnrgFYSc/ArcGIS/rest/services/Assisted_Living/FeatureServer/0","Texas Health and Human Services Commission"
"tx-hhsc-assisted-living:105675","CARRIAGE INNLAKE JACKSON","105675","assisted_living","Assisted Living","BRAZORIA","130 LAKE ROAD","LAKE JACKSON","TX","77566","(979) 285-0300","(979) 285-0338","50","","","","","","","","true","29.0373","-95.4588","161.3","tx-hhsc-assisted-living","Texas HHSC Assisted Living Facilities","https://services1.arcgis.com/jI1j5lArZnrgFYSc/ArcGIS/rest/services/Assisted_Living/FeatureServer/0","Texas Health and Human Services Commission"
"tx-hhsc-assisted-living:102438","DOGWOOD TRAILS ASSISTED LIVING COMMUNITY","102438","assisted_living","Assisted Living","ANDERSON","1625 SPRING ST","PALESTINE","TX","75803","903 7230040","903 7230038","60","","","","","","","","true","31.7695","-95.653","161.5","tx-hhsc-assisted-living","Texas HHSC Assisted Living Facilities","https://services1.arcgis.com/jI1j5lArZnrgFYSc/ArcGIS/rest/services/Assisted_Living/FeatureServer/0","Texas Health and Human Services Commission"
"tx-hhsc-assisted-living:030422","MORADA FRIENDSWOOD","030422","assisted_living","Assisted Living","GALVESTON","1310 S FRIENDSWOOD DR.","FRIENDSWOOD","TX","77546","(281) 648-5454","NA","120","","","","","","","","true","29.5144","-95.1907","161.5","tx-hhsc-assisted-living","Texas HHSC Assisted Living Facilities","https://services1.arcgis.com/jI1j5lArZnrgFYSc/ArcGIS/rest/services/Assisted_Living/FeatureServer/0","Texas Health and Human Services Commission"
"tx-hhsc-assisted-living:110343","THE PARK AT BAY AREA","110343","assisted_living","Assisted Living","HARRIS","5000 SPACE CENTER BLVD.","PASADENA","TX","77505","(281) 339-7340","(281) 339-7299","70","","","","","","","","true","29.6368","-95.1437","161.6","tx-hhsc-assisted-living","Texas HHSC Assisted Living Facilities","https://services1.arcgis.com/jI1j5lArZnrgFYSc/ArcGIS/rest/services/Assisted_Living/FeatureServer/0","Texas Health and Human Services Commission"
"tx-hhsc-assisted-living:110588","CNS  LAKEWAY","110588","assisted_living","Assisted Living","GALVESTON","2407 LAKEWAY DRIVE","FRIENDSWOOD","TX","77546","(661) 872-3508","(661) 368-0909","6","","","","","","","","true","29.4779","-95.2031","161.7","tx-hhsc-assisted-living","Texas HHSC Assisted Living Facilities","https://services1.arcgis.com/jI1j5lArZnrgFYSc/ArcGIS/rest/services/Assisted_Living/FeatureServer/0","Texas Health and Human Services Commission"
"tx-hhsc-assisted-living:030051","SODALIS LAKE JACKSON","030051","assisted_living","Assisted Living","BRAZORIA","206 OAK DRIVE SOUTH","LAKE JACKSON","TX","77566","(979) 297-5577","(979) 297-5623","108","","","","","","","","true","29.0324","-95.4549","161.7","tx-hhsc-assisted-living","Texas HHSC Assisted Living Facilities","https://services1.arcgis.com/jI1j5lArZnrgFYSc/ArcGIS/rest/services/Assisted_Living/FeatureServer/0","Texas Health and Human Services Commission"
"tx-hhsc-assisted-living:105915","HERITAGE PLACE ASSISTED LIVING","105915","assisted_living","Assisted Living","TARRANT","621 OLD HIGHWAY 1187","FORT WORTH","TX","76028","(817) 293-2300","","140","","","","","","","","true","32.5804","-97.3105","161.9","tx-hhsc-assisted-living","Texas HHSC Assisted Living Facilities","https://services1.arcgis.com/jI1j5lArZnrgFYSc/ArcGIS/rest/services/Assisted_Living/FeatureServer/0","Texas Health and Human Services Commission"
"tx-hhsc-assisted-living:110755","REUNION COURT OF CLEAR LAKE","110755","assisted_living","Assisted Living","HARRIS","14101 BAY POINTE COURT","CLEAR LAKE","TX","77062","(281) 218-6765","","100","","","","","","","","true","29.5825","-95.1565","162","tx-hhsc-assisted-living","Texas HHSC Assisted Living Facilities","https://services1.arcgis.com/jI1j5lArZnrgFYSc/ArcGIS/rest/services/Assisted_Living/FeatureServer/0","Texas Health and Human Services Commission"
"tx-hhsc-assisted-living:110255","STERLING OAKS ASSISTED LIVING INC","110255","assisted_living","Assisted Living","GALVESTON","505 NORTH CLEAR CREEK DRIVE","FRIENDSWOOD","TX","77546","(281) 380-3854","","8","","","","","","","","true","29.5137","-95.179","162.2","tx-hhsc-assisted-living","Texas HHSC Assisted Living Facilities","https://services1.arcgis.com/jI1j5lArZnrgFYSc/ArcGIS/rest/services/Assisted_Living/FeatureServer/0","Texas Health and Human Services Commission"
"tx-hhsc-assisted-living:105048","THE HERITAGE OF CLEAR LAKE","105048","assisted_living","Assisted Living","HARRIS","14225 CRESCENT LANDING","HOUSTON","TX","77062","(281) 612-6753","(281) 938-2801","50","","","","","","","","true","29.5807","-95.1532","162.2","tx-hhsc-assisted-living","Texas HHSC Assisted Living Facilities","https://services1.arcgis.com/jI1j5lArZnrgFYSc/ArcGIS/rest/services/Assisted_Living/FeatureServer/0","Texas Health and Human Services Commission"
"tx-hhsc-assisted-living:106735","HEARTIS CLEAR LAKE","106735","assisted_living","Assisted Living","HARRIS","14520 OLD GALVESTON ROAD","WEBSTER","TX","77598","(281) 488-0762","","148","","","","","","","","true","29.5739","-95.1541","162.3","tx-hhsc-assisted-living","Texas HHSC Assisted Living Facilities","https://services1.arcgis.com/jI1j5lArZnrgFYSc/ArcGIS/rest/services/Assisted_Living/FeatureServer/0","Texas Health and Human Services Commission"
"tx-hhsc-assisted-living:102163","ST JOHN'S RESIDENTIAL CARE HOME INC","102163","assisted_living","Assisted Living","TARRANT","4448 MALLOW OAK DR","FORT WORTH","TX","76123","(817) 680-5171","(817) 361-9244","6","","","","","","","","true","32.6046","-97.3914","162.8","tx-hhsc-assisted-living","Texas HHSC Assisted Living Facilities","https://services1.arcgis.com/jI1j5lArZnrgFYSc/ArcGIS/rest/services/Assisted_Living/FeatureServer/0","Texas Health and Human Services Commission"
"tx-hhsc-assisted-living:104442","ST JOHN'S RESIDENTIAL CARE HOME INC","104442","assisted_living","Assisted Living","TARRANT","4444 MALLOW OAK DR","FORT WORTH","TX","76123","(817) 680-5171","(817) 361-9244","8","","","","","","","","true","32.6046","-97.3912","162.8","tx-hhsc-assisted-living","Texas HHSC Assisted Living Facilities","https://services1.arcgis.com/jI1j5lArZnrgFYSc/ArcGIS/rest/services/Assisted_Living/FeatureServer/0","Texas Health and Human Services Commission"
"tx-hhsc-assisted-living:110504","SUNDANCE SENIOR VILLAGE LIVING LLC","110504","assisted_living","Assisted Living","TARRANT","140 N. MITCHELL","MANSFIELD","TX","76063","(817) 592-3178","(817) 557-2215","16","","","","","","","","true","32.5625","-97.1098","162.9","tx-hhsc-assisted-living","Texas HHSC Assisted Living Facilities","https://services1.arcgis.com/jI1j5lArZnrgFYSc/ArcGIS/rest/services/Assisted_Living/FeatureServer/0","Texas Health and Human Services Commission"
"tx-hhsc-assisted-living:110520","SODALIS OPERATIONS DEER PARK, LLC","110520","assisted_living","Assisted Living","HARRIS","2000 EAST BOULEVARD","DEER PARK","TX","77536","","","120","","","","","","","","true","29.6987","-95.0995","163","tx-hhsc-assisted-living","Texas HHSC Assisted Living Facilities","https://services1.arcgis.com/jI1j5lArZnrgFYSc/ArcGIS/rest/services/Assisted_Living/FeatureServer/0","Texas Health and Human Services Commission"
"tx-hhsc-assisted-living:110293","HIGHLANDS VILLAGE SENIOR LIVING LLC","110293","assisted_living","Assisted Living","TARRANT","120 REGENCY PKWY","MANSFIELD","TX","76063","(817) 779-9088","(1817) 394-1288","98","","","","","","","","true","32.5646","-97.1068","163.1","tx-hhsc-assisted-living","Texas HHSC Assisted Living Facilities","https://services1.arcgis.com/jI1j5lArZnrgFYSc/ArcGIS/rest/services/Assisted_Living/FeatureServer/0","Texas Health and Human Services Commission"
"tx-hhsc-assisted-living:105031","LABORING WITH LOVED ONES PERSONAL CARE HOME","105031","assisted_living","Assisted Living","BRAZORIA","6911 COUNTY RD 171","ALVIN","TX","77511","(281) 581-9991","(281) 581-9991","8","","","","","","","","true","29.3153","-95.2524","163.2","tx-hhsc-assisted-living","Texas HHSC Assisted Living Facilities","https://services1.arcgis.com/jI1j5lArZnrgFYSc/ArcGIS/rest/services/Assisted_Living/FeatureServer/0","Texas Health and Human Services Commission"
"tx-hhsc-assisted-living:030403","MOUNTBATTEN HOUSE INC","030403","assisted_living","Assisted Living","HARRIS","213 MAPLE ST","HIGHLANDS","TX","77562","(281) 843-2013","(281) 843-2206","24","","","","","","","","true","29.8211","-95.0611","163.3","tx-hhsc-assisted-living","Texas HHSC Assisted Living Facilities","https://services1.arcgis.com/jI1j5lArZnrgFYSc/ArcGIS/rest/services/Assisted_Living/FeatureServer/0","Texas Health and Human Services Commission"
"tx-hhsc-assisted-living:110703","MRC SENIOR LIVING FORT WORTH","110703","assisted_living","Assisted Living","TARRANT","6301 HALLONQUIST LANE","FORT WORTH","TX","76123","","","84","","","","","","","","true","32.6138","-97.3935","163.4","tx-hhsc-assisted-living","Texas HHSC Assisted Living Facilities","https://services1.arcgis.com/jI1j5lArZnrgFYSc/ArcGIS/rest/services/Assisted_Living/FeatureServer/0","Texas Health and Human Services Commission"
"tx-hhsc-assisted-living:101209","ADL ASSISTED LIVING INC ELENA ESTATES #2","101209","assisted_living","Assisted Living","HARRIS","710 N MAIN ST","HIGHLANDS","TX","77562","(713) 298-5098","(281) 843-3260","15","","","","","","","","true","29.8252","-95.0579","163.5","tx-hhsc-assisted-living","Texas HHSC Assisted Living Facilities","https://services1.arcgis.com/jI1j5lArZnrgFYSc/ArcGIS/rest/services/Assisted_Living/FeatureServer/0","Texas Health and Human Services Commission"
"tx-hhsc-assisted-living:030048","ADL ASSISTED LIVING INC ELENA ESTATES 1","030048","assisted_living","Assisted Living","HARRIS","710 N MAIN ST","HIGHLANDS","TX","77562","(713) 298-5098","(281) 205-7727","16","","","","","","","","true","29.8252","-95.0579","163.5","tx-hhsc-assisted-living","Texas HHSC Assisted Living Facilities","https://services1.arcgis.com/jI1j5lArZnrgFYSc/ArcGIS/rest/services/Assisted_Living/FeatureServer/0","Texas Health and Human Services Commission"
"tx-hhsc-assisted-living:106927","FLEURDLEYS ASSISTED LIVING INC","106927","assisted_living","Assisted Living","TARRANT","6120 RENDON NEW HOPE ROAD","FORT WORTH","TX","76140","(817) 483-4899","(817) 483-5651","10","","","","","","","","true","32.5932","-97.235","163.5","tx-hhsc-assisted-living","Texas HHSC Assisted Living Facilities","https://services1.arcgis.com/jI1j5lArZnrgFYSc/ArcGIS/rest/services/Assisted_Living/FeatureServer/0","Texas Health and Human Services Commission"
"tx-hhsc-assisted-living:100982","FLEURDLEYS INC","100982","assisted_living","Assisted Living","TARRANT","6104 RENDON NEW HOPE RD","FORT WORTH","TX","76140","(817) 483-2808","(817) 483-5651","13","","","","","","","","true","32.5932","-97.235","163.5","tx-hhsc-assisted-living","Texas HHSC Assisted Living Facilities","https://services1.arcgis.com/jI1j5lArZnrgFYSc/ArcGIS/rest/services/Assisted_Living/FeatureServer/0","Texas Health and Human Services Commission"
"tx-hhsc-assisted-living:103340","LIGHT HEART MEMORY CARE  CLEAR LAKE","103340","assisted_living","Assisted Living","HARRIS","15015 HOLLYDALE DRIVE","HOUSTON","TX","77062","(281) 282-0770","(281) 280-8048","8","","","","","","","","true","29.581","-95.1306","163.5","tx-hhsc-assisted-living","Texas HHSC Assisted Living Facilities","https://services1.arcgis.com/jI1j5lArZnrgFYSc/ArcGIS/rest/services/Assisted_Living/FeatureServer/0","Texas Health and Human Services Commission"
"tx-hhsc-assisted-living:106384","CEDAR BLUFF ASSISTED LIVING AND MEMORY CARE","106384","assisted_living","Assisted Living","TARRANT","354 MATLOCK ROAD","MANSFIELD","TX","76063","(817) 473-2200","(817) 518-1660","112","","","","","","","","true","32.5705","-97.0967","163.6","tx-hhsc-assisted-living","Texas HHSC Assisted Living Facilities","https://services1.arcgis.com/jI1j5lArZnrgFYSc/ArcGIS/rest/services/Assisted_Living/FeatureServer/0","Texas Health and Human Services Commission"
"tx-hhsc-assisted-living:100097","PARSONS HOUSE LA PORTE LP","100097","assisted_living","Assisted Living","HARRIS","8727 FAIRMONT PARKWAY","LA PORTE","TX","77571","(281) 478-0000","(281) 478-6548","65","","","","","","","","true","29.6524","-95.1043","163.6","tx-hhsc-assisted-living","Texas HHSC Assisted Living Facilities","https://services1.arcgis.com/jI1j5lArZnrgFYSc/ArcGIS/rest/services/Assisted_Living/FeatureServer/0","Texas Health and Human Services Commission"
"tx-hhsc-assisted-living:000980","REVERED TEXAN HEARTH & HOME LLC","000980","assisted_living","Assisted Living","BRAZORIA","1005 SYCAMORE STREET","LAKE JACKSON","TX","77566","(979) 266-9982","(979) 266-9982","13","","","","","","","","true","29.0203","-95.4276","163.6","tx-hhsc-assisted-living","Texas HHSC Assisted Living Facilities","https://services1.arcgis.com/jI1j5lArZnrgFYSc/ArcGIS/rest/services/Assisted_Living/FeatureServer/0","Texas Health and Human Services Commission"
"tx-hhsc-assisted-living:110351","THE GRANDVIEW OF CHISOLM TRAIL","110351","assisted_living","Assisted Living","TARRANT","8533 BREWER BLVD","FORT WORTH","TX","76123","(817) 386-8006","","129","","","","","","","","true","32.6216","-97.3879","164","tx-hhsc-assisted-living","Texas HHSC Assisted Living Facilities","https://services1.arcgis.com/jI1j5lArZnrgFYSc/ArcGIS/rest/services/Assisted_Living/FeatureServer/0","Texas Health and Human Services Commission"
"tx-hhsc-assisted-living:110258","ST JOHN'S RESIDENTIAL CARE HOMES INC","110258","assisted_living","Assisted Living","TARRANT","8001 W. CLEBURNE RD","FORT WORTH","TX","76123","(817) 680-5171","(817) 361-9244","8","","","","","","","","true","32.6249","-97.3836","164.3","tx-hhsc-assisted-living","Texas HHSC Assisted Living Facilities","https://services1.arcgis.com/jI1j5lArZnrgFYSc/ArcGIS/rest/services/Assisted_Living/FeatureServer/0","Texas Health and Human Services Commission"
"tx-hhsc-assisted-living:104688","ISLE AT WATERCREST  MANSFIELD","104688","assisted_living","Assisted Living","TARRANT","200 E. DEBBIE LANE","MANSFIELD","TX","76063","(817) 453-3900","(817) 453-3909","130","","","","","","","","true","32.5965","-97.1335","164.9","tx-hhsc-assisted-living","Texas HHSC Assisted Living Facilities","https://services1.arcgis.com/jI1j5lArZnrgFYSc/ArcGIS/rest/services/Assisted_Living/FeatureServer/0","Texas Health and Human Services Commission"
"tx-hhsc-assisted-living:000807","BROOKDALE MANSFIELD","000807","assisted_living","Assisted Living","TARRANT","1771 COUNTRY CLUB DRIVE","MANSFIELD","TX","76063","(817) 477-0600","(817) 477-2223","58","","","","","","","","true","32.5942","-97.1093","165.1","tx-hhsc-assisted-living","Texas HHSC Assisted Living Facilities","https://services1.arcgis.com/jI1j5lArZnrgFYSc/ArcGIS/rest/services/Assisted_Living/FeatureServer/0","Texas Health and Human Services Commission"
"tx-hhsc-assisted-living:110130","LEGEND ASSISTED LIVING AND MEMORY CARE OF MANSFIELD","110130","assisted_living","Assisted Living","TARRANT","2500 N. WALNUT CREEK DRIVE","MANSFIELD","TX","76063","(817) 406-9000","","85","","","","","","","","true","32.6001","-97.131","165.2","tx-hhsc-assisted-living","Texas HHSC Assisted Living Facilities","https://services1.arcgis.com/jI1j5lArZnrgFYSc/ArcGIS/rest/services/Assisted_Living/FeatureServer/0","Texas Health and Human Services Commission"
"tx-hhsc-assisted-living:100339","BETHESDA GARDENS","100339","assisted_living","Assisted Living","TARRANT","5417 ALTA MESA BLVD","FORT WORTH","TX","76133","(817) 292-8886","(817) 292-3128","124","","","","","","","","true","32.6432","-97.4083","165.3","tx-hhsc-assisted-living","Texas HHSC Assisted Living Facilities","https://services1.arcgis.com/jI1j5lArZnrgFYSc/ArcGIS/rest/services/Assisted_Living/FeatureServer/0","Texas Health and Human Services Commission"
"tx-hhsc-assisted-living:103785","BETHESDA GARDENS MEMORY CARE COMMUNITY","103785","assisted_living","Assisted Living","TARRANT","5349 ALTAMESA BLVD","FORT WORTH","TX","76123","(817) 292-8886","(817) 292-3128","62","","","","","","","","true","32.643","-97.4066","165.3","tx-hhsc-assisted-living","Texas HHSC Assisted Living Facilities","https://services1.arcgis.com/jI1j5lArZnrgFYSc/ArcGIS/rest/services/Assisted_Living/FeatureServer/0","Texas Health and Human Services Commission"
"tx-hhsc-assisted-living:102915","WALNUT CREEK ASSISTED LIVING AND MEMORY CARE COMMUNITY","102915","assisted_living","Assisted Living","TARRANT","2281 COUNTRY CLUB DR","MANSFIELD","TX","76063","817 4733018","817 4531652","70","","","","","","","","true","32.5963","-97.1054","165.3","tx-hhsc-assisted-living","Texas HHSC Assisted Living Facilities","https://services1.arcgis.com/jI1j5lArZnrgFYSc/ArcGIS/rest/services/Assisted_Living/FeatureServer/0","Texas Health and Human Services Commission"
"tx-hhsc-assisted-living:103024","ELSHADAI CARE HOME","103024","assisted_living","Assisted Living","DALLAS","1225 NUTTING STREET","CEDAR HILL","TX","75104","(972) 291-7445","(972) 293-2777","6","","","","","","","","true","32.565","-96.9551","165.4","tx-hhsc-assisted-living","Texas HHSC Assisted Living Facilities","https://services1.arcgis.com/jI1j5lArZnrgFYSc/ArcGIS/rest/services/Assisted_Living/FeatureServer/0","Texas Health and Human Services Commission"
"tx-hhsc-assisted-living:106415","CIRCLE OF HELPING HANDS LLC","106415","assisted_living","Assisted Living","TARRANT","6901 WICKS TRAIL","FORT WORTH","TX","76133","(817) 346-3022","(817) 534-5771","8","","","","","","","","true","32.646","-97.4043","165.6","tx-hhsc-assisted-living","Texas HHSC Assisted Living Facilities","https://services1.arcgis.com/jI1j5lArZnrgFYSc/ArcGIS/rest/services/Assisted_Living/FeatureServer/0","Texas Health and Human Services Commission"
"tx-hhsc-assisted-living:105780","THE AUBERGE AT BENBROOK LAKE  A MEMORY CARE COMMUNITY","105780","assisted_living","Assisted Living","TARRANT","7001 BRYANT IRVIN ROAD","FORT WORTH","TX","76132","817 2922662","817 2922662","92","","","","","","","","true","32.6491","-97.4278","165.6","tx-hhsc-assisted-living","Texas HHSC Assisted Living Facilities","https://services1.arcgis.com/jI1j5lArZnrgFYSc/ArcGIS/rest/services/Assisted_Living/FeatureServer/0","Texas Health and Human Services Commission"
"tx-hhsc-assisted-living:105485","THE COTTAGES AT CLEAR LAKE","105485","assisted_living","Assisted Living","GALVESTON","400 LANDING BLVD.","LEAGUE CITY","TX","77573","(281) 316-4281","(281) 554-8607","72","","","","","","","","true","29.4983","-95.1252","165.6","tx-hhsc-assisted-living","Texas HHSC Assisted Living Facilities","https://services1.arcgis.com/jI1j5lArZnrgFYSc/ArcGIS/rest/services/Assisted_Living/FeatureServer/0","Texas Health and Human Services Commission"
"tx-hhsc-assisted-living:010237","THE COTTAGES AT CLEAR LAKE I","010237","assisted_living","Assisted Living","GALVESTON","450 LANDING BLVD","LEAGUE CITY","TX","77573","(281) 316-4281","(281) 554-8607","16","","","","","","","","true","29.4975","-95.1258","165.6","tx-hhsc-assisted-living","Texas HHSC Assisted Living Facilities","https://services1.arcgis.com/jI1j5lArZnrgFYSc/ArcGIS/rest/services/Assisted_Living/FeatureServer/0","Texas Health and Human Services Commission"
"tx-hhsc-assisted-living:010241","THE COTTAGES AT CLEAR LAKE I I","010241","assisted_living","Assisted Living","GALVESTON","450 LANDING BLVD","LEAGUE CITY","TX","77573","(281) 316-4281","(281) 554-8607","16","","","","","","","","true","29.4975","-95.1258","165.6","tx-hhsc-assisted-living","Texas HHSC Assisted Living Facilities","https://services1.arcgis.com/jI1j5lArZnrgFYSc/ArcGIS/rest/services/Assisted_Living/FeatureServer/0","Texas Health and Human Services Commission"
"tx-hhsc-assisted-living:106178","SENIOR VILLAGE","106178","assisted_living","Assisted Living","GALVESTON","501 NEWPORT BLVD","LEAGUE CITY","TX","77573","(409) 419-9493","(409) 419-9493","8","","","","","","","","true","29.4985","-95.1189","165.9","tx-hhsc-assisted-living","Texas HHSC Assisted Living Facilities","https://services1.arcgis.com/jI1j5lArZnrgFYSc/ArcGIS/rest/services/Assisted_Living/FeatureServer/0","Texas Health and Human Services Commission"
"tx-hhsc-assisted-living:104331","AUTUMN LEAVES OF CITYVIEW","104331","assisted_living","Assisted Living","TARRANT","7100 DUTCH BRANCH ROAD","FORT WORTH","TX","76132","(817) 769-3800","(817) 769-3801","46","","","","","","","","true","32.6532","-97.4178","166","tx-hhsc-assisted-living","Texas HHSC Assisted Living Facilities","https://services1.arcgis.com/jI1j5lArZnrgFYSc/ArcGIS/rest/services/Assisted_Living/FeatureServer/0","Texas Health and Human Services Commission"
"tx-hhsc-assisted-living:106658","BRAWNER SUNSET HAVEN LLC","106658","assisted_living","Assisted Living","GALVESTON","2019 SUNSET COURT SOUTH","LEAGUE CITY","TX","77573","(832) 932-5020","(832) 932-5020","8","","","","","","","","true","29.4975","-95.1183","166","tx-hhsc-assisted-living","Texas HHSC Assisted Living Facilities","https://services1.arcgis.com/jI1j5lArZnrgFYSc/ArcGIS/rest/services/Assisted_Living/FeatureServer/0","Texas Health and Human Services Commission"
"tx-hhsc-assisted-living:101164","LIGHT HEART MEMORY CARE  WEBSTER","101164","assisted_living","Assisted Living","HARRIS","910 KINGSGATE LN","HOUSTON","TX","77058","(281) 282-0770","(281) 280-8048","8","","","","","","","","true","29.5375","-95.1007","166.1","tx-hhsc-assisted-living","Texas HHSC Assisted Living Facilities","https://services1.arcgis.com/jI1j5lArZnrgFYSc/ArcGIS/rest/services/Assisted_Living/FeatureServer/0","Texas Health and Human Services Commission"
"tx-hhsc-assisted-living:010345","THE PAVILION","010345","assisted_living","Assisted Living","SAN PATRICIO","211 CEDAR DR","PORTLAND","TX","78374","(361) 777-4250","(361) 777-2892","40","","","","","","","","true","27.893","-97.3134","166.1","tx-hhsc-assisted-living","Texas HHSC Assisted Living Facilities","https://services1.arcgis.com/jI1j5lArZnrgFYSc/ArcGIS/rest/services/Assisted_Living/FeatureServer/0","Texas Health and Human Services Commission"
"tx-hhsc-assisted-living:110497","ST JOHN'S RESIDENTIAL CARE HOME INC","110497","assisted_living","Assisted Living","TARRANT","6321 WALLINGFORD DRIVE","FORT WORTH","TX","76133","(817) 680-5171","(817) 361-9244","8","","","","","","","","true","32.6529","-97.3888","166.2","tx-hhsc-assisted-living","Texas HHSC Assisted Living Facilities","https://services1.arcgis.com/jI1j5lArZnrgFYSc/ArcGIS/rest/services/Assisted_Living/FeatureServer/0","Texas Health and Human Services Commission"
"tx-hhsc-assisted-living:106954","ST JOHN'S RESIDENTIAL CARE HOMES INC","106954","assisted_living","Assisted Living","TARRANT","6317 WALLINGFORD DRIVE","FORT WORTH","TX","76133","(817) 680-5171","","8","","","","","","","","true","32.6531","-97.3888","166.2","tx-hhsc-assisted-living","Texas HHSC Assisted Living Facilities","https://services1.arcgis.com/jI1j5lArZnrgFYSc/ArcGIS/rest/services/Assisted_Living/FeatureServer/0","Texas Health and Human Services Commission"
"tx-hhsc-assisted-living:104433","CIRCLE OF HELPING HANDS","104433","assisted_living","Assisted Living","TARRANT","6405 GREENBRIAR LN","FORT WORTH","TX","76132","(817) 346-3022","(817) 534-5771","8","","","","","","","","true","32.6571","-97.4095","166.3","tx-hhsc-assisted-living","Texas HHSC Assisted Living Facilities","https://services1.arcgis.com/jI1j5lArZnrgFYSc/ArcGIS/rest/services/Assisted_Living/FeatureServer/0","Texas Health and Human Services Commission"
"tx-hhsc-assisted-living:100396","ASHWOOD MANOR LLC","100396","assisted_living","Assisted Living","RUNNELS","1502 STATE HWY 158","BALLINGER","TX","76821","(325) 365-2959","","8","","","","","","","","true","31.7477","-99.9585","166.4","tx-hhsc-assisted-living","Texas HHSC Assisted Living Facilities","https://services1.arcgis.com/jI1j5lArZnrgFYSc/ArcGIS/rest/services/Assisted_Living/FeatureServer/0","Texas Health and Human Services Commission"
"tx-hhsc-assisted-living:102835","SUNRISE OF FORT WORTH","102835","assisted_living","Assisted Living","TARRANT","6151 BRYANT IRVIN ROAD","FORT WORTH","TX","76132","(817) 292-2288","(817) 292-4668","105","","","","","","","","true","32.6595","-97.4243","166.4","tx-hhsc-assisted-living","Texas HHSC Assisted Living Facilities","https://services1.arcgis.com/jI1j5lArZnrgFYSc/ArcGIS/rest/services/Assisted_Living/FeatureServer/0","Texas Health and Human Services Commission"
"tx-hhsc-assisted-living:100660","AVALON MEMORY CARE","100660","assisted_living","Assisted Living","TARRANT","7204 HWY 287","ARLINGTON","TX","76001","(214) 752-7050","(214) 752-7054","25","","","","","","","","true","32.6285","-97.1753","166.5","tx-hhsc-assisted-living","Texas HHSC Assisted Living Facilities","https://services1.arcgis.com/jI1j5lArZnrgFYSc/ArcGIS/rest/services/Assisted_Living/FeatureServer/0","Texas Health and Human Services Commission"
"tx-hhsc-assisted-living:103189","NEW ERA ASSISTED LIVING","103189","assisted_living","Assisted Living","TARRANT","7903 TINCUP DRIVE","ARLINGTON","TX","76001","(817) 477-5775","","6","","","","","","","","true","32.6187","-97.1235","166.5","tx-hhsc-assisted-living","Texas HHSC Assisted Living Facilities","https://services1.arcgis.com/jI1j5lArZnrgFYSc/ArcGIS/rest/services/Assisted_Living/FeatureServer/0","Texas Health and Human Services Commission"
"tx-hhsc-assisted-living:110371","ARABELLA OF RED OAK","110371","assisted_living","Assisted Living","ELLIS","200 WASHINGTON STREET","RED OAK","TX","75154","(972) 898-3629","","129","","","","","","","","true","32.5324","-96.7764","166.6","tx-hhsc-assisted-living","Texas HHSC Assisted Living Facilities","https://services1.arcgis.com/jI1j5lArZnrgFYSc/ArcGIS/rest/services/Assisted_Living/FeatureServer/0","Texas Health and Human Services Commission"
"tx-hhsc-assisted-living:105379","AVALON CARE GROUP LLC","105379","assisted_living","Assisted Living","TARRANT","7140 HWY 287 S","ARLINGTON","TX","76001","(214) 752-7050","(214) 752-7054","25","","","","","","","","true","32.6291","-97.1754","166.6","tx-hhsc-assisted-living","Texas HHSC Assisted Living Facilities","https://services1.arcgis.com/jI1j5lArZnrgFYSc/ArcGIS/rest/services/Assisted_Living/FeatureServer/0","Texas Health and Human Services Commission"
"tx-hhsc-assisted-living:100656","AVALON MEMORY CARE","100656","assisted_living","Assisted Living","TARRANT","7200 HWY 287","ARLINGTON","TX","76001","(817) 563-0714","(817) 563-6152","25","","","","","","","","true","32.6285","-97.1747","166.6","tx-hhsc-assisted-living","Texas HHSC Assisted Living Facilities","https://services1.arcgis.com/jI1j5lArZnrgFYSc/ArcGIS/rest/services/Assisted_Living/FeatureServer/0","Texas Health and Human Services Commission"
"tx-hhsc-assisted-living:110377","AVALON MEMORY CARE","110377","assisted_living","Assisted Living","TARRANT","7120 US HWY 287 S","ARLINGTON","TX","76001","(214) 752-7050","(214) 752-7054","30","","","","","","","","true","32.6297","-97.1748","166.6","tx-hhsc-assisted-living","Texas HHSC Assisted Living Facilities","https://services1.arcgis.com/jI1j5lArZnrgFYSc/ArcGIS/rest/services/Assisted_Living/FeatureServer/0","Texas Health and Human Services Commission"
"tx-hhsc-assisted-living:107043","IGNITE MEDICAL RESORT FORT WORTH, LLC","107043","assisted_living","Assisted Living","TARRANT","6301 OAKMONT BLVD","FORT WORTH","TX","76132","(682) 250-4055","(682) 312-8551","36","","","","","","","","true","32.6618","-97.4057","166.6","tx-hhsc-assisted-living","Texas HHSC Assisted Living Facilities","https://services1.arcgis.com/jI1j5lArZnrgFYSc/ArcGIS/rest/services/Assisted_Living/FeatureServer/0","Texas Health and Human Services Commission"
"tx-hhsc-assisted-living:000812","GREENBRIAR MANSION","000812","assisted_living","Assisted Living","TARRANT","7865 OAKMONT BLD","FORT WORTH","TX","76132","(817) 292-0792","(817) 292-6856","16","","","","","","","","true","32.6657","-97.4261","166.8","tx-hhsc-assisted-living","Texas HHSC Assisted Living Facilities","https://services1.arcgis.com/jI1j5lArZnrgFYSc/ArcGIS/rest/services/Assisted_Living/FeatureServer/0","Texas Health and Human Services Commission"
"tx-hhsc-assisted-living:110589","NESTRA QUALITY ADULT CARE, LLC","110589","assisted_living","Assisted Living","TARRANT","7600 LONGBOW LANE","ARLINGTON","TX","76002","(817) 915-2606","","6","","","","","","","","true","32.6162","-97.0877","166.8","tx-hhsc-assisted-living","Texas HHSC Assisted Living Facilities","https://services1.arcgis.com/jI1j5lArZnrgFYSc/ArcGIS/rest/services/Assisted_Living/FeatureServer/0","Texas Health and Human Services Commission"
"tx-hhsc-assisted-living:107256","THE SHORES AT CLEAR LAKE SENIOR LIVING","107256","assisted_living","Assisted Living","HARRIS","19400 SPACE CENTER BLVD","HOUSTON","TX","77058","(281) 823-8080","","125","","","","","","","","true","29.5621","-95.0779","166.9","tx-hhsc-assisted-living","Texas HHSC Assisted Living Facilities","https://services1.arcgis.com/jI1j5lArZnrgFYSc/ArcGIS/rest/services/Assisted_Living/FeatureServer/0","Texas Health and Human Services Commission"
"tx-hhsc-assisted-living:110483","SERENITY GARDENS","110483","assisted_living","Assisted Living","HARRIS","4324 EAST BLVD.","LA PORTE","TX","77571","","(281) 476-9313","16","","","","","","","","true","29.6627","-95.0425","167","tx-hhsc-assisted-living","Texas HHSC Assisted Living Facilities","https://services1.arcgis.com/jI1j5lArZnrgFYSc/ArcGIS/rest/services/Assisted_Living/FeatureServer/0","Texas Health and Human Services Commission"
"tx-hhsc-assisted-living:000707","BROOKDALE BROADWAY CITYVIEW","000707","assisted_living","Assisted Living","TARRANT","5301 BRYANT IRVIN RD","FORT WORTH","TX","76132","(817) 346-9407","(817) 294-3235","52","","","","","","","","true","32.669","-97.4175","167.1","tx-hhsc-assisted-living","Texas HHSC Assisted Living Facilities","https://services1.arcgis.com/jI1j5lArZnrgFYSc/ArcGIS/rest/services/Assisted_Living/FeatureServer/0","Texas Health and Human Services Commission"
"tx-hhsc-assisted-living:104206","PASSIONATE LIVING INC","104206","assisted_living","Assisted Living","DALLAS","489 KENYA ST","CEDAR HILL","TX","75104","(214) 886-0094","(972) 230-1975","10","","","","","","","","true","32.5844","-96.9344","167.1","tx-hhsc-assisted-living","Texas HHSC Assisted Living Facilities","https://services1.arcgis.com/jI1j5lArZnrgFYSc/ArcGIS/rest/services/Assisted_Living/FeatureServer/0","Texas Health and Human Services Commission"
"tx-hhsc-assisted-living:106040","OXFORD GLEN AT GRAND PRAIRIE","106040","assisted_living","Assisted Living","TARRANT","2424 N. GRAND PENINSULA DRIVE","GRAND PRAIRIE","TX","75054","(972) 841-2599","","48","","","","","","","","true","32.6119","-97.0382","167.2","tx-hhsc-assisted-living","Texas HHSC Assisted Living Facilities","https://services1.arcgis.com/jI1j5lArZnrgFYSc/ArcGIS/rest/services/Assisted_Living/FeatureServer/0","Texas Health and Human Services Commission"
"tx-hhsc-assisted-living:104085","TENDERCARE HOME FOR ADULTS #2","104085","assisted_living","Assisted Living","TARRANT","7200 GEORGE FINGER RD","ARLINGTON","TX","76002","(817) 800-9948","(817) 557-5434","6","","","","","","","","true","32.6278","-97.1113","167.3","tx-hhsc-assisted-living","Texas HHSC Assisted Living Facilities","https://services1.arcgis.com/jI1j5lArZnrgFYSc/ArcGIS/rest/services/Assisted_Living/FeatureServer/0","Texas Health and Human Services Commission"
"tx-hhsc-assisted-living:110185","CNSHIGHLAND MEADOW","110185","assisted_living","Assisted Living","TARRANT","5017 HIGHLAND MEADOW DRIVE","FORT WORTH","TX","76132","(817) 289-5960","(817) 289-5979","5","","","","","","","","true","32.6749","-97.4254","167.4","tx-hhsc-assisted-living","Texas HHSC Assisted Living Facilities","https://services1.arcgis.com/jI1j5lArZnrgFYSc/ArcGIS/rest/services/Assisted_Living/FeatureServer/0","Texas Health and Human Services Commission"
"tx-hhsc-assisted-living:000300","CEDAR HILL ASSISTED LIVING","000300","assisted_living","Assisted Living","DALLAS","602 E BELTLINE RD","CEDAR HILL","TX","75104","(972) 291-5000","(972) 291-5046","50","","","","","","","","true","32.5892","-96.9289","167.5","tx-hhsc-assisted-living","Texas HHSC Assisted Living Facilities","https://services1.arcgis.com/jI1j5lArZnrgFYSc/ArcGIS/rest/services/Assisted_Living/FeatureServer/0","Texas Health and Human Services Commission"
"tx-hhsc-assisted-living:106830","LIGHTHOUSE OF CARE INC","106830","assisted_living","Assisted Living","TARRANT","6215 KEN AVENUE","ARLINGTON","TX","76001","(817) 891-2361","(951) 602-6184","6","","","","","","","","true","32.644","-97.1777","167.6","tx-hhsc-assisted-living","Texas HHSC Assisted Living Facilities","https://services1.arcgis.com/jI1j5lArZnrgFYSc/ArcGIS/rest/services/Assisted_Living/FeatureServer/0","Texas Health and Human Services Commission"
"tx-hhsc-assisted-living:106261","MRC THE CROSSINGS","106261","assisted_living","Assisted Living","GALVESTON","255 N. EGRET BAY BLVD","LEAGUE CITY","TX","77573","(281) 724-2345","(281) 664-3279","68","","","","","","","","true","29.5215","-95.0808","167.6","tx-hhsc-assisted-living","Texas HHSC Assisted Living Facilities","https://services1.arcgis.com/jI1j5lArZnrgFYSc/ArcGIS/rest/services/Assisted_Living/FeatureServer/0","Texas Health and Human Services Commission"
"tx-hhsc-assisted-living:110300","CNSMURICIA","110300","assisted_living","Assisted Living","GALVESTON","2515 MURICIA DRIVE","LEAGUE CITY","TX","77573","(281) 725-6600","(281) 769-1650","6","","","","","","","","true","29.4826","-95.0942","167.7","tx-hhsc-assisted-living","Texas HHSC Assisted Living Facilities","https://services1.arcgis.com/jI1j5lArZnrgFYSc/ArcGIS/rest/services/Assisted_Living/FeatureServer/0","Texas Health and Human Services Commission"
"tx-hhsc-assisted-living:104411","TALL PINES ASSISTED LIVING","104411","assisted_living","Assisted Living","POLK","1437 S. FM 1988","LIVINGSTON","TX","77351","(936) 967-3636","(936) 967-3635","16","","","","","","","","true","30.6759","-94.9657","167.8","tx-hhsc-assisted-living","Texas HHSC Assisted Living Facilities","https://services1.arcgis.com/jI1j5lArZnrgFYSc/ArcGIS/rest/services/Assisted_Living/FeatureServer/0","Texas Health and Human Services Commission"
"tx-hhsc-assisted-living:110532","TENDER CARE HOME FOR ADULTS #4","110532","assisted_living","Assisted Living","TARRANT","7110 LAKE ROBERTS WAY","ARLINGTON","TX","76002","","(817) 466-0444","5","","","","","","","","true","32.6278","-97.0761","167.8","tx-hhsc-assisted-living","Texas HHSC Assisted Living Facilities","https://services1.arcgis.com/jI1j5lArZnrgFYSc/ArcGIS/rest/services/Assisted_Living/FeatureServer/0","Texas Health and Human Services Commission"
"tx-hhsc-assisted-living:106208","THE VANTAGE AT CITYVIEW","106208","assisted_living","Assisted Living","TARRANT","6251 OVERTON RIDGE BLVD","FORT WORTH","TX","76132","(817) 292-5600","(817) 292-1955","88","","","","","","","","true","32.6805","-97.4203","167.8","tx-hhsc-assisted-living","Texas HHSC Assisted Living Facilities","https://services1.arcgis.com/jI1j5lArZnrgFYSc/ArcGIS/rest/services/Assisted_Living/FeatureServer/0","Texas Health and Human Services Commission"
"tx-hhsc-assisted-living:110285","GILGAL HOME ASSISTED LIVING","110285","assisted_living","Assisted Living","TARRANT","2968 VOLTURNO DRIVE","GRAND PRAIRIE","TX","75052","(682) 248-3801","(817) 459-1224","7","","","","","","","","true","32.6267","-97.065","167.9","tx-hhsc-assisted-living","Texas HHSC Assisted Living Facilities","https://services1.arcgis.com/jI1j5lArZnrgFYSc/ArcGIS/rest/services/Assisted_Living/FeatureServer/0","Texas Health and Human Services Commission"
"tx-hhsc-assisted-living:107116","THE DELANEY AT SOUTH SHORE","107116","assisted_living","Assisted Living","GALVESTON","2605 MARINA BAY DRIVE","LEAGUE CITY","TX","77573","(281) 823-8129","(281) 816-4710","106","","","","","","","","true","29.5316","-95.0709","167.9","tx-hhsc-assisted-living","Texas HHSC Assisted Living Facilities","https://services1.arcgis.com/jI1j5lArZnrgFYSc/ArcGIS/rest/services/Assisted_Living/FeatureServer/0","Texas Health and Human Services Commission"
"tx-hhsc-assisted-living:105782","ORCHARD PARK AT VICTORY LAKES","105782","assisted_living","Assisted Living","GALVESTON","2760 W. WALKER STREET","LEAGUE CITY","TX","77573","(281) 369-4404","(832) 769-3594","136","","","","","","","","true","29.4741","-95.092","168","tx-hhsc-assisted-living","Texas HHSC Assisted Living Facilities","https://services1.arcgis.com/jI1j5lArZnrgFYSc/ArcGIS/rest/services/Assisted_Living/FeatureServer/0","Texas Health and Human Services Commission"
"tx-hhsc-assisted-living:106043","VINCENT VICTORIA VILLAGE","106043","assisted_living","Assisted Living","TARRANT","4607 E. CALIFORNIA PKWY","FOREST HILL","TX","76119","(817) 247-8259","(817) 534-6974","80","","","","","","","","true","32.6626","-97.2585","168","tx-hhsc-assisted-living","Texas HHSC Assisted Living Facilities","https://services1.arcgis.com/jI1j5lArZnrgFYSc/ArcGIS/rest/services/Assisted_Living/FeatureServer/0","Texas Health and Human Services Commission"
"tx-hhsc-assisted-living:102594","MORADA CEDAR HILL","102594","assisted_living","Assisted Living","DALLAS","225 W. PLEASANT RUN RD.","CEDAR HILL","TX","75104","972 2914955","(972) 293-0531","85","","","","","","","","true","32.6051","-96.9471","168.2","tx-hhsc-assisted-living","Texas HHSC Assisted Living Facilities","https://services1.arcgis.com/jI1j5lArZnrgFYSc/ArcGIS/rest/services/Assisted_Living/FeatureServer/0","Texas Health and Human Services Commission"
"tx-hhsc-assisted-living:050601","REGAL ESTATES ASSISTED LIVING COMMUNITY","050601","assisted_living","Assisted Living","GALVESTON","500 ENTERPRISE DR","LEAGUE CITY","TX","77573","(281) 538-5993","(281) 538-9664","155","","","","","","","","true","29.5462","-95.0596","168.3","tx-hhsc-assisted-living","Texas HHSC Assisted Living Facilities","https://services1.arcgis.com/jI1j5lArZnrgFYSc/ArcGIS/rest/services/Assisted_Living/FeatureServer/0","Texas Health and Human Services Commission"
"tx-hhsc-assisted-living:000927","VILLA RESIDENTIAL CARE OF CORPUS CHRISTI NORTHWEST","000927","assisted_living","Assisted Living","NUECES","2822 ROBBY","CORPUS CHRISTI","TX","78410","(361) 242-9446","(361) 242-9764","80","","","","","","","","true","27.8355","-97.5713","168.3","tx-hhsc-assisted-living","Texas HHSC Assisted Living Facilities","https://services1.arcgis.com/jI1j5lArZnrgFYSc/ArcGIS/rest/services/Assisted_Living/FeatureServer/0","Texas Health and Human Services Commission"
"tx-hhsc-assisted-living:105944","ABBY'S PLACE LLC","105944","assisted_living","Assisted Living","TARRANT","5819 SUMMERWOOD DRIVE","GRAND PRAIRIE","TX","75052","(972) 986-6806","","8","","","","","","","","true","32.6333","-97.0582","168.4","tx-hhsc-assisted-living","Texas HHSC Assisted Living Facilities","https://services1.arcgis.com/jI1j5lArZnrgFYSc/ArcGIS/rest/services/Assisted_Living/FeatureServer/0","Texas Health and Human Services Commission"
"tx-hhsc-assisted-living:030020","PSALM 23 HOMECARE","030020","assisted_living","Assisted Living","HARRIS","204 CONFEDERATE WAY","EL LAGO","TX","77586","(281) 326-9001","(281) 326-6001","10","","","","","","","","true","29.5653","-95.0495","168.4","tx-hhsc-assisted-living","Texas HHSC Assisted Living Facilities","https://services1.arcgis.com/jI1j5lArZnrgFYSc/ArcGIS/rest/services/Assisted_Living/FeatureServer/0","Texas Health and Human Services Commission"
"tx-hhsc-assisted-living:102989","COURAGE ASSISTED LIVING FACILITY","102989","assisted_living","Assisted Living","TARRANT","519 RED COAT LN","ARLINGTON","TX","76002","(817) 375-1059","(817) 419-8146","6","","","","","","","","true","32.6446","-97.105","168.5","tx-hhsc-assisted-living","Texas HHSC Assisted Living Facilities","https://services1.arcgis.com/jI1j5lArZnrgFYSc/ArcGIS/rest/services/Assisted_Living/FeatureServer/0","Texas Health and Human Services Commission"
"tx-hhsc-assisted-living:000619","MIRABELLA ASSISTED LIVING","000619","assisted_living","Assisted Living","TARRANT","4242 BRYANT IRVIN RD.","BENBROOK","TX","76109","(817) 763-0088","(817) 763-8411","170","","","","","","","","true","32.6929","-97.4125","168.7","tx-hhsc-assisted-living","Texas HHSC Assisted Living Facilities","https://services1.arcgis.com/jI1j5lArZnrgFYSc/ArcGIS/rest/services/Assisted_Living/FeatureServer/0","Texas Health and Human Services Commission"
"tx-hhsc-assisted-living:110517","THE LODGE AT PINE CREEK","110517","assisted_living","Assisted Living","HARRIS","825 HUNT RD.","BAYTOWN","TX","77521","(346) 233-0479","","108","","","","","","","","true","29.7964","-94.9763","168.7","tx-hhsc-assisted-living","Texas HHSC Assisted Living Facilities","https://services1.arcgis.com/jI1j5lArZnrgFYSc/ArcGIS/rest/services/Assisted_Living/FeatureServer/0","Texas Health and Human Services Commission"
"tx-hhsc-assisted-living:105010","SERENITY GARDENS","105010","assisted_living","Assisted Living","GALVESTON","1816 GILL RD","DICKINSON","TX","77539","(832) 738-1576","(832) 738-1061","16","","","","","","","","true","29.4707","-95.079","168.8","tx-hhsc-assisted-living","Texas HHSC Assisted Living Facilities","https://services1.arcgis.com/jI1j5lArZnrgFYSc/ArcGIS/rest/services/Assisted_Living/FeatureServer/0","Texas Health and Human Services Commission"
"tx-hhsc-assisted-living:110396","SHINY DAYS HEALTH CARE ,LLC","110396","assisted_living","Assisted Living","DALLAS","1033 SUFFOLK LN.","CEDAR HILL","TX","75104","(214) 493-0951","","6","","","","","","","","true","32.6066","-96.9093","168.9","tx-hhsc-assisted-living","Texas HHSC Assisted Living Facilities","https://services1.arcgis.com/jI1j5lArZnrgFYSc/ArcGIS/rest/services/Assisted_Living/FeatureServer/0","Texas Health and Human Services Commission"
"tx-hhsc-assisted-living:110430","STILL MANAGEMENT LLC","110430","assisted_living","Assisted Living","TARRANT","2768 PARK PLACE DRIVE","GRAND PRAIRIE","TX","75052","(214) 830-7554","(682) 422-3181","10","","","","","","","","true","32.6421","-97.054","169","tx-hhsc-assisted-living","Texas HHSC Assisted Living Facilities","https://services1.arcgis.com/jI1j5lArZnrgFYSc/ArcGIS/rest/services/Assisted_Living/FeatureServer/0","Texas Health and Human Services Commission"
"tx-hhsc-assisted-living:106354","A DAUGHTERS CARE","106354","assisted_living","Assisted Living","DALLAS","1237 CEDARBROOK TRAIL","LANCASTER","TX","75146","(214) 400-8687","(972) 748-2604","6","","","","","","","","true","32.5771","-96.7962","169.1","tx-hhsc-assisted-living","Texas HHSC Assisted Living Facilities","https://services1.arcgis.com/jI1j5lArZnrgFYSc/ArcGIS/rest/services/Assisted_Living/FeatureServer/0","Texas Health and Human Services Commission"
"tx-hhsc-assisted-living:110636","CNS  ARBORLAWN","110636","assisted_living","Assisted Living","TARRANT","3512 ARBORLAWN DRIVE","FORT WORTH","TX","76109","(661) 872-3408","(661) 368-0909","6","","","","","","","","true","32.6982","-97.3899","169.3","tx-hhsc-assisted-living","Texas HHSC Assisted Living Facilities","https://services1.arcgis.com/jI1j5lArZnrgFYSc/ArcGIS/rest/services/Assisted_Living/FeatureServer/0","Texas Health and Human Services Commission"
"tx-hhsc-assisted-living:030032","THE WATERFORD AT BAYTOWN","030032","assisted_living","Assisted Living","HARRIS","901 W BAKER RD","BAYTOWN","TX","77521","(281) 427-4373","(281) 420-9465","95","","","","","","","","true","29.7689","-94.9731","169.3","tx-hhsc-assisted-living","Texas HHSC Assisted Living Facilities","https://services1.arcgis.com/jI1j5lArZnrgFYSc/ArcGIS/rest/services/Assisted_Living/FeatureServer/0","Texas Health and Human Services Commission"
"tx-hhsc-assisted-living:030041","THE WATERFORD AT BAYTOWN","030041","assisted_living","Assisted Living","HARRIS","901 W BAKER RD","BAYTOWN","TX","77521","(281) 427-4373","(281) 420-9465","42","","","","","","","","true","29.7689","-94.9731","169.3","tx-hhsc-assisted-living","Texas HHSC Assisted Living Facilities","https://services1.arcgis.com/jI1j5lArZnrgFYSc/ArcGIS/rest/services/Assisted_Living/FeatureServer/0","Texas Health and Human Services Commission"
"tx-hhsc-assisted-living:100222","CASTLEROCK ASSISTED LIVING LP","100222","assisted_living","Assisted Living","TARRANT","5519 S COLLINS ST.","ARLINGTON","TX","76018","(817) 557-2221","(817) 557-2215","70","","","","","","","","true","32.6558","-97.0872","169.5","tx-hhsc-assisted-living","Texas HHSC Assisted Living Facilities","https://services1.arcgis.com/jI1j5lArZnrgFYSc/ArcGIS/rest/services/Assisted_Living/FeatureServer/0","Texas Health and Human Services Commission"
"tx-hhsc-assisted-living:000814","DEER CREEK SENIOR LIVING","000814","assisted_living","Assisted Living","DALLAS","747 WEST PLEASANT RUN","DESOTO","TX","75115","(972) 274-1700","(972) 274-1488","58","","","","","","","","true","32.6053","-96.8735","169.5","tx-hhsc-assisted-living","Texas HHSC Assisted Living Facilities","https://services1.arcgis.com/jI1j5lArZnrgFYSc/ArcGIS/rest/services/Assisted_Living/FeatureServer/0","Texas Health and Human Services Commission"
"tx-hhsc-assisted-living:105365","FREEMANS ASSISTED LIVING","105365","assisted_living","Assisted Living","DALLAS","500 CREEKTREE DRIVE","DESOTO","TX","75115","(972) 310-8741","(888) 817-8064","6","","","","","","","","true","32.5964","-96.8413","169.5","tx-hhsc-assisted-living","Texas HHSC Assisted Living Facilities","https://services1.arcgis.com/jI1j5lArZnrgFYSc/ArcGIS/rest/services/Assisted_Living/FeatureServer/0","Texas Health and Human Services Commission"
"tx-hhsc-assisted-living:100408","THE GARDENS AT LIVINGSTON","100408","assisted_living","Assisted Living","POLK","601 GARDEN RIDGE DR","LIVINGSTON","TX","77351","(936) 327-3141","(936) 327-0038","16","","","","","","","","true","30.7267","-94.9463","169.5","tx-hhsc-assisted-living","Texas HHSC Assisted Living Facilities","https://services1.arcgis.com/jI1j5lArZnrgFYSc/ArcGIS/rest/services/Assisted_Living/FeatureServer/0","Texas Health and Human Services Commission"
"tx-hhsc-assisted-living:100218","THE GARDENS AT LIVINGSTON","100218","assisted_living","Assisted Living","POLK","501 GARDEN RIDGE DR","LIVINGSTON","TX","77351","(936) 327-3141","(936) 327-0038","16","","","","","","","","true","30.7271","-94.9463","169.5","tx-hhsc-assisted-living","Texas HHSC Assisted Living Facilities","https://services1.arcgis.com/jI1j5lArZnrgFYSc/ArcGIS/rest/services/Assisted_Living/FeatureServer/0","Texas Health and Human Services Commission"
"tx-hhsc-assisted-living:050565","METRO HOME CARE","050565","assisted_living","Assisted Living","TARRANT","802 LEVELLAND DR","ARLINGTON","TX","76017","(817) 784-3827","(817) 477-4438","6","","","","","","","","true","32.6631","-97.117","169.6","tx-hhsc-assisted-living","Texas HHSC Assisted Living Facilities","https://services1.arcgis.com/jI1j5lArZnrgFYSc/ArcGIS/rest/services/Assisted_Living/FeatureServer/0","Texas Health and Human Services Commission"
"tx-hhsc-assisted-living:104322","TRUEWOOD BY MERRILL, RIVER PARK","104322","assisted_living","Assisted Living","TARRANT","3201 RIVER PARK","FORT WORTH","TX","76116","(817) 732-4436","(817) 732-2667","71","","","","","","","","true","32.7063","-97.4154","169.6","tx-hhsc-assisted-living","Texas HHSC Assisted Living Facilities","https://services1.arcgis.com/jI1j5lArZnrgFYSc/ArcGIS/rest/services/Assisted_Living/FeatureServer/0","Texas Health and Human Services Commission"
"tx-hhsc-assisted-living:030369","COLONIAL GARDENS OF FORT WORTH FW1","030369","assisted_living","Assisted Living","TARRANT","6939 RIVER PARK CIRCLE","FORT WORTH","TX","76116","(817) 731-1440","(817) 731-0535","20","","","","","","","","true","32.7079","-97.4147","169.7","tx-hhsc-assisted-living","Texas HHSC Assisted Living Facilities","https://services1.arcgis.com/jI1j5lArZnrgFYSc/ArcGIS/rest/services/Assisted_Living/FeatureServer/0","Texas Health and Human Services Commission"
"tx-hhsc-assisted-living:106576","HEARTIS ARLINGTON","106576","assisted_living","Assisted Living","TARRANT","3424 INTERSTATE 20","ARLINGTON","TX","76017","(817) 952-8242","","95","","","","","","","","true","32.6735","-97.1635","169.7","tx-hhsc-assisted-living","Texas HHSC Assisted Living Facilities","https://services1.arcgis.com/jI1j5lArZnrgFYSc/ArcGIS/rest/services/Assisted_Living/FeatureServer/0","Texas Health and Human Services Commission"
"tx-hhsc-assisted-living:100325","COLONIAL GARDENS OF FORT WORTH FW2","100325","assisted_living","Assisted Living","TARRANT","6931 RIVER PARK CIR","FORT WORTH","TX","76116","(817) 731-7611","(817) 731-4909","20","","","","","","","","true","32.7083","-97.4153","169.8","tx-hhsc-assisted-living","Texas HHSC Assisted Living Facilities","https://services1.arcgis.com/jI1j5lArZnrgFYSc/ArcGIS/rest/services/Assisted_Living/FeatureServer/0","Texas Health and Human Services Commission"
"tx-hhsc-assisted-living:000842","LA VITA BELLA","000842","assisted_living","Assisted Living","GALVESTON","3527 OAK DR","DICKINSON","TX","77539","(281) 534-9404","(281) 678-8616","16","","","","","","","","true","29.458","-95.0654","169.9","tx-hhsc-assisted-living","Texas HHSC Assisted Living Facilities","https://services1.arcgis.com/jI1j5lArZnrgFYSc/ArcGIS/rest/services/Assisted_Living/FeatureServer/0","Texas Health and Human Services Commission"
"tx-hhsc-assisted-living:103317","A COMPASSIONATE ASSISTED LIVING LLC","103317","assisted_living","Assisted Living","DALLAS","1008 SPRINGBROOK DRIVE","DESOTO","TX","75115","(469) 917-9249","(951) 742-1629","16","","","","","","","","true","32.6074","-96.8527","170","tx-hhsc-assisted-living","Texas HHSC Assisted Living Facilities","https://services1.arcgis.com/jI1j5lArZnrgFYSc/ArcGIS/rest/services/Assisted_Living/FeatureServer/0","Texas Health and Human Services Commission"
"tx-hhsc-assisted-living:103200","A HOUSE OF HOPE","103200","assisted_living","Assisted Living","DALLAS","2010 BURROWS TRAIL","GRAND PRAIRIE","TX","75052","(214) 793-5918","(972) 641-4505","12","","","","","","","","true","32.6518","-97.0324","170","tx-hhsc-assisted-living","Texas HHSC Assisted Living Facilities","https://services1.arcgis.com/jI1j5lArZnrgFYSc/ArcGIS/rest/services/Assisted_Living/FeatureServer/0","Texas Health and Human Services Commission"
"tx-hhsc-assisted-living:105465","WEST LAKE ASSISTED LIVING","105465","assisted_living","Assisted Living","DALLAS","1003 WESTLAKE DR","DESOTO","TX","75115","(972) 925-0774","(972) 850-9524","8","","","","","","","","true","32.6062","-96.8384","170.2","tx-hhsc-assisted-living","Texas HHSC Assisted Living Facilities","https://services1.arcgis.com/jI1j5lArZnrgFYSc/ArcGIS/rest/services/Assisted_Living/FeatureServer/0","Texas Health and Human Services Commission"
"tx-hhsc-assisted-living:000301","BROOKDALE TANGLEWOOD OAKS","000301","assisted_living","Assisted Living","TARRANT","2698 S HULEN ST","FORT WORTH","TX","76109","(817) 922-9559","(817) 922-0050","116","","","","","","","","true","32.7136","-97.3862","170.3","tx-hhsc-assisted-living","Texas HHSC Assisted Living Facilities","https://services1.arcgis.com/jI1j5lArZnrgFYSc/ArcGIS/rest/services/Assisted_Living/FeatureServer/0","Texas Health and Human Services Commission"
"tx-hhsc-assisted-living:110664","CP 16 TX LLC","110664","assisted_living","Assisted Living","POLK","1860 N. WASHINGTON AVE.","LIVINGSTON","TX","77315","","","30","","","","","","","","true","30.7255","-94.9323","170.3","tx-hhsc-assisted-living","Texas HHSC Assisted Living Facilities","https://services1.arcgis.com/jI1j5lArZnrgFYSc/ArcGIS/rest/services/Assisted_Living/FeatureServer/0","Texas Health and Human Services Commission"
"tx-hhsc-assisted-living:105331","PROVIDENT MEMORY CARE CENTER","105331","assisted_living","Assisted Living","POLK","1810 N. WASHINGTON AVE.","LIVINGSTON","TX","77351","(936) 327-8195","(866) 245-6709","44","","","","","","","","true","30.7248","-94.9319","170.3","tx-hhsc-assisted-living","Texas HHSC Assisted Living Facilities","https://services1.arcgis.com/jI1j5lArZnrgFYSc/ArcGIS/rest/services/Assisted_Living/FeatureServer/0","Texas Health and Human Services Commission"
"tx-hhsc-assisted-living:105996","A DAUGHTERS CARE","105996","assisted_living","Assisted Living","DALLAS","521 SHENANDOAH DR","DESOTO","TX","75115","(214) 400-8687","","6","","","","","","","","true","32.6183","-96.8684","170.4","tx-hhsc-assisted-living","Texas HHSC Assisted Living Facilities","https://services1.arcgis.com/jI1j5lArZnrgFYSc/ArcGIS/rest/services/Assisted_Living/FeatureServer/0","Texas Health and Human Services Commission"
"tx-hhsc-assisted-living:103018","ANTHONY'S COMMUNITY HOME","103018","assisted_living","Assisted Living","DALLAS","1334 MEADOW GLEN","LANCASTER","TX","75146","(972) 230-8441","","6","","","","","","","","true","32.6003","-96.8073","170.4","tx-hhsc-assisted-living","Texas HHSC Assisted Living Facilities","https://services1.arcgis.com/jI1j5lArZnrgFYSc/ArcGIS/rest/services/Assisted_Living/FeatureServer/0","Texas Health and Human Services Commission"
"tx-hhsc-assisted-living:100424","HACKBERRY HOUSE","100424","assisted_living","Assisted Living","DALLAS","111 HACKBERRY ST","LANCASTER","TX","75146","(972) 227-5839","(972) 227-1212","12","","","","","","","","true","32.5869","-96.7557","170.5","tx-hhsc-assisted-living","Texas HHSC Assisted Living Facilities","https://services1.arcgis.com/jI1j5lArZnrgFYSc/ArcGIS/rest/services/Assisted_Living/FeatureServer/0","Texas Health and Human Services Commission"
"tx-hhsc-assisted-living:102928","MARTIN CREST ASSISTED LIVING AND MEMORY CARE COMMUNITY","102928","assisted_living","Assisted Living","PARKER","1818 MARTIN DR","WEATHERFORD","TX","76086","817 3411169","817 5980926","70","","","","","","","","true","32.7357","-97.7897","170.6","tx-hhsc-assisted-living","Texas HHSC Assisted Living Facilities","https://services1.arcgis.com/jI1j5lArZnrgFYSc/ArcGIS/rest/services/Assisted_Living/FeatureServer/0","Texas Health and Human Services Commission"
"tx-hhsc-assisted-living:000695","MEADOW CREEK ASSISTED LIVING","000695","assisted_living","Assisted Living","DALLAS","2400 WEST PLEASANT RUN RD","LANCASTER","TX","75146","(972) 274-5000","(972) 274-1851","50","","","","","","","","true","32.6037","-96.8098","170.6","tx-hhsc-assisted-living","Texas HHSC Assisted Living Facilities","https://services1.arcgis.com/jI1j5lArZnrgFYSc/ArcGIS/rest/services/Assisted_Living/FeatureServer/0","Texas Health and Human Services Commission"
"tx-hhsc-assisted-living:107109","THE RIDGLEA SENIOR LIVING","107109","assisted_living","Assisted Living","TARRANT","4109 WESTRIDGE AVE","FORT WORTH","TX","76116","(817) 386-8251","","107","","","","","","","","true","32.7196","-97.4141","170.6","tx-hhsc-assisted-living","Texas HHSC Assisted Living Facilities","https://services1.arcgis.com/jI1j5lArZnrgFYSc/ArcGIS/rest/services/Assisted_Living/FeatureServer/0","Texas Health and Human Services Commission"
"tx-hhsc-assisted-living:103420","BRIXTON VILLAGE ASSISTED LIVING","103420","assisted_living","Assisted Living","DALLAS","107 N STEWART AVENUE","LANCASTER","TX","75146","(972) 224-8367","(972) 224-8317","6","","","","","","","","true","32.5926","-96.7622","170.8","tx-hhsc-assisted-living","Texas HHSC Assisted Living Facilities","https://services1.arcgis.com/jI1j5lArZnrgFYSc/ArcGIS/rest/services/Assisted_Living/FeatureServer/0","Texas Health and Human Services Commission"
"tx-hhsc-assisted-living:106818","GRACEFUL ARMS SENIOR LIVING LLC","106818","assisted_living","Assisted Living","DALLAS","1415 BIG STONE GAP ROAD","DUNCANVILLE","TX","75137","(469) 297-0430","(469) 776-5200","8","","","","","","","","true","32.6424","-96.9411","170.8","tx-hhsc-assisted-living","Texas HHSC Assisted Living Facilities","https://services1.arcgis.com/jI1j5lArZnrgFYSc/ArcGIS/rest/services/Assisted_Living/FeatureServer/0","Texas Health and Human Services Commission"
"tx-hhsc-assisted-living:110297","MAYBERRY GARDENS","110297","assisted_living","Assisted Living","DALLAS","540 E POLO ROAD BUILDING 1","GRAND PRAIRIE","TX","75052","","(972) 975-9044","16","","","","","","","","true","32.6576","-97.0029","170.8","tx-hhsc-assisted-living","Texas HHSC Assisted Living Facilities","https://services1.arcgis.com/jI1j5lArZnrgFYSc/ArcGIS/rest/services/Assisted_Living/FeatureServer/0","Texas Health and Human Services Commission"
"tx-hhsc-assisted-living:110416","MAYBERRY GARDENS","110416","assisted_living","Assisted Living","DALLAS","540 E POLO ROAD BUILDING 5","GRAND PRAIRIE","TX","75052","","","16","","","","","","","","true","32.6576","-97.0029","170.8","tx-hhsc-assisted-living","Texas HHSC Assisted Living Facilities","https://services1.arcgis.com/jI1j5lArZnrgFYSc/ArcGIS/rest/services/Assisted_Living/FeatureServer/0","Texas Health and Human Services Commission"
"tx-hhsc-assisted-living:110476","MAYBERRY GARDENS","110476","assisted_living","Assisted Living","DALLAS","540 E POLO ROAD BUILDING 4","GRAND PRAIRIE","TX","75052","","","16","","","","","","","","true","32.6576","-97.0029","170.8","tx-hhsc-assisted-living","Texas HHSC Assisted Living Facilities","https://services1.arcgis.com/jI1j5lArZnrgFYSc/ArcGIS/rest/services/Assisted_Living/FeatureServer/0","Texas Health and Human Services Commission"
"tx-hhsc-assisted-living:110331","MAYBERRY GARDENS","110331","assisted_living","Assisted Living","DALLAS","540 E POLO ROAD BUILDING 3","GRAND PRAIRIE","TX","75052","(972) 975-9044","","16","","","","","","","","true","32.6576","-97.0029","170.8","tx-hhsc-assisted-living","Texas HHSC Assisted Living Facilities","https://services1.arcgis.com/jI1j5lArZnrgFYSc/ArcGIS/rest/services/Assisted_Living/FeatureServer/0","Texas Health and Human Services Commission"
"tx-hhsc-assisted-living:110332","MAYBERRY GARDENS GRAND PRAIRIE BUILDING 2","110332","assisted_living","Assisted Living","DALLAS","540 E POLO ROAD BUILDING 2","GRAND PRAIRIE","TX","75052","(972) 975-9044","","16","","","","","","","","true","32.6576","-97.0029","170.8","tx-hhsc-assisted-living","Texas HHSC Assisted Living Facilities","https://services1.arcgis.com/jI1j5lArZnrgFYSc/ArcGIS/rest/services/Assisted_Living/FeatureServer/0","Texas Health and Human Services Commission"
"tx-hhsc-assisted-living:101467","DRAKES ASSISTED LIVING","101467","assisted_living","Assisted Living","TARRANT","3229 COMANCHE ST","FORT WORTH","TX","76119","(817) 536-1454","(817) 572-2539","8","","","","","","","","true","32.7092","-97.2778","170.9","tx-hhsc-assisted-living","Texas HHSC Assisted Living Facilities","https://services1.arcgis.com/jI1j5lArZnrgFYSc/ArcGIS/rest/services/Assisted_Living/FeatureServer/0","Texas Health and Human Services Commission"
"tx-hhsc-assisted-living:102991","HAZELS HOME CARE LLC","102991","assisted_living","Assisted Living","DALLAS","820 E WINTERGREEN RD","DESOTO","TX","75115","(214) 402-8937","(214) 374-7721","10","","","","","","","","true","32.6182","-96.8381","171","tx-hhsc-assisted-living","Texas HHSC Assisted Living Facilities","https://services1.arcgis.com/jI1j5lArZnrgFYSc/ArcGIS/rest/services/Assisted_Living/FeatureServer/0","Texas Health and Human Services Commission"
"tx-hhsc-assisted-living:050536","A COMPASSIONATE ASSISTED LIVING 2","050536","assisted_living","Assisted Living","DALLAS","870 MAGNOLIA LAN","LANCASTER","TX","75146","(951) 742-1629","(214) 593-3947","8","","","","","","","","true","32.6031","-96.7741","171.2","tx-hhsc-assisted-living","Texas HHSC Assisted Living Facilities","https://services1.arcgis.com/jI1j5lArZnrgFYSc/ArcGIS/rest/services/Assisted_Living/FeatureServer/0","Texas Health and Human Services Commission"
"tx-hhsc-assisted-living:100164","AUTUMN HILL MANOR","100164","assisted_living","Assisted Living","PARKER","228 W RENTZ ST","WEATHERFORD","TX","76086","(817) 596-4159","(817) 598-1696","16","","","","","","","","true","32.7442","-97.7999","171.2","tx-hhsc-assisted-living","Texas HHSC Assisted Living Facilities","https://services1.arcgis.com/jI1j5lArZnrgFYSc/ArcGIS/rest/services/Assisted_Living/FeatureServer/0","Texas Health and Human Services Commission"
"tx-hhsc-assisted-living:000611","AUTUMN HILL MANOR","000611","assisted_living","Assisted Living","PARKER","202 W RENTZ ST","WEATHERFORD","TX","76086","(817) 596-4159","(817) 598-1696","16","","","","","","","","true","32.7451","-97.8","171.2","tx-hhsc-assisted-living","Texas HHSC Assisted Living Facilities","https://services1.arcgis.com/jI1j5lArZnrgFYSc/ArcGIS/rest/services/Assisted_Living/FeatureServer/0","Texas Health and Human Services Commission"
"tx-hhsc-assisted-living:110265","WEST FORK OF WEATHERFORD","110265","assisted_living","Assisted Living","PARKER","980 HILLTOP DRIVE","WEATHERFORD","TX","76086","(682) 310-8737","","116","","","","","","","","true","32.7453","-97.7767","171.2","tx-hhsc-assisted-living","Texas HHSC Assisted Living Facilities","https://services1.arcgis.com/jI1j5lArZnrgFYSc/ArcGIS/rest/services/Assisted_Living/FeatureServer/0","Texas Health and Human Services Commission"
"tx-hhsc-assisted-living:105734","BRIGHTER DAYS ASSISTED LIVING LLC","105734","assisted_living","Assisted Living","LIBERTY","406 E. CLAYTON","DAYTON","TX","77535","(936) 257-5023","(936) 257-5028","16","","","","","","","","true","30.0498","-94.8864","171.3","tx-hhsc-assisted-living","Texas HHSC Assisted Living Facilities","https://services1.arcgis.com/jI1j5lArZnrgFYSc/ArcGIS/rest/services/Assisted_Living/FeatureServer/0","Texas Health and Human Services Commission"
"tx-hhsc-assisted-living:000755","HILLTOP PARK REHABILITATION AND CARE CENTER","000755","assisted_living","Assisted Living","PARKER","970 HILLTOP DR","WEATHERFORD","TX","76086","(817) 596-9001","(817) 599-3823","40","","","","","","","","true","32.7456","-97.778","171.3","tx-hhsc-assisted-living","Texas HHSC Assisted Living Facilities","https://services1.arcgis.com/jI1j5lArZnrgFYSc/ArcGIS/rest/services/Assisted_Living/FeatureServer/0","Texas Health and Human Services Commission"
"tx-hhsc-assisted-living:101918","TENDER CARE HOME FOR ADULTS","101918","assisted_living","Assisted Living","TARRANT","3600 CHAMBERLAND DR","ARLINGTON","TX","76014","(817) 800-9948","(817) 557-5434","6","","","","","","","","true","32.6873","-97.1118","171.3","tx-hhsc-assisted-living","Texas HHSC Assisted Living Facilities","https://services1.arcgis.com/jI1j5lArZnrgFYSc/ArcGIS/rest/services/Assisted_Living/FeatureServer/0","Texas Health and Human Services Commission"
"tx-hhsc-assisted-living:110308","WOODSIDE PLACE ASSISTED LIVING LLC","110308","assisted_living","Assisted Living","TARRANT","2705 WOODSIDE DRIVE","ARLINGTON","TX","76016","(682) 551-9059","","6","","","","","","","","true","32.6989","-97.1746","171.3","tx-hhsc-assisted-living","Texas HHSC Assisted Living Facilities","https://services1.arcgis.com/jI1j5lArZnrgFYSc/ArcGIS/rest/services/Assisted_Living/FeatureServer/0","Texas Health and Human Services Commission"
"tx-hhsc-assisted-living:103109","ANGELS OF HANDS ASSISTED LIVING","103109","assisted_living","Assisted Living","DALLAS","2401 N HOUSTON SCHOOL RD","LANCASTER","TX","75134","(972) 572-1873","(972) 572-1890","24","","","","","","","","true","32.6166","-96.8078","171.4","tx-hhsc-assisted-living","Texas HHSC Assisted Living Facilities","https://services1.arcgis.com/jI1j5lArZnrgFYSc/ArcGIS/rest/services/Assisted_Living/FeatureServer/0","Texas Health and Human Services Commission"
"tx-hhsc-assisted-living:106697","CLEAR FORK ASSISTED LIVING AND MEMORY CARE","106697","assisted_living","Assisted Living","PARKER","178 CROWN POINTE BLVD","WILLOW PARK","TX","76087","(817) 386-8326","","78","","","","","","","","true","32.7466","-97.6612","171.4","tx-hhsc-assisted-living","Texas HHSC Assisted Living Facilities","https://services1.arcgis.com/jI1j5lArZnrgFYSc/ArcGIS/rest/services/Assisted_Living/FeatureServer/0","Texas Health and Human Services Commission"
"tx-hhsc-assisted-living:000808","BROOKDALE WEATHERFORD","000808","assisted_living","Assisted Living","PARKER","904 S LAMAR ST","WEATHERFORD","TX","76086","(817) 341-4100","(817) 341-4101","60","","","","","","","","true","32.7493","-97.8046","171.5","tx-hhsc-assisted-living","Texas HHSC Assisted Living Facilities","https://services1.arcgis.com/jI1j5lArZnrgFYSc/ArcGIS/rest/services/Assisted_Living/FeatureServer/0","Texas Health and Human Services Commission"
"tx-hhsc-assisted-living:106522","GOOD LIFE SENIOR LIVING","106522","assisted_living","Assisted Living","DALLAS","302 W WHEATLAND RD B","DUNCANVILLE","TX","75116","(972) 780-2273","","16","","","","","","","","true","32.6457","-96.9129","171.5","tx-hhsc-assisted-living","Texas HHSC Assisted Living Facilities","https://services1.arcgis.com/jI1j5lArZnrgFYSc/ArcGIS/rest/services/Assisted_Living/FeatureServer/0","Texas Health and Human Services Commission"
"tx-hhsc-assisted-living:106521","GOOD LIFE SENIOR LIVING","106521","assisted_living","Assisted Living","DALLAS","302 W WHEATLAND RD A","DUNCANVILLE","TX","75116","(972) 780-2273","","16","","","","","","","","true","32.6457","-96.9129","171.5","tx-hhsc-assisted-living","Texas HHSC Assisted Living Facilities","https://services1.arcgis.com/jI1j5lArZnrgFYSc/ArcGIS/rest/services/Assisted_Living/FeatureServer/0","Texas Health and Human Services Commission"
"tx-hhsc-assisted-living:104968","MORNING STARR NEW BEGINNINGS","104968","assisted_living","Assisted Living","DALLAS","1855 WINDSOR DR","LANCASTER","TX","75134","(972) 218-9246","(972) 224-0088","6","","","","","","","","true","32.6139","-96.7933","171.5","tx-hhsc-assisted-living","Texas HHSC Assisted Living Facilities","https://services1.arcgis.com/jI1j5lArZnrgFYSc/ArcGIS/rest/services/Assisted_Living/FeatureServer/0","Texas Health and Human Services Commission"
"tx-hhsc-assisted-living:030313","MORADA GRAND PRAIRIE","030313","assisted_living","Assisted Living","DALLAS","355 W WESTCHESTER PKWY","GRAND PRAIRIE","TX","75052","(972) 263-3663","NA","114","","","","","","","","true","32.6704","-97.0089","171.6","tx-hhsc-assisted-living","Texas HHSC Assisted Living Facilities","https://services1.arcgis.com/jI1j5lArZnrgFYSc/ArcGIS/rest/services/Assisted_Living/FeatureServer/0","Texas Health and Human Services Commission"
"tx-hhsc-assisted-living:100100","MORADA LAKE ARLINGTON","100100","assisted_living","Assisted Living","TARRANT","2517 LITTLE ROAD","ARLINGTON","TX","76016","(817) 503-0702","NA","101","","","","","","","","true","32.7034","-97.1784","171.6","tx-hhsc-assisted-living","Texas HHSC Assisted Living Facilities","https://services1.arcgis.com/jI1j5lArZnrgFYSc/ArcGIS/rest/services/Assisted_Living/FeatureServer/0","Texas Health and Human Services Commission"
"tx-hhsc-assisted-living:100302","BROOKDALE WESTOVER HILLS","100302","assisted_living","Assisted Living","TARRANT","6201 PLAZA PKWY","FORT WORTH","TX","76116","(817) 989-1174","(817) 989-1946","31","","","","","","","","true","32.7375","-97.4203","171.7","tx-hhsc-assisted-living","Texas HHSC Assisted Living Facilities","https://services1.arcgis.com/jI1j5lArZnrgFYSc/ArcGIS/rest/services/Assisted_Living/FeatureServer/0","Texas Health and Human Services Commission"
"tx-hhsc-assisted-living:100206","BROOKDALE WESTOVER HILLS","100206","assisted_living","Assisted Living","TARRANT","6201 PLAZA PKWY","FORT WORTH","TX","76116","(817) 989-1174","(817) 989-1946","144","","","","","","","","true","32.7375","-97.4203","171.7","tx-hhsc-assisted-living","Texas HHSC Assisted Living Facilities","https://services1.arcgis.com/jI1j5lArZnrgFYSc/ArcGIS/rest/services/Assisted_Living/FeatureServer/0","Texas Health and Human Services Commission"
"tx-hhsc-assisted-living:110186","HOUSE OF LOVE ASSISTED LIVING LLC","110186","assisted_living","Assisted Living","TARRANT","2935 PALADIUM DR","GRAND PRAIRIE","TX","75052","(469) 332-3289","(469) 574-7020","8","","","","","","","","true","32.6822","-97.0547","171.7","tx-hhsc-assisted-living","Texas HHSC Assisted Living Facilities","https://services1.arcgis.com/jI1j5lArZnrgFYSc/ArcGIS/rest/services/Assisted_Living/FeatureServer/0","Texas Health and Human Services Commission"
"tx-hhsc-assisted-living:010360","COLONIAL OAKS AT ARLINGTON","010360","assisted_living","Assisted Living","TARRANT","514 CENTRAL PARK DRIVE","ARLINGTON","TX","76014","(636) 226-7970","","46","","","","","","","","true","32.695","-97.1133","171.8","tx-hhsc-assisted-living","Texas HHSC Assisted Living Facilities","https://services1.arcgis.com/jI1j5lArZnrgFYSc/ArcGIS/rest/services/Assisted_Living/FeatureServer/0","Texas Health and Human Services Commission"
"tx-hhsc-assisted-living:000847","MEADOW VIEW ASSISTED LIVING","000847","assisted_living","Assisted Living","TARRANT","2815 MEDLIN DR","ARLINGTON","TX","76015","(817) 465-9596","(817) 465-4026","80","","","","","","","","true","32.6983","-97.1272","171.8","tx-hhsc-assisted-living","Texas HHSC Assisted Living Facilities","https://services1.arcgis.com/jI1j5lArZnrgFYSc/ArcGIS/rest/services/Assisted_Living/FeatureServer/0","Texas Health and Human Services Commission"
"tx-hhsc-assisted-living:105353","MEADOWBROOK MEMORY CARE COMMUNITY","105353","assisted_living","Assisted Living","TARRANT","2300 LITTLE RD","ARLINGTON","TX","76016","(817) 451-9700","(817) 451-9701","69","","","","","","","","true","32.7062","-97.1799","171.8","tx-hhsc-assisted-living","Texas HHSC Assisted Living Facilities","https://services1.arcgis.com/jI1j5lArZnrgFYSc/ArcGIS/rest/services/Assisted_Living/FeatureServer/0","Texas Health and Human Services Commission"
"tx-hhsc-assisted-living:000528","SWAN MANOR ALF","000528","assisted_living","Assisted Living","HARRIS","2508 WARD RD","BAYTOWN","TX","77520","(281) 422-9030","(281) 420-0780","10","","","","","","","","true","29.7417","-94.935","171.9","tx-hhsc-assisted-living","Texas HHSC Assisted Living Facilities","https://services1.arcgis.com/jI1j5lArZnrgFYSc/ArcGIS/rest/services/Assisted_Living/FeatureServer/0","Texas Health and Human Services Commission"
"tx-hhsc-assisted-living:105002","SWAN MANOR ALF","105002","assisted_living","Assisted Living","HARRIS","2508 WARD RD","BAYTOWN","TX","77520","(281) 422-9030","(281) 420-0780","22","","","","","","","","true","29.7417","-94.935","171.9","tx-hhsc-assisted-living","Texas HHSC Assisted Living Facilities","https://services1.arcgis.com/jI1j5lArZnrgFYSc/ArcGIS/rest/services/Assisted_Living/FeatureServer/0","Texas Health and Human Services Commission"
"tx-hhsc-assisted-living:000828","SWAN MANOR ALF","000828","assisted_living","Assisted Living","HARRIS","2508 WARD RD","BAYTOWN","TX","77520","(281) 422-9030","(281) 420-0780","60","","","","","","","","true","29.7417","-94.935","171.9","tx-hhsc-assisted-living","Texas HHSC Assisted Living Facilities","https://services1.arcgis.com/jI1j5lArZnrgFYSc/ArcGIS/rest/services/Assisted_Living/FeatureServer/0","Texas Health and Human Services Commission"
"tx-hhsc-assisted-living:030053","CARVER HEIGHTS ESTATES SENIOR LIVING","030053","assisted_living","Assisted Living","TARRANT","4101 W ARKANSAS LN","ARLINGTON","TX","76016","(817) 469-7671","(817) 469-1423","119","","","","","","","","true","32.7084","-97.1703","172","tx-hhsc-assisted-living","Texas HHSC Assisted Living Facilities","https://services1.arcgis.com/jI1j5lArZnrgFYSc/ArcGIS/rest/services/Assisted_Living/FeatureServer/0","Texas Health and Human Services Commission"
"tx-hhsc-assisted-living:103046","SEASONS ASSISTED LIVING","103046","assisted_living","Assisted Living","TARRANT","2424 VENTURA","ARLINGTON","TX","76015","(817) 460-5889","(817) 299-0334","10","","","","","","","","true","32.7043","-97.1487","172","tx-hhsc-assisted-living","Texas HHSC Assisted Living Facilities","https://services1.arcgis.com/jI1j5lArZnrgFYSc/ArcGIS/rest/services/Assisted_Living/FeatureServer/0","Texas Health and Human Services Commission"
"tx-hhsc-assisted-living:106295","ADL ASSISTED LIVING INC","106295","assisted_living","Assisted Living","HARRIS","3604 AUTUMN LANE","BAYTOWN","TX","77521","(832) 926-7923","(832) 926-7928","11","","","","","","","","true","29.7731","-94.9237","172.1","tx-hhsc-assisted-living","Texas HHSC Assisted Living Facilities","https://services1.arcgis.com/jI1j5lArZnrgFYSc/ArcGIS/rest/services/Assisted_Living/FeatureServer/0","Texas Health and Human Services Commission"
"tx-hhsc-assisted-living:107194","ADL ASSITED LIVING INC #2","107194","assisted_living","Assisted Living","HARRIS","3903 CANTERBURY DRIVE","BAYTOWN","TX","77521","(713) 298-5098","(281) 205-7727","8","","","","","","","","true","29.7696","-94.9206","172.3","tx-hhsc-assisted-living","Texas HHSC Assisted Living Facilities","https://services1.arcgis.com/jI1j5lArZnrgFYSc/ArcGIS/rest/services/Assisted_Living/FeatureServer/0","Texas Health and Human Services Commission"
"tx-hhsc-assisted-living:000682","BROOKDALE TRINITY TOWERS","000682","assisted_living","Assisted Living","NUECES","317 N CARANCAHUA ST","CORPUS CHRISTI","TX","78401","(361) 887-2000","(361) 884-3320","90","","","","","","","","true","27.7923","-97.3981","172.3","tx-hhsc-assisted-living","Texas HHSC Assisted Living Facilities","https://services1.arcgis.com/jI1j5lArZnrgFYSc/ArcGIS/rest/services/Assisted_Living/FeatureServer/0","Texas Health and Human Services Commission"
"tx-hhsc-assisted-living:105086","HOUSE OF ELEGANCE ASSISTANT LIVING","105086","assisted_living","Assisted Living","DALLAS","909 PEPPERIDGE CT","LANCASTER","TX","75134","(972) 275-0175","(972) 275-0175","4","","","","","","","","true","32.6205","-96.7756","172.3","tx-hhsc-assisted-living","Texas HHSC Assisted Living Facilities","https://services1.arcgis.com/jI1j5lArZnrgFYSc/ArcGIS/rest/services/Assisted_Living/FeatureServer/0","Texas Health and Human Services Commission"
"tx-hhsc-assisted-living:103283","PATHWAYS ADULT LIVING INC","103283","assisted_living","Assisted Living","TARRANT","921 W CANNON ST","FORT WORTH","TX","76104","(817) 810-0606","(817) 810-0616","35","","","","","","","","true","32.737","-97.3349","172.3","tx-hhsc-assisted-living","Texas HHSC Assisted Living Facilities","https://services1.arcgis.com/jI1j5lArZnrgFYSc/ArcGIS/rest/services/Assisted_Living/FeatureServer/0","Texas Health and Human Services Commission"
"tx-hhsc-assisted-living:030057","WINDSOR COURT SENIOR LIVING","030057","assisted_living","Assisted Living","PARKER","1101 JAMESON ST","WEATHERFORD","TX","76086","(817) 599-5075","(817) 613-9230","7","","","","","","","","true","32.7607","-97.7789","172.3","tx-hhsc-assisted-living","Texas HHSC Assisted Living Facilities","https://services1.arcgis.com/jI1j5lArZnrgFYSc/ArcGIS/rest/services/Assisted_Living/FeatureServer/0","Texas Health and Human Services Commission"
"tx-hhsc-assisted-living:102371","WINDSOR COURT SENIOR LIVING","102371","assisted_living","Assisted Living","PARKER","1101 JAMESON STREET","WEATHERFORD","TX","76086","(817) 599-5075","(817) 613-9230","16","","","","","","","","true","32.7607","-97.7789","172.3","tx-hhsc-assisted-living","Texas HHSC Assisted Living Facilities","https://services1.arcgis.com/jI1j5lArZnrgFYSc/ArcGIS/rest/services/Assisted_Living/FeatureServer/0","Texas Health and Human Services Commission"
"tx-hhsc-assisted-living:000616","BETHESDA FOUNDATION DBA BETHESDA GARDENS","000616","assisted_living","Assisted Living","TARRANT","1103 W ARKANSAS LN","ARLINGTON","TX","76013","(817) 861-4644","(817) 861-4669","75","","","","","","","","true","32.7067","-97.1208","172.5","tx-hhsc-assisted-living","Texas HHSC Assisted Living Facilities","https://services1.arcgis.com/jI1j5lArZnrgFYSc/ArcGIS/rest/services/Assisted_Living/FeatureServer/0","Texas Health and Human Services Commission"
"tx-hhsc-assisted-living:103393","ENTRUST SENIOR LIVING OF DESOTO","103393","assisted_living","Assisted Living","DALLAS","8027 W VIRGINIA","DALLAS","TX","75237","(972) 298-1331","(241) 484-3932","52","","","","","","","","true","32.6513","-96.8769","172.5","tx-hhsc-assisted-living","Texas HHSC Assisted Living Facilities","https://services1.arcgis.com/jI1j5lArZnrgFYSc/ArcGIS/rest/services/Assisted_Living/FeatureServer/0","Texas Health and Human Services Commission"
"tx-hhsc-assisted-living:103501","MORNING STARR NEW BEGINNINGS","103501","assisted_living","Assisted Living","DALLAS","1242 APRIL SHOWERS LANE","LANCASTER","TX","75134","(469) 236-4913","(972) 224-0088","8","","","","","","","","true","32.6274","-96.7904","172.5","tx-hhsc-assisted-living","Texas HHSC Assisted Living Facilities","https://services1.arcgis.com/jI1j5lArZnrgFYSc/ArcGIS/rest/services/Assisted_Living/FeatureServer/0","Texas Health and Human Services Commission"
"tx-hhsc-assisted-living:000669","HERITAGE SQUARE","000669","assisted_living","Assisted Living","TARRANT","500 S BEACH ST","FORT WORTH","TX","76105","(817) 534-0013","(817) 535-1362","85","","","","","","","","true","32.7387","-97.29","172.8","tx-hhsc-assisted-living","Texas HHSC Assisted Living Facilities","https://services1.arcgis.com/jI1j5lArZnrgFYSc/ArcGIS/rest/services/Assisted_Living/FeatureServer/0","Texas Health and Human Services Commission"
"tx-hhsc-assisted-living:104969","THE STAYTON AT MUSEUM WAY","104969","assisted_living","Assisted Living","TARRANT","2501 MUSEUM WAY","FORT WORTH","TX","76107","(817) 332-3332","(817) 332-3340","72","","","","","","","","true","32.7478","-97.3532","172.9","tx-hhsc-assisted-living","Texas HHSC Assisted Living Facilities","https://services1.arcgis.com/jI1j5lArZnrgFYSc/ArcGIS/rest/services/Assisted_Living/FeatureServer/0","Texas Health and Human Services Commission"
"tx-hhsc-assisted-living:105219","SPEARS HOUSE OF CARE","105219","assisted_living","Assisted Living","DALLAS","734 SEABEACH ROAD","DALLAS","TX","75232","(972) 224-8704","(972) 224-5747","8","","","","","","","","true","32.6481","-96.8343","173","tx-hhsc-assisted-living","Texas HHSC Assisted Living Facilities","https://services1.arcgis.com/jI1j5lArZnrgFYSc/ArcGIS/rest/services/Assisted_Living/FeatureServer/0","Texas Health and Human Services Commission"
"tx-hhsc-assisted-living:000984","LAKELAND HOUSE","000984","assisted_living","Assisted Living","HENDERSON","213 CAYUGA DRIVE","ATHENS","TX","75751","(903) 677-1272","(903) 677-4824","52","","","","","","","","true","32.1866","-95.8595","173.1","tx-hhsc-assisted-living","Texas HHSC Assisted Living Facilities","https://services1.arcgis.com/jI1j5lArZnrgFYSc/ArcGIS/rest/services/Assisted_Living/FeatureServer/0","Texas Health and Human Services Commission"
"tx-hhsc-assisted-living:106056","THE WESTMORE SENIOR LIVING","106056","assisted_living","Assisted Living","TARRANT","25 LEONARD TRAIL","WESTWORTH VILLAGE","TX","76114","(817) 755-1644","","140","","","","","","","","true","32.7574","-97.4235","173.1","tx-hhsc-assisted-living","Texas HHSC Assisted Living Facilities","https://services1.arcgis.com/jI1j5lArZnrgFYSc/ArcGIS/rest/services/Assisted_Living/FeatureServer/0","Texas Health and Human Services Commission"
"tx-hhsc-assisted-living:106999","TRINITY TERRACE ASSISTED LIVING & MEMORY SUPPORT","106999","assisted_living","Assisted Living","TARRANT","1600 TEXAS STREET","FORT WORTH","TX","76102","(817) 338-2400","(817) 338-8233","22","","","","","","","","true","32.7495","-97.3433","173.1","tx-hhsc-assisted-living","Texas HHSC Assisted Living Facilities","https://services1.arcgis.com/jI1j5lArZnrgFYSc/ArcGIS/rest/services/Assisted_Living/FeatureServer/0","Texas Health and Human Services Commission"
"tx-hhsc-assisted-living:000964","TANDY VILLAGE","000964","assisted_living","Assisted Living","TARRANT","2601 TANDY AVE","FORT WORTH","TX","76103","(817) 535-1253","(817) 536-0177","160","","","","","","","","true","32.7422","-97.2755","173.2","tx-hhsc-assisted-living","Texas HHSC Assisted Living Facilities","https://services1.arcgis.com/jI1j5lArZnrgFYSc/ArcGIS/rest/services/Assisted_Living/FeatureServer/0","Texas Health and Human Services Commission"
"tx-hhsc-assisted-living:105777","ARABELLA OF ATHENS","105777","assisted_living","Assisted Living","HENDERSON","413 GIBSON RD","ATHENS","TX","75751","(903) 675-1995","(903) 904-5090","66","","","","","","","","true","32.1749","-95.8397","173.3","tx-hhsc-assisted-living","Texas HHSC Assisted Living Facilities","https://services1.arcgis.com/jI1j5lArZnrgFYSc/ArcGIS/rest/services/Assisted_Living/FeatureServer/0","Texas Health and Human Services Commission"
"tx-hhsc-assisted-living:104427","TEARS OF A ANGEL","104427","assisted_living","Assisted Living","DALLAS","1206 DEERWOOD DRIVE","DALLAS","TX","75232","(214) 524-1596","","8","","","","","","","","true","32.66","-96.8427","173.6","tx-hhsc-assisted-living","Texas HHSC Assisted Living Facilities","https://services1.arcgis.com/jI1j5lArZnrgFYSc/ArcGIS/rest/services/Assisted_Living/FeatureServer/0","Texas Health and Human Services Commission"
"tx-hhsc-assisted-living:000662","CARADAY OF CORPUS CHRISTI AL","000662","assisted_living","Assisted Living","NUECES","202 FORTUNE DR","CORPUS CHRISTI","TX","78405","(361) 252-0734","(361) 289-7516","66","","","","","","","","true","27.7618","-97.4592","174","tx-hhsc-assisted-living","Texas HHSC Assisted Living Facilities","https://services1.arcgis.com/jI1j5lArZnrgFYSc/ArcGIS/rest/services/Assisted_Living/FeatureServer/0","Texas Health and Human Services Commission"
"tx-hhsc-assisted-living:001275","ADA M KING ADULT FOSTER HOME","001275","assisted_living","Assisted Living","DALLAS","1320 BAR HARBOR DR","DALLAS","TX","75232","(214) 375-5254","","4","","","","","","","","true","32.67","-96.8408","174.3","tx-hhsc-assisted-living","Texas HHSC Assisted Living Facilities","https://services1.arcgis.com/jI1j5lArZnrgFYSc/ArcGIS/rest/services/Assisted_Living/FeatureServer/0","Texas Health and Human Services Commission"
"tx-hhsc-assisted-living:107302","THE PREMIER ASSISTED LIVING OF ALICE","107302","assisted_living","Assisted Living","JIM WELLS","800-C COYOTE TRAIL","ALICE","TX","78332","(361) 666-3802","(361) 666-3882","16","","","","","","","","true","27.7588","-98.0521","174.3","tx-hhsc-assisted-living","Texas HHSC Assisted Living Facilities","https://services1.arcgis.com/jI1j5lArZnrgFYSc/ArcGIS/rest/services/Assisted_Living/FeatureServer/0","Texas Health and Human Services Commission"
"tx-hhsc-assisted-living:110236","THE PREMIER MEMORY CARE OF ALICE","110236","assisted_living","Assisted Living","JIM WELLS","800-B COYOTE TRAIL","ALICE","TX","78332","(361) 666-3801","(361) 666-3881","16","","","","","","","","true","27.7588","-98.0521","174.3","tx-hhsc-assisted-living","Texas HHSC Assisted Living Facilities","https://services1.arcgis.com/jI1j5lArZnrgFYSc/ArcGIS/rest/services/Assisted_Living/FeatureServer/0","Texas Health and Human Services Commission"
"tx-hhsc-assisted-living:110309","BLESSINGS OF LOVE CORPORATION","110309","assisted_living","Assisted Living","DALLAS","1208 WILLOW GLEN DR","DALLAS","TX","75232","(469) 396-2532","(214) 594-7649","8","","","","","","","","true","32.6746","-96.8412","174.6","tx-hhsc-assisted-living","Texas HHSC Assisted Living Facilities","https://services1.arcgis.com/jI1j5lArZnrgFYSc/ArcGIS/rest/services/Assisted_Living/FeatureServer/0","Texas Health and Human Services Commission"
"tx-hhsc-assisted-living:000694","SODALIS TEXAS CITY","000694","assisted_living","Assisted Living","GALVESTON","1901 N. AMBURN ROAD","TEXAS CITY","TX","77591","(409) 935-6620","(409) 933-0658","108","","","","","","","","true","29.4023","-95.0039","174.7","tx-hhsc-assisted-living","Texas HHSC Assisted Living Facilities","https://services1.arcgis.com/jI1j5lArZnrgFYSc/ArcGIS/rest/services/Assisted_Living/FeatureServer/0","Texas Health and Human Services Commission"
"tx-hhsc-assisted-living:106524","CP 02 TX LLC","106524","assisted_living","Assisted Living","HENDERSON","209 WOOD STREET","ATHENS","TX","75751","(903) 675-6500","(903) 675-4400","30","","","","","","","","true","32.2074","-95.8378","175","tx-hhsc-assisted-living","Texas HHSC Assisted Living Facilities","https://services1.arcgis.com/jI1j5lArZnrgFYSc/ArcGIS/rest/services/Assisted_Living/FeatureServer/0","Texas Health and Human Services Commission"
"tx-hhsc-assisted-living:104947","SEASONS PERSONAL CARE HOME","104947","assisted_living","Assisted Living","GALVESTON","6714 DELANY ROAD","HITCHCOCK","TX","77563","(409) 316-0130","(409) 316-9376","10","","","","","","","","true","29.351","-95.0211","175","tx-hhsc-assisted-living","Texas HHSC Assisted Living Facilities","https://services1.arcgis.com/jI1j5lArZnrgFYSc/ArcGIS/rest/services/Assisted_Living/FeatureServer/0","Texas Health and Human Services Commission"
"tx-hhsc-assisted-living:100159","BROOKDALE PECAN PARK","100159","assisted_living","Assisted Living","TARRANT","915 NORTH FIELDER RD","ARLINGTON","TX","76012","(817) 265-6900","(817) 265-6906","31","","","","","","","","true","32.7473","-97.1307","175.1","tx-hhsc-assisted-living","Texas HHSC Assisted Living Facilities","https://services1.arcgis.com/jI1j5lArZnrgFYSc/ArcGIS/rest/services/Assisted_Living/FeatureServer/0","Texas Health and Human Services Commission"
"tx-hhsc-assisted-living:050686","BROOKDALE PECAN PARK","050686","assisted_living","Assisted Living","TARRANT","915 NORTH FIELDER RD","ARLINGTON","TX","76012","(817) 265-6900","(817) 265-6906","160","","","","","","","","true","32.7473","-97.1307","175.1","tx-hhsc-assisted-living","Texas HHSC Assisted Living Facilities","https://services1.arcgis.com/jI1j5lArZnrgFYSc/ArcGIS/rest/services/Assisted_Living/FeatureServer/0","Texas Health and Human Services Commission"
"tx-hhsc-assisted-living:102840","KINGS HELPING HAND INC","102840","assisted_living","Assisted Living","DALLAS","421 GLEN OAKS BLVD","DALLAS","TX","75232","(214) 374-1880","(214) 374-0209","8","","","","","","","","true","32.6797","-96.832","175.1","tx-hhsc-assisted-living","Texas HHSC Assisted Living Facilities","https://services1.arcgis.com/jI1j5lArZnrgFYSc/ArcGIS/rest/services/Assisted_Living/FeatureServer/0","Texas Health and Human Services Commission"
"tx-hhsc-assisted-living:100846","BAKERS HOME","100846","assisted_living","Assisted Living","DALLAS","6125 SINGING HILLS","DALLAS","TX","75241","(214) 372-8490","(1888) 391-5496","4","","","","","","","","true","32.6731","-96.8039","175.2","tx-hhsc-assisted-living","Texas HHSC Assisted Living Facilities","https://services1.arcgis.com/jI1j5lArZnrgFYSc/ArcGIS/rest/services/Assisted_Living/FeatureServer/0","Texas Health and Human Services Commission"
"tx-hhsc-assisted-living:030097","GAMBLES PERSONAL TOUCH CARE HOME","030097","assisted_living","Assisted Living","GALVESTON","501 N. AMBURN RD","TEXAS CITY","TX","77591","(409) 935-5655","(409) 938-4349","10","","","","","","","","true","29.388","-95.0018","175.2","tx-hhsc-assisted-living","Texas HHSC Assisted Living Facilities","https://services1.arcgis.com/jI1j5lArZnrgFYSc/ArcGIS/rest/services/Assisted_Living/FeatureServer/0","Texas Health and Human Services Commission"
"tx-hhsc-assisted-living:105579","MORNING STARR NEW BEGINNINGS","105579","assisted_living","Assisted Living","DALLAS","3935 OAK ARBOR DR","DALLAS","TX","75233","(469) 236-4913","(972) 224-0088","8","","","","","","","","true","32.6948","-96.8864","175.2","tx-hhsc-assisted-living","Texas HHSC Assisted Living Facilities","https://services1.arcgis.com/jI1j5lArZnrgFYSc/ArcGIS/rest/services/Assisted_Living/FeatureServer/0","Texas Health and Human Services Commission"
"tx-hhsc-assisted-living:103315","ANGEL HANDS","103315","assisted_living","Assisted Living","DALLAS","3337 GLADIOLUS LN","DALLAS","TX","75233","(214) 337-9409","(214) 337-9409","6","","","","","","","","true","32.6945","-96.8758","175.3","tx-hhsc-assisted-living","Texas HHSC Assisted Living Facilities","https://services1.arcgis.com/jI1j5lArZnrgFYSc/ArcGIS/rest/services/Assisted_Living/FeatureServer/0","Texas Health and Human Services Commission"
"tx-hhsc-assisted-living:104869","RENON ASSISTED LIVING LLC","104869","assisted_living","Assisted Living","DALLAS","119 MATAMOROS STREET","GRAND PRAIRIE","TX","75051","(469) 441-3619","(214) 412-2246","5","","","","","","","","true","32.7249","-97.003","175.3","tx-hhsc-assisted-living","Texas HHSC Assisted Living Facilities","https://services1.arcgis.com/jI1j5lArZnrgFYSc/ArcGIS/rest/services/Assisted_Living/FeatureServer/0","Texas Health and Human Services Commission"
"tx-hhsc-assisted-living:105709","SATORI SENIOR CARE AT SAINT CLAIRE","105709","assisted_living","Assisted Living","TARRANT","2305 SAINT CLAIRE DR","ARLINGTON","TX","76012","(817) 224-2281","","6","","","","","","","","true","32.7524","-97.1438","175.3","tx-hhsc-assisted-living","Texas HHSC Assisted Living Facilities","https://services1.arcgis.com/jI1j5lArZnrgFYSc/ArcGIS/rest/services/Assisted_Living/FeatureServer/0","Texas Health and Human Services Commission"
"tx-hhsc-assisted-living:102136","GRIFFINS HOMECARE HAVEN","102136","assisted_living","Assisted Living","DALLAS","1208 WHISPERING CIR","DALLAS","TX","75241","(214) 372-6831","(214) 372-1743","8","","","","","","","","true","32.6768","-96.8055","175.4","tx-hhsc-assisted-living","Texas HHSC Assisted Living Facilities","https://services1.arcgis.com/jI1j5lArZnrgFYSc/ArcGIS/rest/services/Assisted_Living/FeatureServer/0","Texas Health and Human Services Commission"
"tx-hhsc-assisted-living:000813","LAKEWOOD VILLAGE PERSONAL CARE UNIT","000813","assisted_living","Assisted Living","TARRANT","5100 RANDOL MILL ROAD","FORT WORTH","TX","76112","(817) 548-3200","(817) 529-0768","81","","","","","","","","true","32.7702","-97.2446","175.4","tx-hhsc-assisted-living","Texas HHSC Assisted Living Facilities","https://services1.arcgis.com/jI1j5lArZnrgFYSc/ArcGIS/rest/services/Assisted_Living/FeatureServer/0","Texas Health and Human Services Commission"
"tx-hhsc-assisted-living:106460","SPARKS ASSISTED LIVING LLC","106460","assisted_living","Assisted Living","TARRANT","808 OAKMONT LN N.","FORT WORTH","TX","76112","(214) 226-1043","","11","","","","","","","","true","32.768","-97.23","175.4","tx-hhsc-assisted-living","Texas HHSC Assisted Living Facilities","https://services1.arcgis.com/jI1j5lArZnrgFYSc/ArcGIS/rest/services/Assisted_Living/FeatureServer/0","Texas Health and Human Services Commission"
"tx-hhsc-assisted-living:110567","A ROOSEVELT RESIDENTIAL CARE INC","110567","assisted_living","Assisted Living","DALLAS","5117 ROCKY RIDGE ROAD","DALLAS","TX","75241","","","8","","","","","","","","true","32.6824","-96.8196","175.5","tx-hhsc-assisted-living","Texas HHSC Assisted Living Facilities","https://services1.arcgis.com/jI1j5lArZnrgFYSc/ArcGIS/rest/services/Assisted_Living/FeatureServer/0","Texas Health and Human Services Commission"
"tx-hhsc-assisted-living:050617","HELPING HANDS CARE INC","050617","assisted_living","Assisted Living","DALLAS","2923 GLADIOLUS LN","DALLAS","TX","75233","(469) 323-0516","(972) 559-2090","10","","","","","","","","true","32.6949","-96.8685","175.5","tx-hhsc-assisted-living","Texas HHSC Assisted Living Facilities","https://services1.arcgis.com/jI1j5lArZnrgFYSc/ArcGIS/rest/services/Assisted_Living/FeatureServer/0","Texas Health and Human Services Commission"
"tx-hhsc-assisted-living:100049","OAK WOOD PLACE","100049","assisted_living","Assisted Living","HENDERSON","603 WOOD ST","ATHENS","TX","75751","(903) 675-2002","(903) 675-5223","100","","","","","","","","true","32.2146","-95.836","175.5","tx-hhsc-assisted-living","Texas HHSC Assisted Living Facilities","https://services1.arcgis.com/jI1j5lArZnrgFYSc/ArcGIS/rest/services/Assisted_Living/FeatureServer/0","Texas Health and Human Services Commission"
"tx-hhsc-assisted-living:105253","OAK WOOD PLACE  B","105253","assisted_living","Assisted Living","HENDERSON","603 WOOD STREET","ATHENS","TX","75751","(903) 675-2002","(903) 677-2933","50","","","","","","","","true","32.2146","-95.836","175.5","tx-hhsc-assisted-living","Texas HHSC Assisted Living Facilities","https://services1.arcgis.com/jI1j5lArZnrgFYSc/ArcGIS/rest/services/Assisted_Living/FeatureServer/0","Texas Health and Human Services Commission"
"tx-hhsc-assisted-living:105244","SAVANNA OAKS RANCH","105244","assisted_living","Assisted Living","TARRANT","232 BENS TRAIL","FORT WORTH","TX","76120","(972) 838-2602","(972) 837-1205","16","","","","","","","","true","32.7611","-97.1814","175.5","tx-hhsc-assisted-living","Texas HHSC Assisted Living Facilities","https://services1.arcgis.com/jI1j5lArZnrgFYSc/ArcGIS/rest/services/Assisted_Living/FeatureServer/0","Texas Health and Human Services Commission"
"tx-hhsc-assisted-living:106067","ST JOHN'S RESIDENTIAL CARE HOME INC","106067","assisted_living","Assisted Living","TARRANT","805 FIRE WHEEL TRAIL","FORT WORTH","TX","76112","(817) 680-5171","(817) 361-9244","8","","","","","","","","true","32.7684","-97.2244","175.5","tx-hhsc-assisted-living","Texas HHSC Assisted Living Facilities","https://services1.arcgis.com/jI1j5lArZnrgFYSc/ArcGIS/rest/services/Assisted_Living/FeatureServer/0","Texas Health and Human Services Commission"
"tx-hhsc-assisted-living:102921","TRINITY RESIDENTIAL CARE","102921","assisted_living","Assisted Living","DALLAS","1427 CARAVAN TRAIL","DALLAS","TX","75241","(214) 374-7458","(214) 242-4598","7","","","","","","","","true","32.676","-96.8002","175.5","tx-hhsc-assisted-living","Texas HHSC Assisted Living Facilities","https://services1.arcgis.com/jI1j5lArZnrgFYSc/ArcGIS/rest/services/Assisted_Living/FeatureServer/0","Texas Health and Human Services Commission"
"tx-hhsc-assisted-living:100028","JONES BOARD AND CARE","100028","assisted_living","Assisted Living","DALLAS","612 MISTY GLEN LN","DALLAS","TX","75232","(214) 372-6313","(469) 248-2520","5","","","","","","","","true","32.6875","-96.8322","175.6","tx-hhsc-assisted-living","Texas HHSC Assisted Living Facilities","https://services1.arcgis.com/jI1j5lArZnrgFYSc/ArcGIS/rest/services/Assisted_Living/FeatureServer/0","Texas Health and Human Services Commission"
"tx-hhsc-assisted-living:105062","KIYA'S & KETHAN'S HAVEN ASSISTED LIVING","105062","assisted_living","Assisted Living","DALLAS","1611 WINDCHIME DR","DALLAS","TX","75224","(469) 399-0559","(469) 372-0763","7","","","","","","","","true","32.6932","-96.8483","175.7","tx-hhsc-assisted-living","Texas HHSC Assisted Living Facilities","https://services1.arcgis.com/jI1j5lArZnrgFYSc/ArcGIS/rest/services/Assisted_Living/FeatureServer/0","Texas Health and Human Services Commission"
"tx-hhsc-assisted-living:000388","RESIDENCE AT WINTERS LLC","000388","assisted_living","Assisted Living","RUNNELS","616 E. TRUETT","WINTERS","TX","79567","(325) 754-5083","(325) 754-4570","16","","","","","","","","true","31.9613","-99.9578","175.7","tx-hhsc-assisted-living","Texas HHSC Assisted Living Facilities","https://services1.arcgis.com/jI1j5lArZnrgFYSc/ArcGIS/rest/services/Assisted_Living/FeatureServer/0","Texas Health and Human Services Commission"
"tx-hhsc-assisted-living:030399","THE ESTATES AT GRAND PRAIRIE","030399","assisted_living","Assisted Living","DALLAS","1005 SW 3RD ST","GRAND PRAIRIE","TX","75051","(972) 237-1943","(972) 237-5964","60","","","","","","","","true","32.733","-97.0053","175.8","tx-hhsc-assisted-living","Texas HHSC Assisted Living Facilities","https://services1.arcgis.com/jI1j5lArZnrgFYSc/ArcGIS/rest/services/Assisted_Living/FeatureServer/0","Texas Health and Human Services Commission"
"tx-hhsc-assisted-living:103114","OAKS ASSISTED LIVING","103114","assisted_living","Assisted Living","DALLAS","3327 SPRINGWOOD LN OAK ASSISTED LIVING","DALLAS","TX","75233","(214) 325-8628","","5","","","","","","","","true","32.7045","-96.8728","176","tx-hhsc-assisted-living","Texas HHSC Assisted Living Facilities","https://services1.arcgis.com/jI1j5lArZnrgFYSc/ArcGIS/rest/services/Assisted_Living/FeatureServer/0","Texas Health and Human Services Commission"
"tx-hhsc-assisted-living:000541","THE VILLAGES OF DALLAS","000541","assisted_living","Assisted Living","DALLAS","550 E ANN ARBOR AVE","DALLAS","TX","75216","(214) 376-1701","(214) 778-6059","71","","","","","","","","true","32.6895","-96.817","176","tx-hhsc-assisted-living","Texas HHSC Assisted Living Facilities","https://services1.arcgis.com/jI1j5lArZnrgFYSc/ArcGIS/rest/services/Assisted_Living/FeatureServer/0","Texas Health and Human Services Commission"
"tx-hhsc-assisted-living:101040","H R A VILLAGE INC","101040","assisted_living","Assisted Living","GALVESTON","905 HWY 3 N","TEXAS CITY","TX","77591","(409) 935-4335","(409) 935-4153","16","","","","","","","","true","29.3909","-94.9848","176.1","tx-hhsc-assisted-living","Texas HHSC Assisted Living Facilities","https://services1.arcgis.com/jI1j5lArZnrgFYSc/ArcGIS/rest/services/Assisted_Living/FeatureServer/0","Texas Health and Human Services Commission"
"tx-hhsc-assisted-living:000443","THE INDEPENDENCE VILLAGE","000443","assisted_living","Assisted Living","GALVESTON","905 HWY 3 N","TEXAS CITY","TX","77591","(409) 935-4335","(409) 935-4153","14","","","","","","","","true","29.3909","-94.9848","176.1","tx-hhsc-assisted-living","Texas HHSC Assisted Living Facilities","https://services1.arcgis.com/jI1j5lArZnrgFYSc/ArcGIS/rest/services/Assisted_Living/FeatureServer/0","Texas Health and Human Services Commission"
"tx-hhsc-assisted-living:000860","HEALTHCOR INTEGRATION LLC","000860","assisted_living","Assisted Living","TARRANT","402 DUNCAN PERRY ROAD","GRAND PRAIRIE","TX","75050","(214) 336-3683","(1877) 233-3611","32","","","","","","","","true","32.7452","-97.0401","176.2","tx-hhsc-assisted-living","Texas HHSC Assisted Living Facilities","https://services1.arcgis.com/jI1j5lArZnrgFYSc/ArcGIS/rest/services/Assisted_Living/FeatureServer/0","Texas Health and Human Services Commission"
"tx-hhsc-assisted-living:103205","THE GUARDIAN","103205","assisted_living","Assisted Living","TARRANT","1804 MARTINIQUE DR","ARLINGTON","TX","76012","(817) 986-4534","(817) 274-0328","6","","","","","","","","true","32.7631","-97.1227","176.3","tx-hhsc-assisted-living","Texas HHSC Assisted Living Facilities","https://services1.arcgis.com/jI1j5lArZnrgFYSc/ArcGIS/rest/services/Assisted_Living/FeatureServer/0","Texas Health and Human Services Commission"
"tx-hhsc-assisted-living:107025","AVALON ESTATES ASSISTED LIVING","107025","assisted_living","Assisted Living","NUECES","490 CARMEL PARKWAY","CORPUS CHRISTI","TX","78411","(361) 452-7990","","6","","","","","","","","true","27.7342","-97.3745","176.4","tx-hhsc-assisted-living","Texas HHSC Assisted Living Facilities","https://services1.arcgis.com/jI1j5lArZnrgFYSc/ArcGIS/rest/services/Assisted_Living/FeatureServer/0","Texas Health and Human Services Commission"
"tx-hhsc-assisted-living:000919","THE WATERFORD ON COOPER","000919","assisted_living","Assisted Living","TARRANT","1860 N COOPER ST","ARLINGTON","TX","76011","(817) 261-3601","(817) 261-2810","124","","","","","","","","true","32.7641","-97.1155","176.4","tx-hhsc-assisted-living","Texas HHSC Assisted Living Facilities","https://services1.arcgis.com/jI1j5lArZnrgFYSc/ArcGIS/rest/services/Assisted_Living/FeatureServer/0","Texas Health and Human Services Commission"
"tx-hhsc-assisted-living:104125","TRINITYFAITH'S PLACE II","104125","assisted_living","Assisted Living","DALLAS","2205 INCA","DALLAS","TX","75216","(972) 814-3573","(866) 582-6837","8","","","","","","","","true","32.6912","-96.7898","176.7","tx-hhsc-assisted-living","Texas HHSC Assisted Living Facilities","https://services1.arcgis.com/jI1j5lArZnrgFYSc/ArcGIS/rest/services/Assisted_Living/FeatureServer/0","Texas Health and Human Services Commission"
"tx-hhsc-assisted-living:103245","TRINITYFAITH'S PLACE INC","103245","assisted_living","Assisted Living","DALLAS","2209 INCA","DALLAS","TX","75216","(972) 814-3573","(866) 582-6837","6","","","","","","","","true","32.6913","-96.7895","176.7","tx-hhsc-assisted-living","Texas HHSC Assisted Living Facilities","https://services1.arcgis.com/jI1j5lArZnrgFYSc/ArcGIS/rest/services/Assisted_Living/FeatureServer/0","Texas Health and Human Services Commission"
"tx-hhsc-assisted-living:000672","LAKEWELL PLACE","000672","assisted_living","Assisted Living","PALO PINTO","3005 NORTHEAST 2ND ST","MINERAL WELLS","TX","76067","(940) 325-7979","(940) 328-0699","36","","","","","","","","true","32.8119","-98.086","177","tx-hhsc-assisted-living","Texas HHSC Assisted Living Facilities","https://services1.arcgis.com/jI1j5lArZnrgFYSc/ArcGIS/rest/services/Assisted_Living/FeatureServer/0","Texas Health and Human Services Commission"
"tx-hhsc-assisted-living:105270","PBH RESIDENTIAL CARE HOMES L P","105270","assisted_living","Assisted Living","DALLAS","921 NW 9TH ST","GRAND PRAIRIE","TX","75050","(469) 682-6670","(972) 660-2204","11","","","","","","","","true","32.7528","-97.0156","177","tx-hhsc-assisted-living","Texas HHSC Assisted Living Facilities","https://services1.arcgis.com/jI1j5lArZnrgFYSc/ArcGIS/rest/services/Assisted_Living/FeatureServer/0","Texas Health and Human Services Commission"
"tx-hhsc-assisted-living:104792","PBH RESIDENTIAL CARE HOMES LP","104792","assisted_living","Assisted Living","DALLAS","902 N.W. 8TH ST","GRAND PRAIRIE","TX","75050","(972) 863-1000","(972) 660-2204","6","","","","","","","","true","32.7523","-97.014","177","tx-hhsc-assisted-living","Texas HHSC Assisted Living Facilities","https://services1.arcgis.com/jI1j5lArZnrgFYSc/ArcGIS/rest/services/Assisted_Living/FeatureServer/0","Texas Health and Human Services Commission"
"tx-hhsc-assisted-living:105535","SERENITY ESTATES LLC","105535","assisted_living","Assisted Living","PALO PINTO","401 NW 4TH STREET","MINERAL WELLS","TX","76067","(940) 325-3744","(940) 325-3093","26","","","","","","","","true","32.8119","-98.1157","177.2","tx-hhsc-assisted-living","Texas HHSC Assisted Living Facilities","https://services1.arcgis.com/jI1j5lArZnrgFYSc/ArcGIS/rest/services/Assisted_Living/FeatureServer/0","Texas Health and Human Services Commission"
"tx-hhsc-assisted-living:000803","AVALON MEMORY CARE","000803","assisted_living","Assisted Living","TARRANT","4551 BOAT CLUB RD","FORT WORTH","TX","76135","(214) 752-7050","(214) 752-7054","40","","","","","","","","true","32.8228","-97.4209","177.6","tx-hhsc-assisted-living","Texas HHSC Assisted Living Facilities","https://services1.arcgis.com/jI1j5lArZnrgFYSc/ArcGIS/rest/services/Assisted_Living/FeatureServer/0","Texas Health and Human Services Commission"
"tx-hhsc-assisted-living:110695","BUTTERMILK VILLA, LLC","110695","assisted_living","Assisted Living","TARRANT","715 BUTTERMILK DR","ARLINGTON","TX","76006","(806) 402-0284","","6","","","","","","","","true","32.7814","-97.1052","177.7","tx-hhsc-assisted-living","Texas HHSC Assisted Living Facilities","https://services1.arcgis.com/jI1j5lArZnrgFYSc/ArcGIS/rest/services/Assisted_Living/FeatureServer/0","Texas Health and Human Services Commission"
"tx-hhsc-assisted-living:050057","COMPASSION OF FAITH","050057","assisted_living","Assisted Living","TARRANT","2501/2503 OAK HILL DR","ARLINGTON","TX","76006","(817) 649-4048","(817) 288-0771","9","","","","","","","","true","32.7767","-97.0819","177.7","tx-hhsc-assisted-living","Texas HHSC Assisted Living Facilities","https://services1.arcgis.com/jI1j5lArZnrgFYSc/ArcGIS/rest/services/Assisted_Living/FeatureServer/0","Texas Health and Human Services Commission"
"tx-hhsc-assisted-living:030166","SUNNY & SAIMA ASSISTED LIVING HOMES","030166","assisted_living","Assisted Living","GALVESTON","1109 HOLLY ST.","LA MARQUE","TX","77568","(409) 797-4292","(866) 587-2032","11","","","","","","","","true","29.3684","-94.9637","177.8","tx-hhsc-assisted-living","Texas HHSC Assisted Living Facilities","https://services1.arcgis.com/jI1j5lArZnrgFYSc/ArcGIS/rest/services/Assisted_Living/FeatureServer/0","Texas Health and Human Services Commission"
"tx-hhsc-assisted-living:030287","DOLL HOUSE ENTERPRISE LLC","030287","assisted_living","Assisted Living","GALVESTON","1031 LAUREL","LA MARQUE","TX","77568","(409) 797-4176","","9","","","","","","","","true","29.3676","-94.963","177.9","tx-hhsc-assisted-living","Texas HHSC Assisted Living Facilities","https://services1.arcgis.com/jI1j5lArZnrgFYSc/ArcGIS/rest/services/Assisted_Living/FeatureServer/0","Texas Health and Human Services Commission"
"tx-hhsc-assisted-living:105843","WILSON ASSISTANT LIVING","105843","assisted_living","Assisted Living","DALLAS","1537 SUTTER","DALLAS","TX","75216","(469) 387-9761","(214) 371-1433","6","","","","","","","","true","32.7138","-96.8021","177.9","tx-hhsc-assisted-living","Texas HHSC Assisted Living Facilities","https://services1.arcgis.com/jI1j5lArZnrgFYSc/ArcGIS/rest/services/Assisted_Living/FeatureServer/0","Texas Health and Human Services Commission"
"tx-hhsc-assisted-living:030348","THE MILDRED HOUSE INC","030348","assisted_living","Assisted Living","GALVESTON","1515 4TH AVE","LA MARQUE","TX","77568","(409) 933-1219","(409) 933-1812","10","","","","","","","","true","29.3652","-94.9515","178.6","tx-hhsc-assisted-living","Texas HHSC Assisted Living Facilities","https://services1.arcgis.com/jI1j5lArZnrgFYSc/ArcGIS/rest/services/Assisted_Living/FeatureServer/0","Texas Health and Human Services Commission"
"tx-hhsc-assisted-living:105712","PEARL'S PLACE","105712","assisted_living","Assisted Living","DALLAS","1657 S. CORINTH ST RD.","DALLAS","TX","75203","(214) 374-1104","(214) 941-1167","5","","","","","","","","true","32.7267","-96.7996","178.8","tx-hhsc-assisted-living","Texas HHSC Assisted Living Facilities","https://services1.arcgis.com/jI1j5lArZnrgFYSc/ArcGIS/rest/services/Assisted_Living/FeatureServer/0","Texas Health and Human Services Commission"
"tx-hhsc-assisted-living:000406","ST JOSEPH'S RESIDENCE INC","000406","assisted_living","Assisted Living","DALLAS","330 W PEMBROKE AVE","DALLAS","TX","75208","(214) 948-3597","(214) 948-0358","89","","","","","","","","true","32.7379","-96.8276","179","tx-hhsc-assisted-living","Texas HHSC Assisted Living Facilities","https://services1.arcgis.com/jI1j5lArZnrgFYSc/ArcGIS/rest/services/Assisted_Living/FeatureServer/0","Texas Health and Human Services Commission"
"tx-hhsc-assisted-living:102967","STELLA ROAD ASSISTED LIVING","102967","assisted_living","Assisted Living","DALLAS","1840 STELLA AVE","DALLAS","TX","75203","(214) 942-3215","(214) 948-0204","6","","","","","","","","true","32.7302","-96.7958","179.1","tx-hhsc-assisted-living","Texas HHSC Assisted Living Facilities","https://services1.arcgis.com/jI1j5lArZnrgFYSc/ArcGIS/rest/services/Assisted_Living/FeatureServer/0","Texas Health and Human Services Commission"
"tx-hhsc-assisted-living:000804","BROOKDALE RICHLAND HILLS","000804","assisted_living","Assisted Living","TARRANT","7520 GLENVIEW DR","RICHLAND","TX","76180","(817) 589-8600","(817) 589-7603","50","","","","","","","","true","32.8228","-97.2167","179.3","tx-hhsc-assisted-living","Texas HHSC Assisted Living Facilities","https://services1.arcgis.com/jI1j5lArZnrgFYSc/ArcGIS/rest/services/Assisted_Living/FeatureServer/0","Texas Health and Human Services Commission"
"tx-hhsc-assisted-living:030263","BROOKDALE RICHLAND HILLS 2","030263","assisted_living","Assisted Living","TARRANT","7520 B GLENVIEW DR","RICHLAND HILLS","TX","76180","(817) 589-9688","(817) 590-2881","50","","","","","","","","true","32.8228","-97.2167","179.3","tx-hhsc-assisted-living","Texas HHSC Assisted Living Facilities","https://services1.arcgis.com/jI1j5lArZnrgFYSc/ArcGIS/rest/services/Assisted_Living/FeatureServer/0","Texas Health and Human Services Commission"
"tx-hhsc-assisted-living:050024","AGAPE PLACE I I","050024","assisted_living","Assisted Living","DALLAS","631 W 10TH ST","DALLAS","TX","75208","(214) 941-9925","(214) 941-3822","24","","","","","","","","true","32.7454","-96.8338","179.4","tx-hhsc-assisted-living","Texas HHSC Assisted Living Facilities","https://services1.arcgis.com/jI1j5lArZnrgFYSc/ArcGIS/rest/services/Assisted_Living/FeatureServer/0","Texas Health and Human Services Commission"
"tx-hhsc-assisted-living:000871","AGAPE PLACE PERSONAL CARE HOME","000871","assisted_living","Assisted Living","DALLAS","801 W 10TH ST","DALLAS","TX","75208","(214) 941-9925","(214) 941-3822","28","","","","","","","","true","32.7455","-96.836","179.4","tx-hhsc-assisted-living","Texas HHSC Assisted Living Facilities","https://services1.arcgis.com/jI1j5lArZnrgFYSc/ArcGIS/rest/services/Assisted_Living/FeatureServer/0","Texas Health and Human Services Commission"
"tx-hhsc-assisted-living:100285","ASHWOOD COURT","100285","assisted_living","Assisted Living","TARRANT","7501 GLENVIEW DR","NORTH RICHLAND HILLS","TX","76180","(817) 804-3100","","120","","","","","","","","true","32.8245","-97.2161","179.4","tx-hhsc-assisted-living","Texas HHSC Assisted Living Facilities","https://services1.arcgis.com/jI1j5lArZnrgFYSc/ArcGIS/rest/services/Assisted_Living/FeatureServer/0","Texas Health and Human Services Commission"
"tx-hhsc-assisted-living:106554","ST GABRIEL OF CORPUS CHRISTI","106554","assisted_living","Assisted Living","NUECES","7245 MCARDLE","CORPUS CHRISTI","TX","78412","(361) 288-4695","","64","","","","","","","","true","27.6952","-97.338","179.4","tx-hhsc-assisted-living","Texas HHSC Assisted Living Facilities","https://services1.arcgis.com/jI1j5lArZnrgFYSc/ArcGIS/rest/services/Assisted_Living/FeatureServer/0","Texas Health and Human Services Commission"
"tx-hhsc-assisted-living:000815","THE WATERFORD AT CORPUS CHRISTI","000815","assisted_living","Assisted Living","NUECES","5813 ESPLANADE DR","CORPUS CHRISTI","TX","78414","(361) 991-9600","(361) 980-8989","56","","","","","","","","true","27.6871","-97.3778","179.6","tx-hhsc-assisted-living","Texas HHSC Assisted Living Facilities","https://services1.arcgis.com/jI1j5lArZnrgFYSc/ArcGIS/rest/services/Assisted_Living/FeatureServer/0","Texas Health and Human Services Commission"
"tx-hhsc-assisted-living:000330","BROOKDALE CORPUS CHRISTI","000330","assisted_living","Assisted Living","NUECES","6410 MEADOWVISTA DRIVE","CORPUS CHRISTI","TX","78414","(361) 985-0555","(361) 985-6128","60","","","","","","","","true","27.6887","-97.3594","179.7","tx-hhsc-assisted-living","Texas HHSC Assisted Living Facilities","https://services1.arcgis.com/jI1j5lArZnrgFYSc/ArcGIS/rest/services/Assisted_Living/FeatureServer/0","Texas Health and Human Services Commission"
"tx-hhsc-assisted-living:101446","DARNELL RESIDENTIAL CARE","101446","assisted_living","Assisted Living","DALLAS","7532 GAYGLEN DR","DALLAS","TX","75217","(214) 398-8642","(214) 398-8642","7","","","","","","","","true","32.7095","-96.6921","179.7","tx-hhsc-assisted-living","Texas HHSC Assisted Living Facilities","https://services1.arcgis.com/jI1j5lArZnrgFYSc/ArcGIS/rest/services/Assisted_Living/FeatureServer/0","Texas Health and Human Services Commission"
"tx-hhsc-assisted-living:103515","MORNING STARR NEW BEGINNINGS","103515","assisted_living","Assisted Living","DALLAS","814 AMAROSA RD","DALLAS","TX","75217","(469) 236-4913","(972) 224-0088","4","","","","","","","","true","32.6996","-96.6552","179.9","tx-hhsc-assisted-living","Texas HHSC Assisted Living Facilities","https://services1.arcgis.com/jI1j5lArZnrgFYSc/ArcGIS/rest/services/Assisted_Living/FeatureServer/0","Texas Health and Human Services Commission"
"tx-hhsc-assisted-living:050499","HELEN'S CARE","050499","assisted_living","Assisted Living","DALLAS","2318 MORRELL AVE","DALLAS","TX","75203","(214) 946-8697","","8","","","","","","","","true","32.7417","-96.7896","180","tx-hhsc-assisted-living","Texas HHSC Assisted Living Facilities","https://services1.arcgis.com/jI1j5lArZnrgFYSc/ArcGIS/rest/services/Assisted_Living/FeatureServer/0","Texas Health and Human Services Commission"
"tx-hhsc-assisted-living:030038","GARDEN ESTATES OF CORPUS CHRISTI ASSISTED LIVING COMMUNITY","030038","assisted_living","Assisted Living","NUECES","2709 CIMARRON BLVD","CORPUS CHRISTI","TX","78414","(361) 980-8200","(361) 980-8288","67","","","","","","","","true","27.6812","-97.369","180.1","tx-hhsc-assisted-living","Texas HHSC Assisted Living Facilities","https://services1.arcgis.com/jI1j5lArZnrgFYSc/ArcGIS/rest/services/Assisted_Living/FeatureServer/0","Texas Health and Human Services Commission"
"tx-hhsc-assisted-living:106541","THE CREST  EAST","106541","assisted_living","Assisted Living","TOM GREEN","430 E. 8TH STREET","SAN ANGELO","TX","76903","(325) 655-7391","(325) 655-2574","15","","","","","","","","true","31.4756","-100.4335","180.1","tx-hhsc-assisted-living","Texas HHSC Assisted Living Facilities","https://services1.arcgis.com/jI1j5lArZnrgFYSc/ArcGIS/rest/services/Assisted_Living/FeatureServer/0","Texas Health and Human Services Commission"
"tx-hhsc-assisted-living:106545","THE CRESTWEST","106545","assisted_living","Assisted Living","TOM GREEN","402 E 8TH ST","SAN ANGELO","TX","76903","(325) 655-7391","(325) 653-1413","15","","","","","","","","true","31.4751","-100.4339","180.1","tx-hhsc-assisted-living","Texas HHSC Assisted Living Facilities","https://services1.arcgis.com/jI1j5lArZnrgFYSc/ArcGIS/rest/services/Assisted_Living/FeatureServer/0","Texas Health and Human Services Commission"
"tx-hhsc-assisted-living:110279","GOLDEN CREEK RESIDENTIAL CARE","110279","assisted_living","Assisted Living","TARRANT","116 ROBERTS DRIVE","SAGINAW","TX","76179","(817) 847-7048","(817) 887-0821","6","","","","","","","","true","32.8575","-97.3755","180.3","tx-hhsc-assisted-living","Texas HHSC Assisted Living Facilities","https://services1.arcgis.com/jI1j5lArZnrgFYSc/ArcGIS/rest/services/Assisted_Living/FeatureServer/0","Texas Health and Human Services Commission"
"tx-hhsc-assisted-living:107301","LEGACY OAKS OF AZLE","107301","assisted_living","Assisted Living","TARRANT","1364 SOUTHEAST PARKWAY","AZLE","TX","76020","(817) 629-5136","","114","","","","","","","","true","32.8707","-97.5278","180.3","tx-hhsc-assisted-living","Texas HHSC Assisted Living Facilities","https://services1.arcgis.com/jI1j5lArZnrgFYSc/ArcGIS/rest/services/Assisted_Living/FeatureServer/0","Texas Health and Human Services Commission"
"tx-hhsc-assisted-living:105267","NEW HAVEN ASSISTED LIVING OF SAN ANGELO LLC","105267","assisted_living","Assisted Living","TOM GREEN","2501 SAWGRASS DR.","SAN ANGELO","TX","76904","(325) 267-2316","","16","","","","","","","","true","31.4019","-100.4792","180.3","tx-hhsc-assisted-living","Texas HHSC Assisted Living Facilities","https://services1.arcgis.com/jI1j5lArZnrgFYSc/ArcGIS/rest/services/Assisted_Living/FeatureServer/0","Texas Health and Human Services Commission"
"tx-hhsc-assisted-living:105266","NEW HAVEN ASSISTED LIVING OF SAN ANGELO LLC","105266","assisted_living","Assisted Living","TOM GREEN","2501 SAWGRASS DR","SAN ANGELO","TX","76904","(325) 227-4748","","16","","","","","","","","true","31.4019","-100.4792","180.3","tx-hhsc-assisted-living","Texas HHSC Assisted Living Facilities","https://services1.arcgis.com/jI1j5lArZnrgFYSc/ArcGIS/rest/services/Assisted_Living/FeatureServer/0","Texas Health and Human Services Commission"
"tx-hhsc-assisted-living:000317","VILLA OF CORPUS CHRISTI SOUTH","000317","assisted_living","Assisted Living","NUECES","4834 YORKTOWN BLVD","CORPUS CHRISTI","TX","78413","(361) 991-3252","(361) 991-2368","96","","","","","","","","true","27.6736","-97.4081","180.3","tx-hhsc-assisted-living","Texas HHSC Assisted Living Facilities","https://services1.arcgis.com/jI1j5lArZnrgFYSc/ArcGIS/rest/services/Assisted_Living/FeatureServer/0","Texas Health and Human Services Commission"
"tx-hhsc-assisted-living:107259","ELAN CORPUS CHRISTI","107259","assisted_living","Assisted Living","NUECES","5441 LIPES BLVD","CORPUS CHRISTI","TX","78413","(361) 218-4852","","125","","","","","","","","true","27.6742","-97.3948","180.4","tx-hhsc-assisted-living","Texas HHSC Assisted Living Facilities","https://services1.arcgis.com/jI1j5lArZnrgFYSc/ArcGIS/rest/services/Assisted_Living/FeatureServer/0","Texas Health and Human Services Commission"
"tx-hhsc-assisted-living:104912","MIRADOR","104912","assisted_living","Assisted Living","NUECES","5857 TIMBERGATE DR","CORPUS CHRISTI","TX","78414","361 651 1103","(888) 258-7442","66","","","","","","","","true","27.6754","-97.3842","180.4","tx-hhsc-assisted-living","Texas HHSC Assisted Living Facilities","https://services1.arcgis.com/jI1j5lArZnrgFYSc/ArcGIS/rest/services/Assisted_Living/FeatureServer/0","Texas Health and Human Services Commission"
"tx-hhsc-assisted-living:000387","BRAYDEN PARK ASSISTED LIVING","000387","assisted_living","Assisted Living","TOM GREEN","2695 VALLEYVIEW BLVD.","SAN ANGELO","TX","76904","(325) 829-5109","(325) 223-8144","133","","","","","","","","true","31.4077","-100.4803","180.5","tx-hhsc-assisted-living","Texas HHSC Assisted Living Facilities","https://services1.arcgis.com/jI1j5lArZnrgFYSc/ArcGIS/rest/services/Assisted_Living/FeatureServer/0","Texas Health and Human Services Commission"
"tx-hhsc-assisted-living:106183","BRISTOL PARK AT EAGLE MOUNTAIN","106183","assisted_living","Assisted Living","TARRANT","3141 DALHART DRIVE","FORT WORTH","TX","76179","(817) 236-6116","","95","","","","","","","","true","32.8658","-97.4279","180.5","tx-hhsc-assisted-living","Texas HHSC Assisted Living Facilities","https://services1.arcgis.com/jI1j5lArZnrgFYSc/ArcGIS/rest/services/Assisted_Living/FeatureServer/0","Texas Health and Human Services Commission"
"tx-hhsc-assisted-living:105563","AMBROSIAL LIVING","105563","assisted_living","Assisted Living","TARRANT","604 DONNA LANE","BEDFORD","TX","76022","(817) 494-8488","(888) 397-1087","6","","","","","","","","true","32.8319","-97.1539","180.6","tx-hhsc-assisted-living","Texas HHSC Assisted Living Facilities","https://services1.arcgis.com/jI1j5lArZnrgFYSc/ArcGIS/rest/services/Assisted_Living/FeatureServer/0","Texas Health and Human Services Commission"
"tx-hhsc-assisted-living:010341","ROSEHAVEN RETIREMENT INN","010341","assisted_living","Assisted Living","KAUFMAN","102 E 9TH ST","KAUFMAN","TX","75142","(972) 932-5882","(972) 486-4880","16","","","","","","","","true","32.5787","-96.3082","180.7","tx-hhsc-assisted-living","Texas HHSC Assisted Living Facilities","https://services1.arcgis.com/jI1j5lArZnrgFYSc/ArcGIS/rest/services/Assisted_Living/FeatureServer/0","Texas Health and Human Services Commission"
"tx-hhsc-assisted-living:107233","THE VIERA SENIOR LIVING","107233","assisted_living","Assisted Living","NUECES","3010 AIRLINE RD.","CORPUS CHRISTI","TX","78414","(361) 392-4000","","123","","","","","","","","true","27.6732","-97.3642","180.7","tx-hhsc-assisted-living","Texas HHSC Assisted Living Facilities","https://services1.arcgis.com/jI1j5lArZnrgFYSc/ArcGIS/rest/services/Assisted_Living/FeatureServer/0","Texas Health and Human Services Commission"
"tx-hhsc-assisted-living:103208","OAK RIDGE ALZHEIMER'S SPECIAL CARE CENTER","103208","assisted_living","Assisted Living","TARRANT","4501 SILVER SAGE DRIVE","HALTOM CITY","TX","76137","817 8498000","817 8498111","46","","","","","","","","true","32.8558","-97.289","180.8","tx-hhsc-assisted-living","Texas HHSC Assisted Living Facilities","https://services1.arcgis.com/jI1j5lArZnrgFYSc/ArcGIS/rest/services/Assisted_Living/FeatureServer/0","Texas Health and Human Services Commission"
"tx-hhsc-assisted-living:000567","PARKWOOD HEALTHCARE COMMUNITY","000567","assisted_living","Assisted Living","TARRANT","2600 PARKVIEW LANE","BEDFORD","TX","76022","(817) 354-6556","(817) 354-1808","84","","","","","","","","true","32.8304","-97.1246","180.8","tx-hhsc-assisted-living","Texas HHSC Assisted Living Facilities","https://services1.arcgis.com/jI1j5lArZnrgFYSc/ArcGIS/rest/services/Assisted_Living/FeatureServer/0","Texas Health and Human Services Commission"
"tx-hhsc-assisted-living:010232","BROOKDALE NORTH RICHLAND HILLS","010232","assisted_living","Assisted Living","TARRANT","8500 EMERALD HILLS WAY","NORTH RICHLAND HILLS","TX","76180","(817) 577-3337","(817) 427-1973","110","","","","","","","","true","32.8451","-97.2028","180.9","tx-hhsc-assisted-living","Texas HHSC Assisted Living Facilities","https://services1.arcgis.com/jI1j5lArZnrgFYSc/ArcGIS/rest/services/Assisted_Living/FeatureServer/0","Texas Health and Human Services Commission"
"tx-hhsc-assisted-living:030009","THE ST ANGELUS","030009","assisted_living","Assisted Living","TOM GREEN","15 N VAN BUREN","SAN ANGELO","TX","76901","(325) 659-4581","","11","","","","","","","","true","31.4555","-100.4602","180.9","tx-hhsc-assisted-living","Texas HHSC Assisted Living Facilities","https://services1.arcgis.com/jI1j5lArZnrgFYSc/ArcGIS/rest/services/Assisted_Living/FeatureServer/0","Texas Health and Human Services Commission"
"tx-hhsc-assisted-living:101521","VIP LIVING CENTER IRVING","101521","assisted_living","Assisted Living","DALLAS","3219 VINSON CT","IRVING","TX","75060","(972) 513-0224","(1888) 267-5850","12","","","","","","","","true","32.8076","-96.9899","181","tx-hhsc-assisted-living","Texas HHSC Assisted Living Facilities","https://services1.arcgis.com/jI1j5lArZnrgFYSc/ArcGIS/rest/services/Assisted_Living/FeatureServer/0","Texas Health and Human Services Commission"
"tx-hhsc-assisted-living:030096","EAGLE CREST HEALTH CARE LLLP","030096","assisted_living","Assisted Living","TARRANT","113 DENVER TR","AZLE","TX","76020","(817) 444-3249","(817) 444-3275","55","","","","","","","","true","32.8819","-97.5336","181.1","tx-hhsc-assisted-living","Texas HHSC Assisted Living Facilities","https://services1.arcgis.com/jI1j5lArZnrgFYSc/ArcGIS/rest/services/Assisted_Living/FeatureServer/0","Texas Health and Human Services Commission"
"tx-hhsc-assisted-living:105869","RIVERSIDE OXFORD MEMORY CARE LLC","105869","assisted_living","Assisted Living","TARRANT","6621 N RIVERSIDE DR,","FT WORTH","TX","76137","(817) 708-2234","","68","","","","","","","","true","32.8623","-97.3052","181.1","tx-hhsc-assisted-living","Texas HHSC Assisted Living Facilities","https://services1.arcgis.com/jI1j5lArZnrgFYSc/ArcGIS/rest/services/Assisted_Living/FeatureServer/0","Texas Health and Human Services Commission"
"tx-hhsc-assisted-living:101308","COLES RESIDENTIAL HOME","101308","assisted_living","Assisted Living","DALLAS","1364 GILLETTE ST","DALLAS","TX","75217","(214) 391-8097","","6","","","","","","","","true","32.7367","-96.7081","181.2","tx-hhsc-assisted-living","Texas HHSC Assisted Living Facilities","https://services1.arcgis.com/jI1j5lArZnrgFYSc/ArcGIS/rest/services/Assisted_Living/FeatureServer/0","Texas Health and Human Services Commission"
"tx-hhsc-assisted-living:030035","BROOKDALE EDEN ESTATES","030035","assisted_living","Assisted Living","TARRANT","1997 FOREST RIDGE DR","BEDFORD","TX","76021","(817) 267-2488","(817) 267-0406","80","","","","","","","","true","32.8404","-97.1431","181.3","tx-hhsc-assisted-living","Texas HHSC Assisted Living Facilities","https://services1.arcgis.com/jI1j5lArZnrgFYSc/ArcGIS/rest/services/Assisted_Living/FeatureServer/0","Texas Health and Human Services Commission"
"tx-hhsc-assisted-living:105382","LAKE COUNTRY ASSISTED LIVING","105382","assisted_living","Assisted Living","TARRANT","7505 LOCHWOOD CT.","FORT WORTH","TX","76179","(682) 707-7548","(682) 707-7548","8","","","","","","","","true","32.879","-97.4428","181.3","tx-hhsc-assisted-living","Texas HHSC Assisted Living Facilities","https://services1.arcgis.com/jI1j5lArZnrgFYSc/ArcGIS/rest/services/Assisted_Living/FeatureServer/0","Texas Health and Human Services Commission"
"tx-hhsc-assisted-living:106161","LAKEWEST ASSISTED LIVING","106161","assisted_living","Assisted Living","DALLAS","3494 KINGBRIDGE STREET","DALLAS","TX","75212","(469) 206-0640","(469) 206-0641","128","","","","","","","","true","32.7825","-96.8655","181.3","tx-hhsc-assisted-living","Texas HHSC Assisted Living Facilities","https://services1.arcgis.com/jI1j5lArZnrgFYSc/ArcGIS/rest/services/Assisted_Living/FeatureServer/0","Texas Health and Human Services Commission"
"tx-hhsc-assisted-living:000304","MORADA NORTH RICHLAND HILLS","000304","assisted_living","Assisted Living","TARRANT","7801 N. RICHLAND BOULEVARD","NORTH RICHLAND HILLS","TX","76180","817 5816310","(817) 581-0608","80","","","","","","","","true","32.8526","-97.2151","181.3","tx-hhsc-assisted-living","Texas HHSC Assisted Living Facilities","https://services1.arcgis.com/jI1j5lArZnrgFYSc/ArcGIS/rest/services/Assisted_Living/FeatureServer/0","Texas Health and Human Services Commission"
"tx-hhsc-assisted-living:010265","BROOKDALE OAK HOLLOW","010265","assisted_living","Assisted Living","TARRANT","2016 L DON DODSON PKY","BEDFORD","TX","76021","(817) 267-6200","(817) 267-6455","56","","","","","","","","true","32.8406","-97.1349","181.4","tx-hhsc-assisted-living","Texas HHSC Assisted Living Facilities","https://services1.arcgis.com/jI1j5lArZnrgFYSc/ArcGIS/rest/services/Assisted_Living/FeatureServer/0","Texas Health and Human Services Commission"
"tx-hhsc-assisted-living:105845","FAITH MINISTRIES OF TEXAS","105845","assisted_living","Assisted Living","DALLAS","1537 GILLETTE ST.","DALLAS","TX","75217","(469) 774-3053","","5","","","","","","","","true","32.7385","-96.7048","181.4","tx-hhsc-assisted-living","Texas HHSC Assisted Living Facilities","https://services1.arcgis.com/jI1j5lArZnrgFYSc/ArcGIS/rest/services/Assisted_Living/FeatureServer/0","Texas Health and Human Services Commission"
"tx-hhsc-assisted-living:103527","HICKORY SQUARE RETIREMENT CENTER","103527","assisted_living","Assisted Living","KAUFMAN","108 W HICKORY","KAUFMAN","TX","75142","(972) 962-3359","(972) 486-4880","60","","","","","","","","true","32.5915","-96.3095","181.5","tx-hhsc-assisted-living","Texas HHSC Assisted Living Facilities","https://services1.arcgis.com/jI1j5lArZnrgFYSc/ArcGIS/rest/services/Assisted_Living/FeatureServer/0","Texas Health and Human Services Commission"
"tx-hhsc-assisted-living:100037","TOWNE LAKE COURT","100037","assisted_living","Assisted Living","DALLAS","200 ESTERS RD","IRVING","TX","75061","(972) 514-6032","(972) 514-6054","13","","","","","","","","true","32.8177","-97.0078","181.5","tx-hhsc-assisted-living","Texas HHSC Assisted Living Facilities","https://services1.arcgis.com/jI1j5lArZnrgFYSc/ArcGIS/rest/services/Assisted_Living/FeatureServer/0","Texas Health and Human Services Commission"
"tx-hhsc-assisted-living:030174","HOLIDAY LANE ESTATES","030174","assisted_living","Assisted Living","TARRANT","6155 HOLIDAY LANE","NORTH RICHLAND HILLS","TX","76180","817 4270275","(817) 656-4227","60","","","","","","","","true","32.8595","-97.2213","181.7","tx-hhsc-assisted-living","Texas HHSC Assisted Living Facilities","https://services1.arcgis.com/jI1j5lArZnrgFYSc/ArcGIS/rest/services/Assisted_Living/FeatureServer/0","Texas Health and Human Services Commission"
"tx-hhsc-assisted-living:107210","HEARTIS MIDCITIES","107210","assisted_living","Assisted Living","TARRANT","2308 HIGHWAY 121","BEDFORD","TX","76021","(817) 571-0000","","137","","","","","","","","true","32.8465","-97.1135","182","tx-hhsc-assisted-living","Texas HHSC Assisted Living Facilities","https://services1.arcgis.com/jI1j5lArZnrgFYSc/ArcGIS/rest/services/Assisted_Living/FeatureServer/0","Texas Health and Human Services Commission"
"tx-hhsc-assisted-living:110180","STONECREEK NORTH RICHLAND HILLS","110180","assisted_living","Assisted Living","TARRANT","8505 MID-CITIES BLVD","NORTH RICHLAND HILLS","TX","76182","(817) 918-8002","","115","","","","","","","","true","32.862","-97.2036","182.1","tx-hhsc-assisted-living","Texas HHSC Assisted Living Facilities","https://services1.arcgis.com/jI1j5lArZnrgFYSc/ArcGIS/rest/services/Assisted_Living/FeatureServer/0","Texas Health and Human Services Commission"
"tx-hhsc-assisted-living:103092","FAITH HOME ASSISTED LIVING","103092","assisted_living","Assisted Living","DALLAS","2155 GAYLORD","DALLAS","TX","75227","(214) 275-5791","(972) 496-8432","6","","","","","","","","true","32.7508","-96.6909","182.4","tx-hhsc-assisted-living","Texas HHSC Assisted Living Facilities","https://services1.arcgis.com/jI1j5lArZnrgFYSc/ArcGIS/rest/services/Assisted_Living/FeatureServer/0","Texas Health and Human Services Commission"
"tx-hhsc-assisted-living:000561","WEST FORK VILLAGE","000561","assisted_living","Assisted Living","DALLAS","720 N BRITAIN ROAD","IRVING","TX","75061","(972) 721-1500","(972) 438-4074","70","","","","","","","","true","32.8202","-96.941","182.6","tx-hhsc-assisted-living","Texas HHSC Assisted Living Facilities","https://services1.arcgis.com/jI1j5lArZnrgFYSc/ArcGIS/rest/services/Assisted_Living/FeatureServer/0","Texas Health and Human Services Commission"
"tx-hhsc-assisted-living:106639","AVENDELLE ASSISTED LIVING OF EULESS","106639","assisted_living","Assisted Living","TARRANT","807 FORESTCREST COURT","EULESS","TX","76039","(415) 359-7998","(817) 785-3778","5","","","","","","","","true","32.8537","-97.0958","182.7","tx-hhsc-assisted-living","Texas HHSC Assisted Living Facilities","https://services1.arcgis.com/jI1j5lArZnrgFYSc/ArcGIS/rest/services/Assisted_Living/FeatureServer/0","Texas Health and Human Services Commission"
"tx-hhsc-assisted-living:105825","HOUSE OF VICTORY","105825","assisted_living","Assisted Living","DALLAS","2819 AINWICK CT","DALLAS","TX","75227","(469) 569-0288","(214) 275-4676","7","","","","","","","","true","32.7623","-96.6998","183","tx-hhsc-assisted-living","Texas HHSC Assisted Living Facilities","https://services1.arcgis.com/jI1j5lArZnrgFYSc/ArcGIS/rest/services/Assisted_Living/FeatureServer/0","Texas Health and Human Services Commission"
"tx-hhsc-assisted-living:030100","LYNDALE AT SAN ANGELO","030100","assisted_living","Assisted Living","TOM GREEN","6101 GRAND COURT RD.","SAN ANGELO","TX","76901","(325) 939-8812","(325) 947-0043","78","","","","","","","","true","31.4268","-100.5162","183","tx-hhsc-assisted-living","Texas HHSC Assisted Living Facilities","https://services1.arcgis.com/jI1j5lArZnrgFYSc/ArcGIS/rest/services/Assisted_Living/FeatureServer/0","Texas Health and Human Services Commission"
"tx-hhsc-assisted-living:105285","THE SPRINGS MEMORY CARE","105285","assisted_living","Assisted Living","TOM GREEN","6102 GRAND COURT RD","SAN ANGELO","TX","76901","(325) 224-3040","","66","","","","","","","","true","31.4281","-100.5169","183","tx-hhsc-assisted-living","Texas HHSC Assisted Living Facilities","https://services1.arcgis.com/jI1j5lArZnrgFYSc/ArcGIS/rest/services/Assisted_Living/FeatureServer/0","Texas Health and Human Services Commission"
"tx-hhsc-assisted-living:030346","BEDFORD ESTATES SENIOR LIVING","030346","assisted_living","Assisted Living","TARRANT","3800 CENTRAL DRIVE","BEDFORD","TX","76021","(817) 283-6604","(817) 283-7425","118","","","","","","","","true","32.8655","-97.1305","183.1","tx-hhsc-assisted-living","Texas HHSC Assisted Living Facilities","https://services1.arcgis.com/jI1j5lArZnrgFYSc/ArcGIS/rest/services/Assisted_Living/FeatureServer/0","Texas Health and Human Services Commission"
"tx-hhsc-assisted-living:030018","BROOKDALE WATAUGA","030018","assisted_living","Assisted Living","TARRANT","5800 N PARK DR","WATAUGA","TX","76148","(817) 498-2222","(817) 498-5777","50","","","","","","","","true","32.8852","-97.2574","183.1","tx-hhsc-assisted-living","Texas HHSC Assisted Living Facilities","https://services1.arcgis.com/jI1j5lArZnrgFYSc/ArcGIS/rest/services/Assisted_Living/FeatureServer/0","Texas Health and Human Services Commission"
"tx-hhsc-assisted-living:102608","SERENITY SENIOR LIVING I","102608","assisted_living","Assisted Living","DALLAS","1025 CAVERN DR","MESQUITE","TX","75181","(972) 629-9707","(972) 629-9707","7","","","","","","","","true","32.7284","-96.5907","183.1","tx-hhsc-assisted-living","Texas HHSC Assisted Living Facilities","https://services1.arcgis.com/jI1j5lArZnrgFYSc/ArcGIS/rest/services/Assisted_Living/FeatureServer/0","Texas Health and Human Services Commission"
"tx-hhsc-assisted-living:106617","SIMPSON PLACE","106617","assisted_living","Assisted Living","DALLAS","3922 SIMPSON STREET","DALLAS","TX","75246","(214) 231-0864","(214) 231-0865","120","","","","","","","","true","32.7888","-96.774","183.3","tx-hhsc-assisted-living","Texas HHSC Assisted Living Facilities","https://services1.arcgis.com/jI1j5lArZnrgFYSc/ArcGIS/rest/services/Assisted_Living/FeatureServer/0","Texas Health and Human Services Commission"
"tx-hhsc-assisted-living:110200","BIR JV LLP DBA BAYLOR SCOTT & WHITE INSTITUTE FOR REHABILITATION NEURO TRANSITIONAL CARE","110200","assisted_living","Assisted Living","DALLAS","3601 SWISS AVENUE","DALLAS","TX","75204","(717) 980-2521","(717) 980-2521","9","","","","","","","","true","32.7926","-96.7817","183.4","tx-hhsc-assisted-living","Texas HHSC Assisted Living Facilities","https://services1.arcgis.com/jI1j5lArZnrgFYSc/ArcGIS/rest/services/Assisted_Living/FeatureServer/0","Texas Health and Human Services Commission"
"tx-hhsc-assisted-living:010313","CEDAR CREST OF IRVING, LLC","010313","assisted_living","Assisted Living","DALLAS","2425 TEXAS DR","IRVING","TX","75062","(972) 659-6800","(972) 659-6904","113","","","","","","","","true","32.8392","-96.9733","183.4","tx-hhsc-assisted-living","Texas HHSC Assisted Living Facilities","https://services1.arcgis.com/jI1j5lArZnrgFYSc/ArcGIS/rest/services/Assisted_Living/FeatureServer/0","Texas Health and Human Services Commission"
"tx-hhsc-assisted-living:106140","LEGEND AT FORT WORTH","106140","assisted_living","Assisted Living","TARRANT","8600 N. RIVERSIDE DRIVE","FORT WORTH","TX","76244","(817) 885-8800","(817) 784-6818","100","","","","","","","","true","32.8977","-97.3058","183.6","tx-hhsc-assisted-living","Texas HHSC Assisted Living Facilities","https://services1.arcgis.com/jI1j5lArZnrgFYSc/ArcGIS/rest/services/Assisted_Living/FeatureServer/0","Texas Health and Human Services Commission"
"tx-hhsc-assisted-living:106490","MASONS PERSONAL CARE HOMES INC","106490","assisted_living","Assisted Living","DALLAS","10451 SUMMER OAKS DR","DALLAS","TX","75227-7681","(972) 222-0414","(972) 222-0417","8","","","","","","","","true","32.7552","-96.6428","183.7","tx-hhsc-assisted-living","Texas HHSC Assisted Living Facilities","https://services1.arcgis.com/jI1j5lArZnrgFYSc/ArcGIS/rest/services/Assisted_Living/FeatureServer/0","Texas Health and Human Services Commission"
"tx-hhsc-assisted-living:000942","IRIS MEMORY CARE OF TURTLE CREEK","000942","assisted_living","Assisted Living","DALLAS","3611 DICKASON AVE","DALLAS","TX","75219","(214) 559-0140","(214) 559-0171","54","","","","","","","","true","32.8069","-96.8079","183.9","tx-hhsc-assisted-living","Texas HHSC Assisted Living Facilities","https://services1.arcgis.com/jI1j5lArZnrgFYSc/ArcGIS/rest/services/Assisted_Living/FeatureServer/0","Texas Health and Human Services Commission"
"tx-hhsc-assisted-living:105593","BELMONT VILLAGE TURTLE CREEK TENANT LLC","105593","assisted_living","Assisted Living","DALLAS","3535 N. HALL STREET","DALLAS","TX","75219","(214) 559-7015","(214) 559-2663","225","","","","","","","","true","32.8077","-96.8053","184","tx-hhsc-assisted-living","Texas HHSC Assisted Living Facilities","https://services1.arcgis.com/jI1j5lArZnrgFYSc/ArcGIS/rest/services/Assisted_Living/FeatureServer/0","Texas Health and Human Services Commission"
"tx-hhsc-assisted-living:106244","MORNING STARR NEW BEGINNINGS","106244","assisted_living","Assisted Living","DALLAS","9016 TAMPAS LN","DALLAS","TX","75227","(469) 236-4913","(972) 224-0088","8","","","","","","","","true","32.7669","-96.668","184","tx-hhsc-assisted-living","Texas HHSC Assisted Living Facilities","https://services1.arcgis.com/jI1j5lArZnrgFYSc/ArcGIS/rest/services/Assisted_Living/FeatureServer/0","Texas Health and Human Services Commission"
"tx-hhsc-assisted-living:110698","SAGE OAK HOLDINGS OF DENTON, LLC","110698","assisted_living","Assisted Living","DENTON","3015 AUDRA LANE BLD #2","DENTON","TX","75219","","","16","","","","","","","","true","32.8096","-96.8123","184","tx-hhsc-assisted-living","Texas HHSC Assisted Living Facilities","https://services1.arcgis.com/jI1j5lArZnrgFYSc/ArcGIS/rest/services/Assisted_Living/FeatureServer/0","Texas Health and Human Services Commission"
"tx-hhsc-assisted-living:030237","AVALON MEMORY CARE","030237","assisted_living","Assisted Living","DALLAS","3400 N COUNTRY CLUB RD","IRVING","TX","75062","(214) 752-7050","(214) 752-7054","48","","","","","","","","true","32.8518","-96.9761","184.2","tx-hhsc-assisted-living","Texas HHSC Assisted Living Facilities","https://services1.arcgis.com/jI1j5lArZnrgFYSc/ArcGIS/rest/services/Assisted_Living/FeatureServer/0","Texas Health and Human Services Commission"
"tx-hhsc-assisted-living:104471","NOTICE RESIDENTIAL CARE HOME","104471","assisted_living","Assisted Living","DALLAS","2618 CROSSCREEK LN","MESQUITE","TX","75181","(214) 282-0009","(972) 222-2398","6","","","","","","","","true","32.7339","-96.5571","184.2","tx-hhsc-assisted-living","Texas HHSC Assisted Living Facilities","https://services1.arcgis.com/jI1j5lArZnrgFYSc/ArcGIS/rest/services/Assisted_Living/FeatureServer/0","Texas Health and Human Services Commission"
"tx-hhsc-assisted-living:104301","CENTRE FOR NEURO SKILLS","104301","assisted_living","Assisted Living","DALLAS","3849-3855 PORTLAND ST","IRVING","TX","75038","(972) 580-8500","(972) 255-3162","8","","","","","","","","true","32.8595","-97.0054","184.3","tx-hhsc-assisted-living","Texas HHSC Assisted Living Facilities","https://services1.arcgis.com/jI1j5lArZnrgFYSc/ArcGIS/rest/services/Assisted_Living/FeatureServer/0","Texas Health and Human Services Commission"
"tx-hhsc-assisted-living:000684","CENTRE FOR NEURO SKILLS UNIT 1","000684","assisted_living","Assisted Living","DALLAS","3901-3907 PORTLAND","IRVING","TX","75038","(972) 580-8500","(972) 255-3162","4","","","","","","","","true","32.8597","-97.0055","184.3","tx-hhsc-assisted-living","Texas HHSC Assisted Living Facilities","https://services1.arcgis.com/jI1j5lArZnrgFYSc/ArcGIS/rest/services/Assisted_Living/FeatureServer/0","Texas Health and Human Services Commission"
"tx-hhsc-assisted-living:000949","CENTRE FOR NEURO SKILLS UNIT 2","000949","assisted_living","Assisted Living","DALLAS","3911 PORTLAND","IRVING","TX","75038","(972) 580-8500","(972) 255-3162","1","","","","","","","","true","32.8599","-97.0056","184.3","tx-hhsc-assisted-living","Texas HHSC Assisted Living Facilities","https://services1.arcgis.com/jI1j5lArZnrgFYSc/ArcGIS/rest/services/Assisted_Living/FeatureServer/0","Texas Health and Human Services Commission"
"tx-hhsc-assisted-living:000685","CENTRE FOR NEURO SKILLS UNIT 3","000685","assisted_living","Assisted Living","DALLAS","3921-3927 PORTLAND","IRVING","TX","75038","(972) 580-8500","(972) 255-3162","6","","","","","","","","true","32.8601","-97.0058","184.3","tx-hhsc-assisted-living","Texas HHSC Assisted Living Facilities","https://services1.arcgis.com/jI1j5lArZnrgFYSc/ArcGIS/rest/services/Assisted_Living/FeatureServer/0","Texas Health and Human Services Commission"
"tx-hhsc-assisted-living:000686","CENTRE FOR NEURO SKILLS UNIT 4","000686","assisted_living","Assisted Living","DALLAS","3931-3937 PORTLAND","IRVING","TX","75038","(972) 580-8500","(972) 255-3162","8","","","","","","","","true","32.8603","-97.0059","184.3","tx-hhsc-assisted-living","Texas HHSC Assisted Living Facilities","https://services1.arcgis.com/jI1j5lArZnrgFYSc/ArcGIS/rest/services/Assisted_Living/FeatureServer/0","Texas Health and Human Services Commission"
"tx-hhsc-assisted-living:101049","CENTRE FOR NEURO SKILLS","101049","assisted_living","Assisted Living","DALLAS","3941-47 PORTLAND","IRVING","TX","75038","(972) 580-8500","(972) 255-3162","8","","","","","","","","true","32.8605","-97.006","184.4","tx-hhsc-assisted-living","Texas HHSC Assisted Living Facilities","https://services1.arcgis.com/jI1j5lArZnrgFYSc/ArcGIS/rest/services/Assisted_Living/FeatureServer/0","Texas Health and Human Services Commission"
"tx-hhsc-assisted-living:101050","CENTRE FOR NEURO SKILLS","101050","assisted_living","Assisted Living","DALLAS","3951-57 PORTLAND","IRVING","TX","75038","(972) 594-0549","(972) 580-8500","8","","","","","","","","true","32.8606","-97.0061","184.4","tx-hhsc-assisted-living","Texas HHSC Assisted Living Facilities","https://services1.arcgis.com/jI1j5lArZnrgFYSc/ArcGIS/rest/services/Assisted_Living/FeatureServer/0","Texas Health and Human Services Commission"
"tx-hhsc-assisted-living:110233","METROPLEX RESIDENTIAL SENIOR CARE LLC","110233","assisted_living","Assisted Living","TARRANT","1625 SARAH BROOKS DR","KELLER","TX","76248","(469) 236-0126","(214) 602-5441","6","","","","","","","","true","32.9005","-97.2166","184.6","tx-hhsc-assisted-living","Texas HHSC Assisted Living Facilities","https://services1.arcgis.com/jI1j5lArZnrgFYSc/ArcGIS/rest/services/Assisted_Living/FeatureServer/0","Texas Health and Human Services Commission"
"tx-hhsc-assisted-living:105774","NOTICE CARE HOMES","105774","assisted_living","Assisted Living","DALLAS","926 LAKESHORE DRIVE","MESQUITE","TX","75149","(214) 282-0009","(972) 222-2398","6","","","","","","","","true","32.7561","-96.6018","184.6","tx-hhsc-assisted-living","Texas HHSC Assisted Living Facilities","https://services1.arcgis.com/jI1j5lArZnrgFYSc/ArcGIS/rest/services/Assisted_Living/FeatureServer/0","Texas Health and Human Services Commission"
"tx-hhsc-assisted-living:105940","PEARL NORDAN CARE CENTER  ASSISTED LIVING","105940","assisted_living","Assisted Living","DALLAS","1260 ABRAMS","DALLAS","TX","75214","(214) 827-0813","","78","","","","","","","","true","32.8023","-96.7557","184.6","tx-hhsc-assisted-living","Texas HHSC Assisted Living Facilities","https://services1.arcgis.com/jI1j5lArZnrgFYSc/ArcGIS/rest/services/Assisted_Living/FeatureServer/0","Texas Health and Human Services Commission"
"tx-hhsc-assisted-living:101878","FOWLER CHRISTIAN APARTMENTS INC","101878","assisted_living","Assisted Living","DALLAS","105 JULIETTE FOWLER ST","DALLAS","TX","75214","(214) 821-4061","(214) 818-0345","25","","","","","","","","true","32.8034","-96.7531","184.7","tx-hhsc-assisted-living","Texas HHSC Assisted Living Facilities","https://services1.arcgis.com/jI1j5lArZnrgFYSc/ArcGIS/rest/services/Assisted_Living/FeatureServer/0","Texas Health and Human Services Commission"
"tx-hhsc-assisted-living:110317","DISCOVERY VILLAGE AT ALLIANCE TOWN CENTER","110317","assisted_living","Assisted Living","TARRANT","9901 N. RIVERSIDE DRIVE","FT. WORTH","TX","76117","(682) 232-4184","(817) 203-8873","98","","","","","","","","true","32.9172","-97.3069","184.9","tx-hhsc-assisted-living","Texas HHSC Assisted Living Facilities","https://services1.arcgis.com/jI1j5lArZnrgFYSc/ArcGIS/rest/services/Assisted_Living/FeatureServer/0","Texas Health and Human Services Commission"
"tx-hhsc-assisted-living:105473","ELLERY ARBOR MEMORY CARE","105473","assisted_living","Assisted Living","TARRANT","8100 PRECINCT LINE RD.","COLLEYVILLE","TX","76034","(817) 500-5006","(817) 605-9457","106","","","","","","","","true","32.9004","-97.184","184.9","tx-hhsc-assisted-living","Texas HHSC Assisted Living Facilities","https://services1.arcgis.com/jI1j5lArZnrgFYSc/ArcGIS/rest/services/Assisted_Living/FeatureServer/0","Texas Health and Human Services Commission"
"tx-hhsc-assisted-living:105435","FREDISOLO ANNOINTED HOMES","105435","assisted_living","Assisted Living","DALLAS","1400 PARKWOOD TRAIL","MESQUITE","TX","75149","(214) 753-9396","(972) 222-9039","6","","","","","","","","true","32.7505","-96.574","184.9","tx-hhsc-assisted-living","Texas HHSC Assisted Living Facilities","https://services1.arcgis.com/jI1j5lArZnrgFYSc/ArcGIS/rest/services/Assisted_Living/FeatureServer/0","Texas Health and Human Services Commission"
"tx-hhsc-assisted-living:102752","MASONS PERSONAL CARE HOMES INC","102752","assisted_living","Assisted Living","DALLAS","1819 ARAPAHO TRAIL","MESQUITE","TX","75149","(972) 222-0414","(972) 222-0417","6","","","","","","","","true","32.7507","-96.5708","185","tx-hhsc-assisted-living","Texas HHSC Assisted Living Facilities","https://services1.arcgis.com/jI1j5lArZnrgFYSc/ArcGIS/rest/services/Assisted_Living/FeatureServer/0","Texas Health and Human Services Commission"
"tx-hhsc-assisted-living:105836","MEADOWOOD ASSISTED LIVING & MEMORY CARE AT THE VINEYARDS","105836","assisted_living","Assisted Living","TARRANT","4545 MERLOT AVE","GRAPEVINE","TX","76051","(817) 275-6100","","85","","","","","","","","true","32.8873","-97.096","185","tx-hhsc-assisted-living","Texas HHSC Assisted Living Facilities","https://services1.arcgis.com/jI1j5lArZnrgFYSc/ArcGIS/rest/services/Assisted_Living/FeatureServer/0","Texas Health and Human Services Commission"
"tx-hhsc-assisted-living:101506","ASSISTED LIVING COTTAGE INC","101506","assisted_living","Assisted Living","DALLAS","1106 SEASHELL DR","MESQUITE","TX","75149","(972) 329-6069","(972) 329-5175","6","","","","","","","","true","32.7539","-96.5737","185.1","tx-hhsc-assisted-living","Texas HHSC Assisted Living Facilities","https://services1.arcgis.com/jI1j5lArZnrgFYSc/ArcGIS/rest/services/Assisted_Living/FeatureServer/0","Texas Health and Human Services Commission"
"tx-hhsc-assisted-living:107184","MUSTANG CREEK ESTATES KELLER HOUSE C","107184","assisted_living","Assisted Living","TARRANT","675 RAPP ROAD","KELLER","TX","76248","(817) 337-8300","(972) 502-9985","15","","","","","","","","true","32.9127","-97.2398","185.2","tx-hhsc-assisted-living","Texas HHSC Assisted Living Facilities","https://services1.arcgis.com/jI1j5lArZnrgFYSc/ArcGIS/rest/services/Assisted_Living/FeatureServer/0","Texas Health and Human Services Commission"
"tx-hhsc-assisted-living:107185","MUSTANG CREEK ESTATES KELLER HOUSE D","107185","assisted_living","Assisted Living","TARRANT","675 RAPP ROAD","KELLER","TX","76248","(817) 337-8300","(972) 502-9985","15","","","","","","","","true","32.9127","-97.2398","185.2","tx-hhsc-assisted-living","Texas HHSC Assisted Living Facilities","https://services1.arcgis.com/jI1j5lArZnrgFYSc/ArcGIS/rest/services/Assisted_Living/FeatureServer/0","Texas Health and Human Services Commission"
"tx-hhsc-assisted-living:104908","MUSTANG CREEK ESTATES KELLER HOUSE E","104908","assisted_living","Assisted Living","TARRANT","675 RAPP ROAD BLDG E","KELLER","TX","76248","(214) 396-5828","(972) 502-9985","14","","","","","","","","true","32.9127","-97.2398","185.2","tx-hhsc-assisted-living","Texas HHSC Assisted Living Facilities","https://services1.arcgis.com/jI1j5lArZnrgFYSc/ArcGIS/rest/services/Assisted_Living/FeatureServer/0","Texas Health and Human Services Commission"
"tx-hhsc-assisted-living:105549","MUSTANG CREEK ESTATES KELLER HOUSE F","105549","assisted_living","Assisted Living","TARRANT","701 RAPP ROAD","KELLER","TX","76248","(214) 683-5111","(972) 623-2275","16","","","","","","","","true","32.9123","-97.2386","185.2","tx-hhsc-assisted-living","Texas HHSC Assisted Living Facilities","https://services1.arcgis.com/jI1j5lArZnrgFYSc/ArcGIS/rest/services/Assisted_Living/FeatureServer/0","Texas Health and Human Services Commission"
"tx-hhsc-assisted-living:105550","MUSTANG CREEK ESTATES KELLER HOUSE G","105550","assisted_living","Assisted Living","TARRANT","701 RAPP RD","KELLER","TX","76248","(214) 683-5111","(972) 623-2275","16","","","","","","","","true","32.9123","-97.2386","185.2","tx-hhsc-assisted-living","Texas HHSC Assisted Living Facilities","https://services1.arcgis.com/jI1j5lArZnrgFYSc/ArcGIS/rest/services/Assisted_Living/FeatureServer/0","Texas Health and Human Services Commission"
"tx-hhsc-assisted-living:104920","MUSTANG CREEK ESTATES KELLER HOUSES A&B","104920","assisted_living","Assisted Living","TARRANT","675 RAPP ROAD","KELLER","TX","76248","(214) 396-5828","(972) 502-9985","30","","","","","","","","true","32.9127","-97.2398","185.2","tx-hhsc-assisted-living","Texas HHSC Assisted Living Facilities","https://services1.arcgis.com/jI1j5lArZnrgFYSc/ArcGIS/rest/services/Assisted_Living/FeatureServer/0","Texas Health and Human Services Commission"
"tx-hhsc-assisted-living:110113","THE CASITAS AT LAS BRISAS","110113","assisted_living","Assisted Living","DALLAS","3421 W. STORY ROAD","IRVING","TX","75038","(832) 285-4798","(469) 212-1086","54","","","","","","","","true","32.8723","-96.9936","185.3","tx-hhsc-assisted-living","Texas HHSC Assisted Living Facilities","https://services1.arcgis.com/jI1j5lArZnrgFYSc/ArcGIS/rest/services/Assisted_Living/FeatureServer/0","Texas Health and Human Services Commission"
"tx-hhsc-assisted-living:106482","AVALON MEMORY CARE  KELLER","106482","assisted_living","Assisted Living","TARRANT","1137 RUFE SNOW DR","KELLER","TX","76248","(214) 752-7050","(214) 752-7054","25","","","","","","","","true","32.915","-97.2315","185.4","tx-hhsc-assisted-living","Texas HHSC Assisted Living Facilities","https://services1.arcgis.com/jI1j5lArZnrgFYSc/ArcGIS/rest/services/Assisted_Living/FeatureServer/0","Texas Health and Human Services Commission"
"tx-hhsc-assisted-living:106766","AVALON MEMORY CAREKELLER II","106766","assisted_living","Assisted Living","TARRANT","1137B RUFE SNOW DRIVE","KELLER","TX","76248","(214) 752-7050","(214) 752-7054","25","","","","","","","","true","32.915","-97.2315","185.4","tx-hhsc-assisted-living","Texas HHSC Assisted Living Facilities","https://services1.arcgis.com/jI1j5lArZnrgFYSc/ArcGIS/rest/services/Assisted_Living/FeatureServer/0","Texas Health and Human Services Commission"
"tx-hhsc-assisted-living:104008","NOTICE CARE HOMES","104008","assisted_living","Assisted Living","DALLAS","2724 DANIEL CREEK","MESQUITE","TX","75181","(972) 222-7388","(972) 222-2398","6","","","","","","","","true","32.7522","-96.5572","185.4","tx-hhsc-assisted-living","Texas HHSC Assisted Living Facilities","https://services1.arcgis.com/jI1j5lArZnrgFYSc/ArcGIS/rest/services/Assisted_Living/FeatureServer/0","Texas Health and Human Services Commission"
"tx-hhsc-assisted-living:110641","WINDSTAR RESIDENTIAL CARE","110641","assisted_living","Assisted Living","DALLAS","1815 GRAND CAYMAN WAY","MESQUITE","TX","75149","(214) 868-3757","(972) 222-9815","7","","","","","","","","true","32.7579","-96.5736","185.4","tx-hhsc-assisted-living","Texas HHSC Assisted Living Facilities","https://services1.arcgis.com/jI1j5lArZnrgFYSc/ArcGIS/rest/services/Assisted_Living/FeatureServer/0","Texas Health and Human Services Commission"
"tx-hhsc-assisted-living:030384","ATRIA GRAPEVINE","030384","assisted_living","Assisted Living","TARRANT","3975 WILLIAM D TATE AVE","GRAPEVINE","TX","76051","(817) 416-8907","(817) 421-9792","110","","","","","","","","true","32.8949","-97.0976","185.5","tx-hhsc-assisted-living","Texas HHSC Assisted Living Facilities","https://services1.arcgis.com/jI1j5lArZnrgFYSc/ArcGIS/rest/services/Assisted_Living/FeatureServer/0","Texas Health and Human Services Commission"
"tx-hhsc-assisted-living:105190","CENTRE FOR NEURO SKILLS","105190","assisted_living","Assisted Living","DALLAS","3841-3847 PORTLAND STREET 3841, 3843, 3845, 3847","IRVING","TX","75038","972 580 8500","972 255 3162","16","","","","","","","","true","32.8723","-96.9793","185.5","tx-hhsc-assisted-living","Texas HHSC Assisted Living Facilities","https://services1.arcgis.com/jI1j5lArZnrgFYSc/ArcGIS/rest/services/Assisted_Living/FeatureServer/0","Texas Health and Human Services Commission"
"tx-hhsc-assisted-living:050648","CAMBRIDGE COURT ASSISTED LIVING & MEMORY CARE","050648","assisted_living","Assisted Living","DALLAS","711 MATADOR LN","MESQUITE","TX","75149","(972) 285-9800","(972) 285-9134","135","","","","","","","","true","32.7731","-96.6098","185.6","tx-hhsc-assisted-living","Texas HHSC Assisted Living Facilities","https://services1.arcgis.com/jI1j5lArZnrgFYSc/ArcGIS/rest/services/Assisted_Living/FeatureServer/0","Texas Health and Human Services Commission"
"tx-hhsc-assisted-living:030244","WHITLEY PLACE","030244","assisted_living","Assisted Living","TARRANT","800 WHITLEY ROAD","KELLER","TX","76248","(817) 379-0795","(817) 337-1032","65","","","","","","","","true","32.9214","-97.2527","185.6","tx-hhsc-assisted-living","Texas HHSC Assisted Living Facilities","https://services1.arcgis.com/jI1j5lArZnrgFYSc/ArcGIS/rest/services/Assisted_Living/FeatureServer/0","Texas Health and Human Services Commission"
"tx-hhsc-assisted-living:050086","HIDDEN OAKS ASSISTED LIVING LLC","050086","assisted_living","Assisted Living","TARRANT","765 BANDIT TRAIL","KELLER","TX","76248","(817) 479-7021","(817) 479-6609","14","","","","","","","","true","32.9123","-97.1863","185.7","tx-hhsc-assisted-living","Texas HHSC Assisted Living Facilities","https://services1.arcgis.com/jI1j5lArZnrgFYSc/ArcGIS/rest/services/Assisted_Living/FeatureServer/0","Texas Health and Human Services Commission"
"tx-hhsc-assisted-living:101440","SOPHYAS ASSISTED LIVING, LLC","101440","assisted_living","Assisted Living","DALLAS","2621 BEEMAN DR","MESQUITE","TX","75181","972 3330943","214 3066527","8","","","","","","","","true","32.7581","-96.5587","185.7","tx-hhsc-assisted-living","Texas HHSC Assisted Living Facilities","https://services1.arcgis.com/jI1j5lArZnrgFYSc/ArcGIS/rest/services/Assisted_Living/FeatureServer/0","Texas Health and Human Services Commission"
"tx-hhsc-assisted-living:110321","HILLSIDE ASSISTED LIVING","110321","assisted_living","Assisted Living","TARRANT","553 BIG BEND DRIVE","KELLER","TX","76248","(682) 593-0725","","10","","","","","","","","true","32.9235","-97.2494","185.8","tx-hhsc-assisted-living","Texas HHSC Assisted Living Facilities","https://services1.arcgis.com/jI1j5lArZnrgFYSc/ArcGIS/rest/services/Assisted_Living/FeatureServer/0","Texas Health and Human Services Commission"
"tx-hhsc-assisted-living:000539","MONTICELLO WEST","000539","assisted_living","Assisted Living","DALLAS","5114 MCKINNEY AVE","DALLAS","TX","75205","(214) 528-0660","(214) 520-2511","159","","","","","","","","true","32.8292","-96.7832","185.8","tx-hhsc-assisted-living","Texas HHSC Assisted Living Facilities","https://services1.arcgis.com/jI1j5lArZnrgFYSc/ArcGIS/rest/services/Assisted_Living/FeatureServer/0","Texas Health and Human Services Commission"
"tx-hhsc-assisted-living:101423","FAIRYS LANDING RESIDENTIAL PERSONAL CARE CENTER","101423","assisted_living","Assisted Living","LIBERTY","4837 FM 770 N","HULL","TX","77564","(936) 536-1651","(936) 536-1792","10","","","","","","","","true","30.1894","-94.6304","185.9","tx-hhsc-assisted-living","Texas HHSC Assisted Living Facilities","https://services1.arcgis.com/jI1j5lArZnrgFYSc/ArcGIS/rest/services/Assisted_Living/FeatureServer/0","Texas Health and Human Services Commission"
"tx-hhsc-assisted-living:104742","DANCING RIVER ASSISTED LIVING","104742","assisted_living","Assisted Living","TARRANT","3735 IRA E WOODS AVENUE","GRAPEVINE","TX","76051","(008) 174-4205","(817) 488-9752","106","","","","","","","","true","32.9142","-97.1272","186.4","tx-hhsc-assisted-living","Texas HHSC Assisted Living Facilities","https://services1.arcgis.com/jI1j5lArZnrgFYSc/ArcGIS/rest/services/Assisted_Living/FeatureServer/0","Texas Health and Human Services Commission"
"tx-hhsc-assisted-living:105514","THREE FORKS SENIOR LIVING OF FORNEY","105514","assisted_living","Assisted Living","KAUFMAN","335 FM 548","FORNEY","TX","75126","(972) 552-3426","","92","","","","","","","","true","32.7327","-96.4566","186.4","tx-hhsc-assisted-living","Texas HHSC Assisted Living Facilities","https://services1.arcgis.com/jI1j5lArZnrgFYSc/ArcGIS/rest/services/Assisted_Living/FeatureServer/0","Texas Health and Human Services Commission"
"tx-hhsc-assisted-living:105773","PREMIER HOME LIVING","105773","assisted_living","Assisted Living","DALLAS","8014 INWOOD RD","DALLAS","TX","75209","(214) 351-1900","(214) 351-1900","8","","","","","","","","true","32.8527","-96.8208","186.7","tx-hhsc-assisted-living","Texas HHSC Assisted Living Facilities","https://services1.arcgis.com/jI1j5lArZnrgFYSc/ArcGIS/rest/services/Assisted_Living/FeatureServer/0","Texas Health and Human Services Commission"
"tx-hhsc-assisted-living:105555","TRUEWOOD BY MERRILL, KELLER","105555","assisted_living","Assisted Living","TARRANT","200 KELLER SMITHFIELD ROAD SOUTH","KELLER","TX","76248","(817) 993-0757","(817) 993-0748","90","","","","","","","","true","32.9328","-97.2198","186.7","tx-hhsc-assisted-living","Texas HHSC Assisted Living Facilities","https://services1.arcgis.com/jI1j5lArZnrgFYSc/ArcGIS/rest/services/Assisted_Living/FeatureServer/0","Texas Health and Human Services Commission"
"tx-hhsc-assisted-living:105649","DISCOVERY VILLAGE AT SOUTHLAKE","105649","assisted_living","Assisted Living","TARRANT","201 WATERMERE DRIVE","SOUTHLAKE","TX","76092","(817) 482-1340","(817) 431-1314","83","","","","","","","","true","32.9323","-97.1947","186.9","tx-hhsc-assisted-living","Texas HHSC Assisted Living Facilities","https://services1.arcgis.com/jI1j5lArZnrgFYSc/ArcGIS/rest/services/Assisted_Living/FeatureServer/0","Texas Health and Human Services Commission"
"tx-hhsc-assisted-living:030155","PARSONS HOUSE PRESTON HOLLOW LP","030155","assisted_living","Assisted Living","DALLAS","4205 W NW HWY","DALLAS","TX","75220","(214) 357-7900","(214) 357-8677","16","","","","","","","","true","32.8664","-96.8663","186.9","tx-hhsc-assisted-living","Texas HHSC Assisted Living Facilities","https://services1.arcgis.com/jI1j5lArZnrgFYSc/ArcGIS/rest/services/Assisted_Living/FeatureServer/0","Texas Health and Human Services Commission"
"tx-hhsc-assisted-living:030156","PARSONS HOUSE PRESTON HOLLOW LP","030156","assisted_living","Assisted Living","DALLAS","4205 W NW HWY","DALLAS","TX","75220","(214) 357-7900","(214) 357-8677","51","","","","","","","","true","32.8664","-96.8663","186.9","tx-hhsc-assisted-living","Texas HHSC Assisted Living Facilities","https://services1.arcgis.com/jI1j5lArZnrgFYSc/ArcGIS/rest/services/Assisted_Living/FeatureServer/0","Texas Health and Human Services Commission"
"tx-hhsc-assisted-living:103303","DISCOVERY VILLAGE AT SOUTHLAKE","103303","assisted_living","Assisted Living","TARRANT","101 WATERMERE DR.","SOUTHLAKE","TX","76092","(817) 748-4000","(817) 748-4001","120","","","","","","","","true","32.9333","-97.1947","187","tx-hhsc-assisted-living","Texas HHSC Assisted Living Facilities","https://services1.arcgis.com/jI1j5lArZnrgFYSc/ArcGIS/rest/services/Assisted_Living/FeatureServer/0","Texas Health and Human Services Commission"
"tx-hhsc-assisted-living:101961","GRAND BROOK MEMORY CARE OF GRAPEVINE","101961","assisted_living","Assisted Living","TARRANT","2501 HERITAGE AVENUE","GRAPEVINE","TX","76051","(817) 329-8500","(817) 329-8501","48","","","","","","","","true","32.9186","-97.1036","187","tx-hhsc-assisted-living","Texas HHSC Assisted Living Facilities","https://services1.arcgis.com/jI1j5lArZnrgFYSc/ArcGIS/rest/services/Assisted_Living/FeatureServer/0","Texas Health and Human Services Commission"
"tx-hhsc-assisted-living:106937","LONG CREEK ASSISTED LIVING AND MEMORY CARE","106937","assisted_living","Assisted Living","DALLAS","301 TC LUPTON BLVD","SUNNYVALE","TX","75182","(469) 563-7899","(469) 563-7899","84","","","","","","","","true","32.7829","-96.5719","187","tx-hhsc-assisted-living","Texas HHSC Assisted Living Facilities","https://services1.arcgis.com/jI1j5lArZnrgFYSc/ArcGIS/rest/services/Assisted_Living/FeatureServer/0","Texas Health and Human Services Commission"
"tx-hhsc-assisted-living:104948","THE TRINITY ASSISTED LIVING OF JACKSONVILLE","104948","assisted_living","Assisted Living","CHEROKEE","131 ZIMMERMAN ST","JACKSONVILLE","TX","75766","(903) 284-6135","(903) 284-6123","16","","","","","","","","true","31.9584","-95.2739","187","tx-hhsc-assisted-living","Texas HHSC Assisted Living Facilities","https://services1.arcgis.com/jI1j5lArZnrgFYSc/ArcGIS/rest/services/Assisted_Living/FeatureServer/0","Texas Health and Human Services Commission"
"tx-hhsc-assisted-living:000651","AUTUMN LEAVES PERSONAL CARE UNIT","000651","assisted_living","Assisted Living","DALLAS","1010 EMERALD ISLE DR","DALLAS","TX","75218","(214) 328-4161","(214) 319-9184","58","","","","","","","","true","32.8279","-96.71","187.1","tx-hhsc-assisted-living","Texas HHSC Assisted Living Facilities","https://services1.arcgis.com/jI1j5lArZnrgFYSc/ArcGIS/rest/services/Assisted_Living/FeatureServer/0","Texas Health and Human Services Commission"
"tx-hhsc-assisted-living:030102","LYNDALE AT ABILENE","030102","assisted_living","Assisted Living","TAYLOR","6565 CENTRAL PARK BLVD.","ABILENE","TX","79606","(325) 603-2726","(325) 690-9210","120","","","","","","","","true","32.3696","-99.7485","187.4","tx-hhsc-assisted-living","Texas HHSC Assisted Living Facilities","https://services1.arcgis.com/jI1j5lArZnrgFYSc/ArcGIS/rest/services/Assisted_Living/FeatureServer/0","Texas Health and Human Services Commission"
"tx-hhsc-assisted-living:107074","THE PRESTON OF THE PARK CITIES","107074","assisted_living","Assisted Living","DALLAS","5917 SHERRY LN","DALLAS","TX","75225","(469) 904-1394","(469) 904-1395","179","","","","","","","","true","32.8627","-96.8112","187.5","tx-hhsc-assisted-living","Texas HHSC Assisted Living Facilities","https://services1.arcgis.com/jI1j5lArZnrgFYSc/ArcGIS/rest/services/Assisted_Living/FeatureServer/0","Texas Health and Human Services Commission"
"tx-hhsc-assisted-living:106147","THE TRADITIONLOVERS LANE ASSISTED LIVING AND MEMORY CARE","106147","assisted_living","Assisted Living","DALLAS","5855 MILTON AVENUE","DALLAS","TX","75206","(214) 361-2219","(314) 361-2283","130","","","","","","","","true","32.8493","-96.7659","187.5","tx-hhsc-assisted-living","Texas HHSC Assisted Living Facilities","https://services1.arcgis.com/jI1j5lArZnrgFYSc/ArcGIS/rest/services/Assisted_Living/FeatureServer/0","Texas Health and Human Services Commission"
"tx-hhsc-assisted-living:105045","MANCHESTER TRANQUILLA LLC","105045","assisted_living","Assisted Living","DALLAS","1438 TRANQUILLA","DALLAS","TX","75218","(214) 660-7969","(214) 660-8795","8","","","","","","","","true","32.8315","-96.6945","187.6","tx-hhsc-assisted-living","Texas HHSC Assisted Living Facilities","https://services1.arcgis.com/jI1j5lArZnrgFYSc/ArcGIS/rest/services/Assisted_Living/FeatureServer/0","Texas Health and Human Services Commission"
"tx-hhsc-assisted-living:104943","THE ARBOR WOODS LLC","104943","assisted_living","Assisted Living","DALLAS","5105 CREIGHTON DRIVE","DALLAS","TX","75214","(469) 558-2080","(469) 604-2750","8","","","","","","","","true","32.8496","-96.7606","187.6","tx-hhsc-assisted-living","Texas HHSC Assisted Living Facilities","https://services1.arcgis.com/jI1j5lArZnrgFYSc/ArcGIS/rest/services/Assisted_Living/FeatureServer/0","Texas Health and Human Services Commission"
"tx-hhsc-assisted-living:000485","BRADFIELD PLACE","000485","assisted_living","Assisted Living","DALLAS","3700 OATES DR","MESQUITE","TX","75150","(972) 613-8632","(972) 613-0905","58","","","","","","","","true","32.8213","-96.6552","187.7","tx-hhsc-assisted-living","Texas HHSC Assisted Living Facilities","https://services1.arcgis.com/jI1j5lArZnrgFYSc/ArcGIS/rest/services/Assisted_Living/FeatureServer/0","Texas Health and Human Services Commission"
"tx-hhsc-assisted-living:102002","WESLEY COURT ASSISTED LIVING CENTER","102002","assisted_living","Assisted Living","TAYLOR","2617 ANTILLEY ROAD","ABILENE","TX","79606","(325) 437-1184","(325) 437-1185","29","","","","","","","","true","32.3724","-99.7527","187.7","tx-hhsc-assisted-living","Texas HHSC Assisted Living Facilities","https://services1.arcgis.com/jI1j5lArZnrgFYSc/ArcGIS/rest/services/Assisted_Living/FeatureServer/0","Texas Health and Human Services Commission"
"tx-hhsc-assisted-living:102680","TRANSITIONAL LEARNING CENTER AT GALVESTON  TIDEWAY SOUTH","102680","assisted_living","Assisted Living","GALVESTON","6444 CENTRAL CITY BLVD","GALVESTON","TX","77551","(409) 741-3266","(409) 741-1523","16","","","","","","","","true","29.2665","-94.8321","187.8","tx-hhsc-assisted-living","Texas HHSC Assisted Living Facilities","https://services1.arcgis.com/jI1j5lArZnrgFYSc/ArcGIS/rest/services/Assisted_Living/FeatureServer/0","Texas Health and Human Services Commission"
"tx-hhsc-assisted-living:101922","TRANSITIONAL LEARNING CENTER AT GALVESTON TIDEWAY","101922","assisted_living","Assisted Living","GALVESTON","6444 CENTRAL CITY BLVD","GALVESTON","TX","77551","(409) 741-3266","(409) 741-1523","16","","","","","","","","true","29.2665","-94.8321","187.8","tx-hhsc-assisted-living","Texas HHSC Assisted Living Facilities","https://services1.arcgis.com/jI1j5lArZnrgFYSc/ArcGIS/rest/services/Assisted_Living/FeatureServer/0","Texas Health and Human Services Commission"
"tx-hhsc-assisted-living:105993","SAGE OAK ASSISTED LIVING OF LAKEWOOD","105993","assisted_living","Assisted Living","DALLAS","7260 E. MOCKINGBIRD LN","DALLAS","TX","75214","(972) 803-5531","(888) 316-9124","8","","","","","","","","true","32.8478","-96.7345","187.9","tx-hhsc-assisted-living","Texas HHSC Assisted Living Facilities","https://services1.arcgis.com/jI1j5lArZnrgFYSc/ArcGIS/rest/services/Assisted_Living/FeatureServer/0","Texas Health and Human Services Commission"
"tx-hhsc-assisted-living:106142","TENDER LOVING CARE ASSISTED LIVING HOME","106142","assisted_living","Assisted Living","TARRANT","1113 HILLSIDE DRIVE","KELLER","TX","76248","(214) 524-3667","","6","","","","","","","","true","32.9526","-97.2349","187.9","tx-hhsc-assisted-living","Texas HHSC Assisted Living Facilities","https://services1.arcgis.com/jI1j5lArZnrgFYSc/ArcGIS/rest/services/Assisted_Living/FeatureServer/0","Texas Health and Human Services Commission"
"tx-hhsc-assisted-living:110385","BEEHIVE HOMES OF ABILENE","110385","assisted_living","Assisted Living","TAYLOR","5301 MEMORIAL DRIVE","ABILENE","TX","79606","(505) 480-1445","(505) 821-1834","16","","","","","","","","true","32.3844","-99.7478","188.1","tx-hhsc-assisted-living","Texas HHSC Assisted Living Facilities","https://services1.arcgis.com/jI1j5lArZnrgFYSc/ArcGIS/rest/services/Assisted_Living/FeatureServer/0","Texas Health and Human Services Commission"
"tx-hhsc-assisted-living:101023","THE PLAZA AT EDGEMERE ASSISTED LIVING","101023","assisted_living","Assisted Living","DALLAS","8502 EDGEMERE","DALLAS","TX","75225","(214) 615-7045","(214) 615-7046","129","","","","","","","","true","32.8665","-96.7951","188.1","tx-hhsc-assisted-living","Texas HHSC Assisted Living Facilities","https://services1.arcgis.com/jI1j5lArZnrgFYSc/ArcGIS/rest/services/Assisted_Living/FeatureServer/0","Texas Health and Human Services Commission"
"tx-hhsc-assisted-living:030302","CARUTH HAVEN COURT","030302","assisted_living","Assisted Living","DALLAS","5585 CARUTH HAVEN LN","DALLAS","TX","75225","(214) 368-8545","(214) 368-8998","95","","","","","","","","true","32.8615","-96.7713","188.2","tx-hhsc-assisted-living","Texas HHSC Assisted Living Facilities","https://services1.arcgis.com/jI1j5lArZnrgFYSc/ArcGIS/rest/services/Assisted_Living/FeatureServer/0","Texas Health and Human Services Commission"
"tx-hhsc-assisted-living:110263","VENTANA BY BUCKNER","110263","assisted_living","Assisted Living","DALLAS","8301 N CENTRAL EXPRESSWAY","DALLAS","TX","75225","(214) 953-7597","(214) 758-8153","68","","","","","","","","true","32.8616","-96.7709","188.2","tx-hhsc-assisted-living","Texas HHSC Assisted Living Facilities","https://services1.arcgis.com/jI1j5lArZnrgFYSc/ArcGIS/rest/services/Assisted_Living/FeatureServer/0","Texas Health and Human Services Commission"
"tx-hhsc-assisted-living:000990","ANGELINA HOUSE","000990","assisted_living","Assisted Living","CHEROKEE","211 PHILLIP STREET","JACKSONVILLE","TX","75766","(903) 589-1105","(903) 586-4811","48","","","","","","","","true","31.9627","-95.2494","188.4","tx-hhsc-assisted-living","Texas HHSC Assisted Living Facilities","https://services1.arcgis.com/jI1j5lArZnrgFYSc/ArcGIS/rest/services/Assisted_Living/FeatureServer/0","Texas Health and Human Services Commission"
"tx-hhsc-assisted-living:100042","C C YOUNG MEMORIAL HOME","100042","assisted_living","Assisted Living","DALLAS","4847 WEST LAWTHER DR STE 100","DALLAS","TX","75214","(214) 827-8080","(214) 841-2890","328","","","","","","","","true","32.8543","-96.7307","188.4","tx-hhsc-assisted-living","Texas HHSC Assisted Living Facilities","https://services1.arcgis.com/jI1j5lArZnrgFYSc/ArcGIS/rest/services/Assisted_Living/FeatureServer/0","Texas Health and Human Services Commission"
"tx-hhsc-assisted-living:110489","C C YOUNG MEMORIAL HOME","110489","assisted_living","Assisted Living","DALLAS","4849 W. LAWTHER DR.","DALLAS","TX","75214","(214) 827-8080","(214) 841-2910","55","","","","","","","","true","32.8544","-96.7307","188.4","tx-hhsc-assisted-living","Texas HHSC Assisted Living Facilities","https://services1.arcgis.com/jI1j5lArZnrgFYSc/ArcGIS/rest/services/Assisted_Living/FeatureServer/0","Texas Health and Human Services Commission"
"tx-hhsc-assisted-living:105957","MACARTHUR HILLS","105957","assisted_living","Assisted Living","DALLAS","1295 KINWEST PARKWAY","IRVING","TX","75063","(469) 251-4349","","130","","","","","","","","true","32.9123","-96.9636","188.4","tx-hhsc-assisted-living","Texas HHSC Assisted Living Facilities","https://services1.arcgis.com/jI1j5lArZnrgFYSc/ArcGIS/rest/services/Assisted_Living/FeatureServer/0","Texas Health and Human Services Commission"
"tx-hhsc-assisted-living:105907","MEADOWVIEW HOUSE","105907","assisted_living","Assisted Living","TARRANT","2000 MEADOWVIEW DRIVE","KELLER","TX","76262","(214) 222-2369","(469) 385-8866","8","","","","","","","","true","32.9581","-97.2025","188.6","tx-hhsc-assisted-living","Texas HHSC Assisted Living Facilities","https://services1.arcgis.com/jI1j5lArZnrgFYSc/ArcGIS/rest/services/Assisted_Living/FeatureServer/0","Texas Health and Human Services Commission"
"tx-hhsc-assisted-living:105902","SILVERADO  SOUTHLAKE","105902","assisted_living","Assisted Living","TARRANT","2001 E. KIRKWOOD BLVD.","SOUTHLAKE","TX","76092","(817) 756-8600","(817) 886-2620","91","","","","","","","","true","32.9495","-97.1195","188.9","tx-hhsc-assisted-living","Texas HHSC Assisted Living Facilities","https://services1.arcgis.com/jI1j5lArZnrgFYSc/ArcGIS/rest/services/Assisted_Living/FeatureServer/0","Texas Health and Human Services Commission"
"tx-hhsc-assisted-living:106500","ASSISTED LIVING & MEMORY CARE AT ROYAL GARDENS","106500","assisted_living","Assisted Living","DALLAS","3808 ROYAL LANE","DALLAS","TX","75229","(469) 779-7778","(972) 620-2259","8","","","","","","","","true","32.8947","-96.8498","189","tx-hhsc-assisted-living","Texas HHSC Assisted Living Facilities","https://services1.arcgis.com/jI1j5lArZnrgFYSc/ArcGIS/rest/services/Assisted_Living/FeatureServer/0","Texas Health and Human Services Commission"
"tx-hhsc-assisted-living:000772","THE FORUM AT PARK LANE","000772","assisted_living","Assisted Living","DALLAS","7831 PARK LANE","DALLAS","TX","75225","214 3699905","214 3681760","65","","","","","","","","true","32.8741","-96.7727","189","tx-hhsc-assisted-living","Texas HHSC Assisted Living Facilities","https://services1.arcgis.com/jI1j5lArZnrgFYSc/ArcGIS/rest/services/Assisted_Living/FeatureServer/0","Texas Health and Human Services Commission"
"tx-hhsc-assisted-living:030211","AVENDELLE ASSISTED LIVING ROYAL","030211","assisted_living","Assisted Living","DALLAS","3925 ROYAL LN","DALLAS","TX","75229","(214) 654-0483","(214) 350-3862","8","","","","","","","","true","32.8954","-96.8455","189.1","tx-hhsc-assisted-living","Texas HHSC Assisted Living Facilities","https://services1.arcgis.com/jI1j5lArZnrgFYSc/ArcGIS/rest/services/Assisted_Living/FeatureServer/0","Texas Health and Human Services Commission"
"tx-hhsc-assisted-living:106942","HARBORCHASE OF SOUTHLAKE","106942","assisted_living","Assisted Living","TARRANT","700 E. STATE HIGHWAY 114","SOUTHLAKE","TX","76092","(682) 305-7022","(682) 305-7033","148","","","","","","","","true","32.9575","-97.1394","189.2","tx-hhsc-assisted-living","Texas HHSC Assisted Living Facilities","https://services1.arcgis.com/jI1j5lArZnrgFYSc/ArcGIS/rest/services/Assisted_Living/FeatureServer/0","Texas Health and Human Services Commission"
"tx-hhsc-assisted-living:107196","THE MERIDIAN","107196","assisted_living","Assisted Living","GALVESTON","2228 SEAVALL BOULEVARD","GALVESTON","TX","77550","(409) 763-6437","","14","","","","","","","","true","29.2987","-94.7927","189.2","tx-hhsc-assisted-living","Texas HHSC Assisted Living Facilities","https://services1.arcgis.com/jI1j5lArZnrgFYSc/ArcGIS/rest/services/Assisted_Living/FeatureServer/0","Texas Health and Human Services Commission"
"tx-hhsc-assisted-living:107155","SAGE OAK HOLDINGS IV, LLC","107155","assisted_living","Assisted Living","DALLAS","7129 ABERDEEN","DALLAS","TX","75230","(469) 466-9735","(1888) 316-9124","8","","","","","","","","true","32.8819","-96.7815","189.3","tx-hhsc-assisted-living","Texas HHSC Assisted Living Facilities","https://services1.arcgis.com/jI1j5lArZnrgFYSc/ArcGIS/rest/services/Assisted_Living/FeatureServer/0","Texas Health and Human Services Commission"
"tx-hhsc-assisted-living:107257","LYNDALE ABILENE MEMORY CARE","107257","assisted_living","Assisted Living","TAYLOR","6568 PARK CENTRAL BLVD","ABILENE","TX","79606","(325) 603-2726","(325) 690-9210","64","","","","","","","","true","32.3807","-99.7856","189.4","tx-hhsc-assisted-living","Texas HHSC Assisted Living Facilities","https://services1.arcgis.com/jI1j5lArZnrgFYSc/ArcGIS/rest/services/Assisted_Living/FeatureServer/0","Texas Health and Human Services Commission"
"tx-hhsc-assisted-living:101548","TRANSITIONAL LEARNING CENTER AT GALVESTON","101548","assisted_living","Assisted Living","GALVESTON","1527 MARKET ST","GALVESTON","TX","77550","(409) 762-6661","(409) 762-9961","16","","","","","","","","true","29.3076","-94.785","189.4","tx-hhsc-assisted-living","Texas HHSC Assisted Living Facilities","https://services1.arcgis.com/jI1j5lArZnrgFYSc/ArcGIS/rest/services/Assisted_Living/FeatureServer/0","Texas Health and Human Services Commission"
"tx-hhsc-assisted-living:000551","TRANSITIONAL LEARNING CENTER AT GALVESTON","000551","assisted_living","Assisted Living","GALVESTON","1528 POSTOFFICE ST","GALVESTON","TX","77550","(409) 762-6661","(409) 762-9961","24","","","","","","","","true","29.3073","-94.785","189.4","tx-hhsc-assisted-living","Texas HHSC Assisted Living Facilities","https://services1.arcgis.com/jI1j5lArZnrgFYSc/ArcGIS/rest/services/Assisted_Living/FeatureServer/0","Texas Health and Human Services Commission"
"tx-hhsc-assisted-living:000700","CHRISTIAN CARE CENTER BENTLEY PERSONAL CARE UNIT","000700","assisted_living","Assisted Living","DALLAS","1010 WIGGINS PARKWAY","MESQUITE","TX","75150","(972) 686-3000","(972) 698-2630","69","","","","","","","","true","32.8351","-96.6136","189.5","tx-hhsc-assisted-living","Texas HHSC Assisted Living Facilities","https://services1.arcgis.com/jI1j5lArZnrgFYSc/ArcGIS/rest/services/Assisted_Living/FeatureServer/0","Texas Health and Human Services Commission"
"tx-hhsc-assisted-living:100885","THE COURTYARD AT CHRISTIAN CARE CENTER","100885","assisted_living","Assisted Living","DALLAS","950 WIGGINS PARKWAY","MESQUITE","TX","75150","(972) 698-2626","(972) 698-2630","44","","","","","","","","true","32.8353","-96.6131","189.5","tx-hhsc-assisted-living","Texas HHSC Assisted Living Facilities","https://services1.arcgis.com/jI1j5lArZnrgFYSc/ArcGIS/rest/services/Assisted_Living/FeatureServer/0","Texas Health and Human Services Commission"
"tx-hhsc-assisted-living:030065","AVALON MEMORY CARE  GLENDORA","030065","assisted_living","Assisted Living","DALLAS","7315 GLENDORA AVE","DALLAS","TX","75230","(214) 373-8617","(214) 373-8617","8","","","","","","","","true","32.8856","-96.7771","189.6","tx-hhsc-assisted-living","Texas HHSC Assisted Living Facilities","https://services1.arcgis.com/jI1j5lArZnrgFYSc/ArcGIS/rest/services/Assisted_Living/FeatureServer/0","Texas Health and Human Services Commission"
"tx-hhsc-assisted-living:101218","AVENDELLE ASSISTED LIVING MERRIMAN","101218","assisted_living","Assisted Living","DALLAS","7125 MERRIMAN PKWY","DALLAS","TX","75231","(214) 553-9965","(214) 272-3338","8","","","","","","","","true","32.8756","-96.7411","189.6","tx-hhsc-assisted-living","Texas HHSC Assisted Living Facilities","https://services1.arcgis.com/jI1j5lArZnrgFYSc/ArcGIS/rest/services/Assisted_Living/FeatureServer/0","Texas Health and Human Services Commission"
"tx-hhsc-assisted-living:030214","CONCORD ON BROADWAY","030214","assisted_living","Assisted Living","GALVESTON","1601 BROADWAY","GALVESTON","TX","77550","(409) 789-7611","(409) 770-0512","14","","","","","","","","true","29.3018","-94.7841","189.6","tx-hhsc-assisted-living","Texas HHSC Assisted Living Facilities","https://services1.arcgis.com/jI1j5lArZnrgFYSc/ArcGIS/rest/services/Assisted_Living/FeatureServer/0","Texas Health and Human Services Commission"
"tx-hhsc-assisted-living:105125","SAGE OAK ASSISTED LIVING AT NORWAY PLACE","105125","assisted_living","Assisted Living","DALLAS","6906 NORWAY PLACE","DALLAS","TX","75230","(214) 954-7499","(888) 316-9124","8","","","","","","","","true","32.888","-96.7865","189.6","tx-hhsc-assisted-living","Texas HHSC Assisted Living Facilities","https://services1.arcgis.com/jI1j5lArZnrgFYSc/ArcGIS/rest/services/Assisted_Living/FeatureServer/0","Texas Health and Human Services Commission"
"tx-hhsc-assisted-living:000391","AVENDELLE ASSISTED LIVING MEADOW","000391","assisted_living","Assisted Living","DALLAS","7123 MEADOW RD","DALLAS","TX","75230","(214) 346-9901","(214) 346-0824","8","","","","","","","","true","32.8875","-96.7818","189.7","tx-hhsc-assisted-living","Texas HHSC Assisted Living Facilities","https://services1.arcgis.com/jI1j5lArZnrgFYSc/ArcGIS/rest/services/Assisted_Living/FeatureServer/0","Texas Health and Human Services Commission"
"tx-hhsc-assisted-living:010356","BROOKDALE WHITE ROCK","010356","assisted_living","Assisted Living","DALLAS","9271 WHITE ROCK TRL","DALLAS","TX","75238","(615) 221-2250","(615) 221-2280","56","","","","","","","","true","32.8729","-96.7296","189.7","tx-hhsc-assisted-living","Texas HHSC Assisted Living Facilities","https://services1.arcgis.com/jI1j5lArZnrgFYSc/ArcGIS/rest/services/Assisted_Living/FeatureServer/0","Texas Health and Human Services Commission"
"tx-hhsc-assisted-living:110417","CP JACKSONVILLE TX LLC","110417","assisted_living","Assisted Living","CHEROKEE","2120 E. RUSK STREET","JACKSONVILLE","TX","75766","(903) 284-6400","(903) 284-6635","30","","","","","","","","true","31.9703","-95.2283","189.7","tx-hhsc-assisted-living","Texas HHSC Assisted Living Facilities","https://services1.arcgis.com/jI1j5lArZnrgFYSc/ArcGIS/rest/services/Assisted_Living/FeatureServer/0","Texas Health and Human Services Commission"
"tx-hhsc-assisted-living:050139","JACKSONS PLACE","050139","assisted_living","Assisted Living","DALLAS","7615 MEADOW RD","DALLAS","TX","75230","(214) 295-4632","(972) 248-8995","8","","","","","","","","true","32.8866","-96.7759","189.7","tx-hhsc-assisted-living","Texas HHSC Assisted Living Facilities","https://services1.arcgis.com/jI1j5lArZnrgFYSc/ArcGIS/rest/services/Assisted_Living/FeatureServer/0","Texas Health and Human Services Commission"
"tx-hhsc-assisted-living:030401","THE GROVE ON FOREST LANE","030401","assisted_living","Assisted Living","DALLAS","3344 FOREST LANE","DALLAS","TX","75234","(972) 247-2266","(972) 620-0514","108","","","","","","","","true","32.9088","-96.8666","189.7","tx-hhsc-assisted-living","Texas HHSC Assisted Living Facilities","https://services1.arcgis.com/jI1j5lArZnrgFYSc/ArcGIS/rest/services/Assisted_Living/FeatureServer/0","Texas Health and Human Services Commission"
"tx-hhsc-assisted-living:104469","VILLAGES OF LAKE HIGHLANDS ASSISTED LIVING","104469","assisted_living","Assisted Living","DALLAS","8615 LULLWATER DR","DALLAS","TX","75238","(214) 221-0444","(214) 221-1568","23","","","","","","","","true","32.8663","-96.7052","189.7","tx-hhsc-assisted-living","Texas HHSC Assisted Living Facilities","https://services1.arcgis.com/jI1j5lArZnrgFYSc/ArcGIS/rest/services/Assisted_Living/FeatureServer/0","Texas Health and Human Services Commission"
"tx-hhsc-assisted-living:030108","MORADA ABILENE","030108","assisted_living","Assisted Living","TAYLOR","3234 BUFFALO GAP RD.","ABILENE","TX","79605","325 7931144","(325) 793-1422","55","","","","","","","","true","32.4106","-99.7546","189.8","tx-hhsc-assisted-living","Texas HHSC Assisted Living Facilities","https://services1.arcgis.com/jI1j5lArZnrgFYSc/ArcGIS/rest/services/Assisted_Living/FeatureServer/0","Texas Health and Human Services Commission"
"tx-hhsc-assisted-living:101009","TERRELL SCAL LLC DBA COLONIAL LODGE ASSISTED LIVING TERRELL","101009","assisted_living","Assisted Living","KAUFMAN","202 WEST BRITISH FLYING SCHOOL BLVD","TERRELL","TX","75160","(009) 725-6310","(972) 563-1043","80","","","","","","","","true","32.7129","-96.277","189.8","tx-hhsc-assisted-living","Texas HHSC Assisted Living Facilities","https://services1.arcgis.com/jI1j5lArZnrgFYSc/ArcGIS/rest/services/Assisted_Living/FeatureServer/0","Texas Health and Human Services Commission"
"tx-hhsc-assisted-living:103249","THE WOOD GROUP","103249","assisted_living","Assisted Living","TAYLOR","858 FORMOSA ST","ABILENE","TX","79602","(940) 767-0463","(940) 767-0466","12","","","","","","","","true","32.4407","-99.71","189.8","tx-hhsc-assisted-living","Texas HHSC Assisted Living Facilities","https://services1.arcgis.com/jI1j5lArZnrgFYSc/ArcGIS/rest/services/Assisted_Living/FeatureServer/0","Texas Health and Human Services Commission"
"tx-hhsc-assisted-living:000542","WALNUT PLACE PC UNIT","000542","assisted_living","Assisted Living","DALLAS","5515 GLEN LAKES DR","DALLAS","TX","75231","(214) 361-8923","(214) 361-4782","100","","","","","","","","true","32.884","-96.7642","189.8","tx-hhsc-assisted-living","Texas HHSC Assisted Living Facilities","https://services1.arcgis.com/jI1j5lArZnrgFYSc/ArcGIS/rest/services/Assisted_Living/FeatureServer/0","Texas Health and Human Services Commission"
"tx-hhsc-assisted-living:103915","MANCHESTER ST MICHAELS LLC","103915","assisted_living","Assisted Living","DALLAS","10754 ST MICHAELS","DALLAS","TX","75230","(214) 987-2710","(972) 432-3600","24","","","","","","","","true","32.8947","-96.7793","190.2","tx-hhsc-assisted-living","Texas HHSC Assisted Living Facilities","https://services1.arcgis.com/jI1j5lArZnrgFYSc/ArcGIS/rest/services/Assisted_Living/FeatureServer/0","Texas Health and Human Services Commission"
"tx-hhsc-assisted-living:105604","TEX BEST CARE 4 SENIORS LLC","105604","assisted_living","Assisted Living","DALLAS","3755 CROWN SHORE DR","DALLAS","TX","75244","(972) 241-6035","(972) 939-4805","8","","","","","","","","true","32.9131","-96.8535","190.2","tx-hhsc-assisted-living","Texas HHSC Assisted Living Facilities","https://services1.arcgis.com/jI1j5lArZnrgFYSc/ArcGIS/rest/services/Assisted_Living/FeatureServer/0","Texas Health and Human Services Commission"
"tx-hhsc-assisted-living:010380","AVALON MEMORY CARE","010380","assisted_living","Assisted Living","DALLAS","4330 ALLENCREST","DALLAS","TX","75244","(214) 752-7050","(214) 752-7054","16","","","","","","","","true","32.9107","-96.8348","190.3","tx-hhsc-assisted-living","Texas HHSC Assisted Living Facilities","https://services1.arcgis.com/jI1j5lArZnrgFYSc/ArcGIS/rest/services/Assisted_Living/FeatureServer/0","Texas Health and Human Services Commission"
"tx-hhsc-assisted-living:030106","AVALON MEMORY CARE  ROYAL CIRCLE","030106","assisted_living","Assisted Living","DALLAS","7355 ROYAL CIRCLE","DALLAS","TX","75230","(214) 752-7050","(214) 752-7054","10","","","","","","","","true","32.8958","-96.7779","190.3","tx-hhsc-assisted-living","Texas HHSC Assisted Living Facilities","https://services1.arcgis.com/jI1j5lArZnrgFYSc/ArcGIS/rest/services/Assisted_Living/FeatureServer/0","Texas Health and Human Services Commission"
"tx-hhsc-assisted-living:102140","AVENDELLE ASSISTED LIVING LAVENDALE","102140","assisted_living","Assisted Living","DALLAS","7205 LAVENDALE CIR","DALLAS","TX","75230","(214) 361-4886","(214) 272-3338","8","","","","","","","","true","32.8968","-96.7829","190.3","tx-hhsc-assisted-living","Texas HHSC Assisted Living Facilities","https://services1.arcgis.com/jI1j5lArZnrgFYSc/ArcGIS/rest/services/Assisted_Living/FeatureServer/0","Texas Health and Human Services Commission"
"tx-hhsc-assisted-living:000414","WISTERIA PLACE ASSISTED LIVING","000414","assisted_living","Assisted Living","TAYLOR","3202 S. WILLIS STREET","ABILENE","TX","79605","(325) 692-6145","(325) 695-2629","82","","","","","","","","true","32.411","-99.7673","190.3","tx-hhsc-assisted-living","Texas HHSC Assisted Living Facilities","https://services1.arcgis.com/jI1j5lArZnrgFYSc/ArcGIS/rest/services/Assisted_Living/FeatureServer/0","Texas Health and Human Services Commission"
"tx-hhsc-assisted-living:104329","AT HOME ELDERLY LIVING, LLC","104329","assisted_living","Assisted Living","DALLAS","7541 ROYAL PLACE","DALLAS","TX","75230","(214) 403-0445","","8","","","","","","","","true","32.8971","-96.7754","190.4","tx-hhsc-assisted-living","Texas HHSC Assisted Living Facilities","https://services1.arcgis.com/jI1j5lArZnrgFYSc/ArcGIS/rest/services/Assisted_Living/FeatureServer/0","Texas Health and Human Services Commission"
"tx-hhsc-assisted-living:100719","PREMIER COUNTRY HAVEN ASSISTED LIVING, INC","100719","assisted_living","Assisted Living","KAUFMAN","13812 HIRAM RD","WILLS POINT","TX","75169","(972) 524-9884","(972) 563-9887","40","","","","","","","","true","32.643","-96.106","190.4","tx-hhsc-assisted-living","Texas HHSC Assisted Living Facilities","https://services1.arcgis.com/jI1j5lArZnrgFYSc/ArcGIS/rest/services/Assisted_Living/FeatureServer/0","Texas Health and Human Services Commission"
"tx-hhsc-assisted-living:110406","THE LEGACY MIDTOWN PARK","110406","assisted_living","Assisted Living","DALLAS","8260 MANDERVILLE LANE","DALLAS","TX","75231","","(469) 497-3840","98","","","","","","","","true","32.8936","-96.765","190.4","tx-hhsc-assisted-living","Texas HHSC Assisted Living Facilities","https://services1.arcgis.com/jI1j5lArZnrgFYSc/ArcGIS/rest/services/Assisted_Living/FeatureServer/0","Texas Health and Human Services Commission"
"tx-hhsc-assisted-living:000626","CHISHOLM PLACE","000626","assisted_living","Assisted Living","TAYLOR","1450 E N 10TH ST","ABILENE","TX","79601","(325) 670-0961","(325) 670-0780","44","","","","","","","","true","32.4604","-99.7006","190.5","tx-hhsc-assisted-living","Texas HHSC Assisted Living Facilities","https://services1.arcgis.com/jI1j5lArZnrgFYSc/ArcGIS/rest/services/Assisted_Living/FeatureServer/0","Texas Health and Human Services Commission"
"tx-hhsc-assisted-living:101130","JACKSONS PLACE","101130","assisted_living","Assisted Living","DALLAS","11240 HILLCREST RD","DALLAS","TX","75230","(214) 696-1643","(972) 248-8995","9","","","","","","","","true","32.9012","-96.7879","190.5","tx-hhsc-assisted-living","Texas HHSC Assisted Living Facilities","https://services1.arcgis.com/jI1j5lArZnrgFYSc/ArcGIS/rest/services/Assisted_Living/FeatureServer/0","Texas Health and Human Services Commission"
"tx-hhsc-assisted-living:001014","KENNETH HART","001014","assisted_living","Assisted Living","TAYLOR","1742 SAYLES BLVD","ABILENE","TX","79605","(325) 701-4044","(325) 701-4044","4","","","","","","","","true","32.4278","-99.7485","190.5","tx-hhsc-assisted-living","Texas HHSC Assisted Living Facilities","https://services1.arcgis.com/jI1j5lArZnrgFYSc/ArcGIS/rest/services/Assisted_Living/FeatureServer/0","Texas Health and Human Services Commission"
"tx-hhsc-assisted-living:000371","BROOKDALE LAKE HIGHLANDS","000371","assisted_living","Assisted Living","DALLAS","9715 PLANO RD","DALLAS","TX","75238","(214) 343-7445","(214) 343-9193","116","","","","","","","","true","32.8803","-96.7013","190.7","tx-hhsc-assisted-living","Texas HHSC Assisted Living Facilities","https://services1.arcgis.com/jI1j5lArZnrgFYSc/ArcGIS/rest/services/Assisted_Living/FeatureServer/0","Texas Health and Human Services Commission"
"tx-hhsc-assisted-living:106588","SAGE OAK LIVING OF PRESTON HOLLOW","106588","assisted_living","Assisted Living","DALLAS","5733 FOREST","DALLAS","TX","75230","(469) 708-9625","(972) 807-2179","8","","","","","","","","true","32.9099","-96.8092","190.7","tx-hhsc-assisted-living","Texas HHSC Assisted Living Facilities","https://services1.arcgis.com/jI1j5lArZnrgFYSc/ArcGIS/rest/services/Assisted_Living/FeatureServer/0","Texas Health and Human Services Commission"
"tx-hhsc-assisted-living:030289","BROOKDALE FARMERS BRANCH","030289","assisted_living","Assisted Living","DALLAS","13505 WEBB CHAPEL RD","FARMERS BRANCH","TX","75234","(972) 241-3955","(972) 241-4090","105","","","","","","","","true","32.9295","-96.8742","190.9","tx-hhsc-assisted-living","Texas HHSC Assisted Living Facilities","https://services1.arcgis.com/jI1j5lArZnrgFYSc/ArcGIS/rest/services/Assisted_Living/FeatureServer/0","Texas Health and Human Services Commission"
"tx-hhsc-assisted-living:100715","CRYSTAL CREEK AT PRESTON HOLLOW","100715","assisted_living","Assisted Living","DALLAS","11409 NORTH CENTRAL EXPRESSWAY","DALLAS","TX","75243","(214) 363-5100","(214) 363-5133","82","","","","","","","","true","32.9052","-96.7705","191","tx-hhsc-assisted-living","Texas HHSC Assisted Living Facilities","https://services1.arcgis.com/jI1j5lArZnrgFYSc/ArcGIS/rest/services/Assisted_Living/FeatureServer/0","Texas Health and Human Services Commission"
"tx-hhsc-assisted-living:106844","LAKEWOOD ASSISTED LIVING","106844","assisted_living","Assisted Living","VAN ZANDT","6424 FM 2965 RD","WILLS POINT","TX","75169","(972) 569-2563","(972) 414-3226","11","","","","","","","","true","32.6511","-96.1015","191","tx-hhsc-assisted-living","Texas HHSC Assisted Living Facilities","https://services1.arcgis.com/jI1j5lArZnrgFYSc/ArcGIS/rest/services/Assisted_Living/FeatureServer/0","Texas Health and Human Services Commission"
"tx-hhsc-assisted-living:105690","MAGNOLIA ASSISTED LIVING LLC","105690","assisted_living","Assisted Living","DALLAS","6946 FOREST LN","DALLAS","TX","75230","(940) 783-2760","(214) 594-7127","16","","","","","","","","true","32.9093","-96.7849","191.1","tx-hhsc-assisted-living","Texas HHSC Assisted Living Facilities","https://services1.arcgis.com/jI1j5lArZnrgFYSc/ArcGIS/rest/services/Assisted_Living/FeatureServer/0","Texas Health and Human Services Commission"
"tx-hhsc-assisted-living:110453","SILVER LEAF ASSISTED LIVING","110453","assisted_living","Assisted Living","DALLAS","4408 FOREST BEND RD","DALLAS","TX","75244","(914) 643-6335","(1888) 316-9124","8","","","","","","","","true","32.923","-96.8341","191.1","tx-hhsc-assisted-living","Texas HHSC Assisted Living Facilities","https://services1.arcgis.com/jI1j5lArZnrgFYSc/ArcGIS/rest/services/Assisted_Living/FeatureServer/0","Texas Health and Human Services Commission"
"tx-hhsc-assisted-living:104041","SPRINGFIELD SENIOR LIVING","104041","assisted_living","Assisted Living","DALLAS","1817 ROYAL CREST DRSPRINGFIELD SENIOR LIVING","GARLAND","TX","75043","(214) 501-2025","(214) 593-3235","9","","","","","","","","true","32.8571","-96.5979","191.2","tx-hhsc-assisted-living","Texas HHSC Assisted Living Facilities","https://services1.arcgis.com/jI1j5lArZnrgFYSc/ArcGIS/rest/services/Assisted_Living/FeatureServer/0","Texas Health and Human Services Commission"
"tx-hhsc-assisted-living:105609","FOUR SEASONS SENIOR LIVING V LLC","105609","assisted_living","Assisted Living","DALLAS","205 PLANTATION DR","COPPELL","TX","75019","(972) 584-9880","(972) 584-9885","6","","","","","","","","true","32.9628","-96.9975","191.3","tx-hhsc-assisted-living","Texas HHSC Assisted Living Facilities","https://services1.arcgis.com/jI1j5lArZnrgFYSc/ArcGIS/rest/services/Assisted_Living/FeatureServer/0","Texas Health and Human Services Commission"
"tx-hhsc-assisted-living:000978","JUNIPER VILLAGE AT PRESTON HOLLOW","000978","assisted_living","Assisted Living","DALLAS","12400 PRESTON RD","DALLAS","TX","75230","(972) 661-3111","(972) 661-9551","107","","","","","","","","true","32.9176","-96.8029","191.3","tx-hhsc-assisted-living","Texas HHSC Assisted Living Facilities","https://services1.arcgis.com/jI1j5lArZnrgFYSc/ArcGIS/rest/services/Assisted_Living/FeatureServer/0","Texas Health and Human Services Commission"
"tx-hhsc-assisted-living:000665","HIGHLAND ASSISTED LIVING LLC","000665","assisted_living","Assisted Living","TAYLOR","2310 S SEVENTH","ABILENE","TX","79605","(325) 675-5100","(325) 675-5300","39","","","","","","","","true","32.444","-99.7508","191.4","tx-hhsc-assisted-living","Texas HHSC Assisted Living Facilities","https://services1.arcgis.com/jI1j5lArZnrgFYSc/ArcGIS/rest/services/Assisted_Living/FeatureServer/0","Texas Health and Human Services Commission"
"tx-hhsc-assisted-living:105873","JACKSONS PLACE","105873","assisted_living","Assisted Living","DALLAS","9010 WOODHURST DR","DALLAS","TX","75243","(214) 242-9882","(972) 248-8995","8","","","","","","","","true","32.9036","-96.7471","191.4","tx-hhsc-assisted-living","Texas HHSC Assisted Living Facilities","https://services1.arcgis.com/jI1j5lArZnrgFYSc/ArcGIS/rest/services/Assisted_Living/FeatureServer/0","Texas Health and Human Services Commission"
"tx-hhsc-assisted-living:000540","PRESBYTERIAN VILLAGE NORTH ASSISTED LIVING FACILITY","000540","assisted_living","Assisted Living","DALLAS","8750 WESTMINSTER TERRACE","DALLAS","TX","75243","(214) 355-9201","(214) 355-9100","155","","","","","","","","true","32.9078","-96.7509","191.6","tx-hhsc-assisted-living","Texas HHSC Assisted Living Facilities","https://services1.arcgis.com/jI1j5lArZnrgFYSc/ArcGIS/rest/services/Assisted_Living/FeatureServer/0","Texas Health and Human Services Commission"
"tx-hhsc-assisted-living:110598","SENTINEL GARDENS  CANTON INC","110598","assisted_living","Assisted Living","VAN ZANDT","1661 S. BUFFALO ST.","CANTON","TX","75103","(903) 567-1010","(903) 666-4100","35","","","","","","","","true","32.538","-95.8785","191.6","tx-hhsc-assisted-living","Texas HHSC Assisted Living Facilities","https://services1.arcgis.com/jI1j5lArZnrgFYSc/ArcGIS/rest/services/Assisted_Living/FeatureServer/0","Texas Health and Human Services Commission"
"tx-hhsc-assisted-living:000481","NECHES HOUSE","000481","assisted_living","Assisted Living","ANGELINA","406 GOBBLERS NOB ROAD","LUFKIN","TX","75904","(936) 639-9727","(936) 639-9754","48","","","","","","","","true","31.3073","-94.7467","191.8","tx-hhsc-assisted-living","Texas HHSC Assisted Living Facilities","https://services1.arcgis.com/jI1j5lArZnrgFYSc/ArcGIS/rest/services/Assisted_Living/FeatureServer/0","Texas Health and Human Services Commission"
"tx-hhsc-assisted-living:103556","THE RESERVE AT NORTH DALLAS","103556","assisted_living","Assisted Living","DALLAS","12271 COIT RD","DALLAS","TX","75251","(972) 866-7575","(972) 702-9443","33","","","","","","","","true","32.9165","-96.7703","191.8","tx-hhsc-assisted-living","Texas HHSC Assisted Living Facilities","https://services1.arcgis.com/jI1j5lArZnrgFYSc/ArcGIS/rest/services/Assisted_Living/FeatureServer/0","Texas Health and Human Services Commission"
"tx-hhsc-assisted-living:110492","CHRISTHOUSE ASSISTED LIVING INC","110492","assisted_living","Assisted Living","DALLAS","1710 TOBIN TRAIL","GARLAND","TX","75043","(214) 532-4167","(214) 988-3032","8","","","","","","","","true","32.8691","-96.6048","191.9","tx-hhsc-assisted-living","Texas HHSC Assisted Living Facilities","https://services1.arcgis.com/jI1j5lArZnrgFYSc/ArcGIS/rest/services/Assisted_Living/FeatureServer/0","Texas Health and Human Services Commission"
"tx-hhsc-assisted-living:105785","CP ASSISTED LIVING 1 TX LLC","105785","assisted_living","Assisted Living","VAN ZANDT","1835 SOUTH TRADE DAYS BLVD.","CANTON","TX","75103","(903) 567-2313","(903) 567-4210","30","","","","","","","","true","32.535","-95.8629","191.9","tx-hhsc-assisted-living","Texas HHSC Assisted Living Facilities","https://services1.arcgis.com/jI1j5lArZnrgFYSc/ArcGIS/rest/services/Assisted_Living/FeatureServer/0","Texas Health and Human Services Commission"
"tx-hhsc-assisted-living:110387","HARVEST OF ROANOKE","110387","assisted_living","Assisted Living","DENTON","601 HOWE ROAD","ROANOKE","TX","76262","(682) 261-7464","","138","","","","","","","","true","33.008","-97.2175","191.9","tx-hhsc-assisted-living","Texas HHSC Assisted Living Facilities","https://services1.arcgis.com/jI1j5lArZnrgFYSc/ArcGIS/rest/services/Assisted_Living/FeatureServer/0","Texas Health and Human Services Commission"
"tx-hhsc-assisted-living:105839","AVALON MEMORY CARE","105839","assisted_living","Assisted Living","DALLAS","1150 COLONEL DRIVE","GARLAND","TX","75043","(214) 752-7050","(214) 752-7054","24","","","","","","","","true","32.8749","-96.6137","192","tx-hhsc-assisted-living","Texas HHSC Assisted Living Facilities","https://services1.arcgis.com/jI1j5lArZnrgFYSc/ArcGIS/rest/services/Assisted_Living/FeatureServer/0","Texas Health and Human Services Commission"
"tx-hhsc-assisted-living:105759","CP 13 TX LLC","105759","assisted_living","Assisted Living","VAN ZANDT","1833 SOUTH TRADE DAYS BLVD.","CANTON","TX","75103","(903) 567-2942","(903) 567-2364","30","","","","","","","","true","32.5358","-95.863","192","tx-hhsc-assisted-living","Texas HHSC Assisted Living Facilities","https://services1.arcgis.com/jI1j5lArZnrgFYSc/ArcGIS/rest/services/Assisted_Living/FeatureServer/0","Texas Health and Human Services Commission"
"tx-hhsc-assisted-living:030202","AVALON MEMORY CARE HUGHES CIRCLE","030202","assisted_living","Assisted Living","DALLAS","13215 HUGHES CIR","DALLAS","TX","75240","(214) 752-7050","(214) 752-7054","10","","","","","","","","true","32.929","-96.7986","192.1","tx-hhsc-assisted-living","Texas HHSC Assisted Living Facilities","https://services1.arcgis.com/jI1j5lArZnrgFYSc/ArcGIS/rest/services/Assisted_Living/FeatureServer/0","Texas Health and Human Services Commission"
"tx-hhsc-assisted-living:106925","POSHCARE ASSISTED LIVING INC","106925","assisted_living","Assisted Living","DALLAS","3706 SOUTH COUNTRY CLUB ROAD","GARLAND","TX","75043","(214) 478-3669","(469) 910-8064","8","","","","","","","","true","32.8711","-96.6011","192.1","tx-hhsc-assisted-living","Texas HHSC Assisted Living Facilities","https://services1.arcgis.com/jI1j5lArZnrgFYSc/ArcGIS/rest/services/Assisted_Living/FeatureServer/0","Texas Health and Human Services Commission"
"tx-hhsc-assisted-living:030394","SILVER CREEK ASSISTED LIVING GARLAND","030394","assisted_living","Assisted Living","DALLAS","1246 COLONEL DR","GARLAND","TX","75043","(469) 814-0412","(469) 814-0292","118","","","","","","","","true","32.8755","-96.6125","192.1","tx-hhsc-assisted-living","Texas HHSC Assisted Living Facilities","https://services1.arcgis.com/jI1j5lArZnrgFYSc/ArcGIS/rest/services/Assisted_Living/FeatureServer/0","Texas Health and Human Services Commission"
"tx-hhsc-assisted-living:102658","SUNRISE SENIOR LIVING OF HILLCREST","102658","assisted_living","Assisted Living","DALLAS","13001 HILLCREST RD","DALLAS","TX","75240","(972) 385-5267","(972) 385-5268","115","","","","","","","","true","32.9259","-96.7868","192.1","tx-hhsc-assisted-living","Texas HHSC Assisted Living Facilities","https://services1.arcgis.com/jI1j5lArZnrgFYSc/ArcGIS/rest/services/Assisted_Living/FeatureServer/0","Texas Health and Human Services Commission"
"tx-hhsc-assisted-living:104038","TRUEWOOD BY MERRILL, PARK CENTRAL","104038","assisted_living","Assisted Living","DALLAS","7750 LBJ FREEWAY","DALLAS","TX","75251","(972) 661-9990","(972) 661-9991","213","","","","","","","","true","32.9228","-96.7737","192.1","tx-hhsc-assisted-living","Texas HHSC Assisted Living Facilities","https://services1.arcgis.com/jI1j5lArZnrgFYSc/ArcGIS/rest/services/Assisted_Living/FeatureServer/0","Texas Health and Human Services Commission"
"tx-hhsc-assisted-living:101774","CHRISTUS ST JOSEPH VILLAGE","101774","assisted_living","Assisted Living","DALLAS","1201 E SANDY LAKE RD","COPPELL","TX","75019","(972) 304-0300","(972) 462-1099","54","","","","","","","","true","32.9665","-96.9549","192.2","tx-hhsc-assisted-living","Texas HHSC Assisted Living Facilities","https://services1.arcgis.com/jI1j5lArZnrgFYSc/ArcGIS/rest/services/Assisted_Living/FeatureServer/0","Texas Health and Human Services Commission"
"tx-hhsc-assisted-living:000696","BROOKDALE CLUB HILL","000696","assisted_living","Assisted Living","DALLAS","1321 COLONEL DR","GARLAND","TX","75043","(972) 278-8500","(972) 271-9931","134","","","","","","","","true","32.878","-96.6111","192.3","tx-hhsc-assisted-living","Texas HHSC Assisted Living Facilities","https://services1.arcgis.com/jI1j5lArZnrgFYSc/ArcGIS/rest/services/Assisted_Living/FeatureServer/0","Texas Health and Human Services Commission"
"tx-hhsc-assisted-living:106555","GARLAND SERENITY HOME","106555","assisted_living","Assisted Living","DALLAS","4626 CANDLESTICK DR","GARLAND","TX","75043","(214) 952-3818","(972) 240-0296","8","","","","","","","","true","32.8612","-96.5612","192.3","tx-hhsc-assisted-living","Texas HHSC Assisted Living Facilities","https://services1.arcgis.com/jI1j5lArZnrgFYSc/ArcGIS/rest/services/Assisted_Living/FeatureServer/0","Texas Health and Human Services Commission"
"tx-hhsc-assisted-living:105575","RIVER OAKS ASSISTED LIVING AND MEMORY CARE","105575","assisted_living","Assisted Living","DALLAS","1530 E. SANDY LAKE RD","COPPELL","TX","75019","(214) 390-2450","(214) 390-5025","86","","","","","","","","true","32.9672","-96.9474","192.3","tx-hhsc-assisted-living","Texas HHSC Assisted Living Facilities","https://services1.arcgis.com/jI1j5lArZnrgFYSc/ArcGIS/rest/services/Assisted_Living/FeatureServer/0","Texas Health and Human Services Commission"
"tx-hhsc-assisted-living:107044","SKYLINE RESIDENTIAL HOMES LLC","107044","assisted_living","Assisted Living","DALLAS","1925 TOLER TRAIL","GARLAND","TX","75043","(214) 597-1035","(469) 543-6029","8","","","","","","","","true","32.8747","-96.6016","192.3","tx-hhsc-assisted-living","Texas HHSC Assisted Living Facilities","https://services1.arcgis.com/jI1j5lArZnrgFYSc/ArcGIS/rest/services/Assisted_Living/FeatureServer/0","Texas Health and Human Services Commission"
"tx-hhsc-assisted-living:107131","AVILACARE SENIOR LIVING AND MEMORY CARE BUILDING A","107131","assisted_living","Assisted Living","ROCKWALL","126 SMIRL DRIVE","HEATH","TX","75032","(425) 351-0333","","16","","","","","","","","true","32.8374","-96.476","192.6","tx-hhsc-assisted-living","Texas HHSC Assisted Living Facilities","https://services1.arcgis.com/jI1j5lArZnrgFYSc/ArcGIS/rest/services/Assisted_Living/FeatureServer/0","Texas Health and Human Services Commission"
"tx-hhsc-assisted-living:107130","AVILACARE SENIOR LIVING AND MEMORY CARE BUILDING B","107130","assisted_living","Assisted Living","ROCKWALL","126 SMIRL DRIVE","HEATH","TX","75032","(425) 351-0333","","16","","","","","","","","true","32.8374","-96.476","192.6","tx-hhsc-assisted-living","Texas HHSC Assisted Living Facilities","https://services1.arcgis.com/jI1j5lArZnrgFYSc/ArcGIS/rest/services/Assisted_Living/FeatureServer/0","Texas Health and Human Services Commission"
"tx-hhsc-assisted-living:110659","NANA'S PLACE","110659","assisted_living","Assisted Living","DALLAS","800 PARKWAY BLVD","COPPELL","TX","75019","(972) 304-9315","","5","","","","","","","","true","32.9752","-96.9688","192.6","tx-hhsc-assisted-living","Texas HHSC Assisted Living Facilities","https://services1.arcgis.com/jI1j5lArZnrgFYSc/ArcGIS/rest/services/Assisted_Living/FeatureServer/0","Texas Health and Human Services Commission"
"tx-hhsc-assisted-living:102051","3 ANGELS CAREGIVERS","102051","assisted_living","Assisted Living","DALLAS","9754 AMBERLEY DR","DALLAS","TX","75243","(214) 575-3585","","8","","","","","","","","true","32.9179","-96.7186","192.8","tx-hhsc-assisted-living","Texas HHSC Assisted Living Facilities","https://services1.arcgis.com/jI1j5lArZnrgFYSc/ArcGIS/rest/services/Assisted_Living/FeatureServer/0","Texas Health and Human Services Commission"
"tx-hhsc-assisted-living:000424","PINECREST RETIREMENT COMMUNITY ASSISTED LIVING UNIT","000424","assisted_living","Assisted Living","ANGELINA","1302 TOM TEMPLE DRIVE","LUFKIN","TX","75904","(936) 634-1054","(936) 634-1056","78","","","","","","","","true","31.3148","-94.7315","192.8","tx-hhsc-assisted-living","Texas HHSC Assisted Living Facilities","https://services1.arcgis.com/jI1j5lArZnrgFYSc/ArcGIS/rest/services/Assisted_Living/FeatureServer/0","Texas Health and Human Services Commission"
"tx-hhsc-assisted-living:101493","ABBA CARE ASSISTED LIVINGA","101493","assisted_living","Assisted Living","DALLAS","1207 HIGH GROVE DR","GARLAND","TX","75041","(972) 840-1515","(972) 840-1511","16","","","","","","","","true","32.8901","-96.6146","193","tx-hhsc-assisted-living","Texas HHSC Assisted Living Facilities","https://services1.arcgis.com/jI1j5lArZnrgFYSc/ArcGIS/rest/services/Assisted_Living/FeatureServer/0","Texas Health and Human Services Commission"
"tx-hhsc-assisted-living:101492","ABBA CARE ASSISTED LIVINGB","101492","assisted_living","Assisted Living","DALLAS","1201 HIGH GROVE DR","GARLAND","TX","75041","(972) 840-9292","(972) 840-9291","16","","","","","","","","true","32.8898","-96.6156","193","tx-hhsc-assisted-living","Texas HHSC Assisted Living Facilities","https://services1.arcgis.com/jI1j5lArZnrgFYSc/ArcGIS/rest/services/Assisted_Living/FeatureServer/0","Texas Health and Human Services Commission"
"tx-hhsc-assisted-living:103885","MANCHESTER SPRING VALLEY LLC","103885","assisted_living","Assisted Living","DALLAS","7109 SPRING VALLEY","DALLAS","TX","75254","(972) 385-7797","(972) 385-7608","16","","","","","","","","true","32.9413","-96.7819","193.2","tx-hhsc-assisted-living","Texas HHSC Assisted Living Facilities","https://services1.arcgis.com/jI1j5lArZnrgFYSc/ArcGIS/rest/services/Assisted_Living/FeatureServer/0","Texas Health and Human Services Commission"
"tx-hhsc-assisted-living:030103","SIGNATURE POINTE","030103","assisted_living","Assisted Living","DALLAS","14655 PRESTON RD","DALLAS","TX","75254","(972) 726-7575","(972) 726-9742","76","","","","","","","","true","32.9465","-96.8038","193.2","tx-hhsc-assisted-living","Texas HHSC Assisted Living Facilities","https://services1.arcgis.com/jI1j5lArZnrgFYSc/ArcGIS/rest/services/Assisted_Living/FeatureServer/0","Texas Health and Human Services Commission"
"tx-hhsc-assisted-living:107217","PINNACLE SENIOR LIVING OF LUFKIN","107217","assisted_living","Assisted Living","ANGELINA","615 WEST WHITEHOUSE","LUFKIN","TX","75904","(936) 219-1165","","95","","","","","","","","true","31.299","-94.7152","193.3","tx-hhsc-assisted-living","Texas HHSC Assisted Living Facilities","https://services1.arcgis.com/jI1j5lArZnrgFYSc/ArcGIS/rest/services/Assisted_Living/FeatureServer/0","Texas Health and Human Services Commission"
"tx-hhsc-assisted-living:030058","AVALON MEMORY CARE  CRESTMERE","030058","assisted_living","Assisted Living","DALLAS","6217 CRESTMERE DR","DALLAS","TX","75240","(214) 752-7050","(214) 752-7054","12","","","","","","","","true","32.9477","-96.7964","193.4","tx-hhsc-assisted-living","Texas HHSC Assisted Living Facilities","https://services1.arcgis.com/jI1j5lArZnrgFYSc/ArcGIS/rest/services/Assisted_Living/FeatureServer/0","Texas Health and Human Services Commission"
"tx-hhsc-assisted-living:105765","GUARDIAN ANGELS GROUP HOME LLC","105765","assisted_living","Assisted Living","DALLAS","426 BIRCH LANE","RICHARDSON","TX","75081","(972) 234-4041","(972) 234-4041","8","","","","","","","","true","32.9312","-96.7303","193.5","tx-hhsc-assisted-living","Texas HHSC Assisted Living Facilities","https://services1.arcgis.com/jI1j5lArZnrgFYSc/ArcGIS/rest/services/Assisted_Living/FeatureServer/0","Texas Health and Human Services Commission"
"tx-hhsc-assisted-living:030337","ARDEN COURTS OF RICHARDSON","030337","assisted_living","Assisted Living","DALLAS","410 BUCKINGHAM RD","RICHARDSON","TX","75081","(972) 235-1200","(972) 235-1267","60","","","","","","","","true","32.9339","-96.7309","193.6","tx-hhsc-assisted-living","Texas HHSC Assisted Living Facilities","https://services1.arcgis.com/jI1j5lArZnrgFYSc/ArcGIS/rest/services/Assisted_Living/FeatureServer/0","Texas Health and Human Services Commission"
"tx-hhsc-assisted-living:030138","CEDAR CREST OF LEWISVILLE","030138","assisted_living","Assisted Living","DENTON","400 HIGHLAND DRIVE","LEWISVILLE","TX","75067","(972) 315-1532","(972) 315-7284","117","","","","","","","","true","32.9926","-96.981","193.6","tx-hhsc-assisted-living","Texas HHSC Assisted Living Facilities","https://services1.arcgis.com/jI1j5lArZnrgFYSc/ArcGIS/rest/services/Assisted_Living/FeatureServer/0","Texas Health and Human Services Commission"
"tx-hhsc-assisted-living:030278","PARK BEND","030278","assisted_living","Assisted Living","DALLAS","410 PARK BEND","RICHARDSON","TX","75081","(972) 234-5348","(972) 644-5650","6","","","","","","","","true","32.9329","-96.7314","193.6","tx-hhsc-assisted-living","Texas HHSC Assisted Living Facilities","https://services1.arcgis.com/jI1j5lArZnrgFYSc/ArcGIS/rest/services/Assisted_Living/FeatureServer/0","Texas Health and Human Services Commission"
"tx-hhsc-assisted-living:030224","AVALON MEMORY CAREQUARTERWAY","030224","assisted_living","Assisted Living","DALLAS","6908 QUARTERWAY","DALLAS","TX","75248","(214) 752-7050","(214) 752-7054","12","","","","","","","","true","32.9521","-96.7893","193.8","tx-hhsc-assisted-living","Texas HHSC Assisted Living Facilities","https://services1.arcgis.com/jI1j5lArZnrgFYSc/ArcGIS/rest/services/Assisted_Living/FeatureServer/0","Texas Health and Human Services Commission"
"tx-hhsc-assisted-living:101142","SILVER LEAF ASSISTED LIVING, LLC","101142","assisted_living","Assisted Living","DALLAS","7116 TOPHILL CIR","DALLAS","TX","75248","(914) 643-6335","(972) 386-7906","8","","","","","","","","true","32.9503","-96.7857","193.8","tx-hhsc-assisted-living","Texas HHSC Assisted Living Facilities","https://services1.arcgis.com/jI1j5lArZnrgFYSc/ArcGIS/rest/services/Assisted_Living/FeatureServer/0","Texas Health and Human Services Commission"
"tx-hhsc-assisted-living:107037","INSPIRED LIVING AT LEWISVILLE","107037","assisted_living","Assisted Living","DENTON","1080 W. ROUND GROVE ROAD","LEWISVILLE","TX","75067","(469) 702-0303","(469) 702-0304","177","","","","","","","","true","33.0048","-97.0174","193.9","tx-hhsc-assisted-living","Texas HHSC Assisted Living Facilities","https://services1.arcgis.com/jI1j5lArZnrgFYSc/ArcGIS/rest/services/Assisted_Living/FeatureServer/0","Texas Health and Human Services Commission"
"tx-hhsc-assisted-living:106316","OXFORD GLEN AT CARROLLTON","106316","assisted_living","Assisted Living","DALLAS","2221 MARSH LANE","CARROLLTON","TX","75006","(972) 820-5975","","70","","","","","","","","true","32.9711","-96.8567","194","tx-hhsc-assisted-living","Texas HHSC Assisted Living Facilities","https://services1.arcgis.com/jI1j5lArZnrgFYSc/ArcGIS/rest/services/Assisted_Living/FeatureServer/0","Texas Health and Human Services Commission"
"tx-hhsc-assisted-living:106306","THE TRADITIONPRESTONWOOD ASSISTED LIVING AND MEMORY CARE","106306","assisted_living","Assisted Living","DALLAS","5555 ARAPAHO ROAD","DALLAS","TX","75248","(972) 280-7041","(972) 661-1881","130","","","","","","","","true","32.9619","-96.8158","194","tx-hhsc-assisted-living","Texas HHSC Assisted Living Facilities","https://services1.arcgis.com/jI1j5lArZnrgFYSc/ArcGIS/rest/services/Assisted_Living/FeatureServer/0","Texas Health and Human Services Commission"
"tx-hhsc-assisted-living:102343","4 SEASONS SENIOR LIVING VIII","102343","assisted_living","Assisted Living","DENTON","2208 PEACHTREE LN","LEWISVILLE","TX","75067","(972) 584-9880","(972) 584-9885","7","","","","","","","","true","33.0097","-97.0253","194.1","tx-hhsc-assisted-living","Texas HHSC Assisted Living Facilities","https://services1.arcgis.com/jI1j5lArZnrgFYSc/ArcGIS/rest/services/Assisted_Living/FeatureServer/0","Texas Health and Human Services Commission"
"tx-hhsc-assisted-living:110487","AVALON MEMORY CARE","110487","assisted_living","Assisted Living","DENTON","1165 W ROUND GROVE RD","LEWISVILLE","TX","75067","(214) 752-7050","(214) 752-7054","27","","","","","","","","true","33.0081","-97.0226","194.1","tx-hhsc-assisted-living","Texas HHSC Assisted Living Facilities","https://services1.arcgis.com/jI1j5lArZnrgFYSc/ArcGIS/rest/services/Assisted_Living/FeatureServer/0","Texas Health and Human Services Commission"
"tx-hhsc-assisted-living:104962","CHATTINGTON MANOR","104962","assisted_living","Assisted Living","DALLAS","7508 CHATTINGTON DRIVE","DALLAS","TX","75248","(972) 788-1820","(982) 788-1969","8","","","","","","","","true","32.9538","-96.7779","194.1","tx-hhsc-assisted-living","Texas HHSC Assisted Living Facilities","https://services1.arcgis.com/jI1j5lArZnrgFYSc/ArcGIS/rest/services/Assisted_Living/FeatureServer/0","Texas Health and Human Services Commission"
"tx-hhsc-assisted-living:102938","4 SEASONS SENIOR LIVING VI","102938","assisted_living","Assisted Living","DENTON","2200 PEACHTREE LN","LEWISVILLE","TX","75067","(972) 584-9880","(972) 584-9885","8","","","","","","","","true","33.01","-97.025","194.2","tx-hhsc-assisted-living","Texas HHSC Assisted Living Facilities","https://services1.arcgis.com/jI1j5lArZnrgFYSc/ArcGIS/rest/services/Assisted_Living/FeatureServer/0","Texas Health and Human Services Commission"
"tx-hhsc-assisted-living:105835","A CARING HOME WITH FRIENDS ASSISTED LIVING","105835","assisted_living","Assisted Living","DALLAS","1501 MCCOY PL","CARROLLTON","TX","75006","(972) 446-0583","(469) 289-6888","6","","","","","","","","true","32.9837","-96.8975","194.2","tx-hhsc-assisted-living","Texas HHSC Assisted Living Facilities","https://services1.arcgis.com/jI1j5lArZnrgFYSc/ArcGIS/rest/services/Assisted_Living/FeatureServer/0","Texas Health and Human Services Commission"
"tx-hhsc-assisted-living:050387","THE FAMILY'S CHOICE","050387","assisted_living","Assisted Living","DALLAS","7048 HILLWOOD LN","DALLAS","TX","75248","(972) 233-3228","(972) 233-3228","8","","","","","","","","true","32.9577","-96.7871","194.2","tx-hhsc-assisted-living","Texas HHSC Assisted Living Facilities","https://services1.arcgis.com/jI1j5lArZnrgFYSc/ArcGIS/rest/services/Assisted_Living/FeatureServer/0","Texas Health and Human Services Commission"
"tx-hhsc-assisted-living:107124","IRIS MEMORY CARE OF ROWLETT","107124","assisted_living","Assisted Living","DALLAS","4906 MILLER ROAD","ROWLETT","TX","75088","214 9079277","214 5028996","48","","","","","","","","true","32.8909","-96.5541","194.3","tx-hhsc-assisted-living","Texas HHSC Assisted Living Facilities","https://services1.arcgis.com/jI1j5lArZnrgFYSc/ArcGIS/rest/services/Assisted_Living/FeatureServer/0","Texas Health and Human Services Commission"
"tx-hhsc-assisted-living:103967","THE FAMILY'S CHOICE","103967","assisted_living","Assisted Living","DALLAS","7405 HILLWOOD LANE","DALLAS","TX","75248","(972) 788-0874","(972) 788-0872","8","","","","","","","","true","32.9581","-96.781","194.3","tx-hhsc-assisted-living","Texas HHSC Assisted Living Facilities","https://services1.arcgis.com/jI1j5lArZnrgFYSc/ArcGIS/rest/services/Assisted_Living/FeatureServer/0","Texas Health and Human Services Commission"
"tx-hhsc-assisted-living:030151","COMMUNITY HOMES FOR ADULTS INC","030151","assisted_living","Assisted Living","DALLAS","15606 MOONDUST DR","DALLAS","TX","75248","(214) 373-8600","(214) 373-8601","6","","","","","","","","true","32.9601","-96.785","194.4","tx-hhsc-assisted-living","Texas HHSC Assisted Living Facilities","https://services1.arcgis.com/jI1j5lArZnrgFYSc/ArcGIS/rest/services/Assisted_Living/FeatureServer/0","Texas Health and Human Services Commission"
"tx-hhsc-assisted-living:000383","EVERGREEN ASSISTED LIVING LLC","000383","assisted_living","Assisted Living","DALLAS","6521 CLEARHAVEN CIR","DALLAS","TX","75248","(972) 930-7999","(972) 930-7966","6","","","","","","","","true","32.9666","-96.7924","194.7","tx-hhsc-assisted-living","Texas HHSC Assisted Living Facilities","https://services1.arcgis.com/jI1j5lArZnrgFYSc/ArcGIS/rest/services/Assisted_Living/FeatureServer/0","Texas Health and Human Services Commission"
"tx-hhsc-assisted-living:103138","ROCKBROOK ASSISTED LIVING AND MEMORY CARE","103138","assisted_living","Assisted Living","DENTON","2215 ROCKBROOK DRIVE","LEWISVILLE","TX","75067","(972) 459-0600","(972) 459-0609","52","","","","","","","","true","33.0099","-96.9818","194.7","tx-hhsc-assisted-living","Texas HHSC Assisted Living Facilities","https://services1.arcgis.com/jI1j5lArZnrgFYSc/ArcGIS/rest/services/Assisted_Living/FeatureServer/0","Texas Health and Human Services Commission"
"tx-hhsc-assisted-living:110305","SUMMERTIME HOUSE","110305","assisted_living","Assisted Living","DENTON","1342 SUMMERTIME TRAIL","LEWISVILLE","TX","75067","(214) 222-2369","(469) 385-8866","7","","","","","","","","true","33.02","-97.0326","194.7","tx-hhsc-assisted-living","Texas HHSC Assisted Living Facilities","https://services1.arcgis.com/jI1j5lArZnrgFYSc/ArcGIS/rest/services/Assisted_Living/FeatureServer/0","Texas Health and Human Services Commission"
"tx-hhsc-assisted-living:104782","FAITH COMFORT OAKS SPRINGS HOME","104782","assisted_living","Assisted Living","DALLAS","3001 OAK SPRING DR","GARLAND","TX","75044","(214) 299-9088","(972) 664-0720","6","","","","","","","","true","32.9357","-96.6743","194.8","tx-hhsc-assisted-living","Texas HHSC Assisted Living Facilities","https://services1.arcgis.com/jI1j5lArZnrgFYSc/ArcGIS/rest/services/Assisted_Living/FeatureServer/0","Texas Health and Human Services Commission"
"tx-hhsc-assisted-living:102844","AVALON MEMORY CARE","102844","assisted_living","Assisted Living","DENTON","6601 RAINTREE PLACE","FLOWER MOUND","TX","75022","(214) 752-7050","(214) 752-7054","13","","","","","","","","true","33.0402","-97.1364","194.9","tx-hhsc-assisted-living","Texas HHSC Assisted Living Facilities","https://services1.arcgis.com/jI1j5lArZnrgFYSc/ArcGIS/rest/services/Assisted_Living/FeatureServer/0","Texas Health and Human Services Commission"
"tx-hhsc-assisted-living:106695","BRIARVIEW SENIOR LIVING","106695","assisted_living","Assisted Living","DALLAS","2645 E TRINITY MILLS RD","CARROLLTON","TX","75006","(972) 418-1400","","109","","","","","","","","true","32.9877","-96.8647","194.9","tx-hhsc-assisted-living","Texas HHSC Assisted Living Facilities","https://services1.arcgis.com/jI1j5lArZnrgFYSc/ArcGIS/rest/services/Assisted_Living/FeatureServer/0","Texas Health and Human Services Commission"
"tx-hhsc-assisted-living:000830","MERCER PLACE","000830","assisted_living","Assisted Living","DALLAS","5701 DEXHAM RD","ROWLETT","TX","75088","(972) 463-1646","(972) 475-7311","42","","","","","","","","true","32.9101","-96.5853","194.9","tx-hhsc-assisted-living","Texas HHSC Assisted Living Facilities","https://services1.arcgis.com/jI1j5lArZnrgFYSc/ArcGIS/rest/services/Assisted_Living/FeatureServer/0","Texas Health and Human Services Commission"
"tx-hhsc-assisted-living:106343","THE OAKS AT FLOWER MOUND ASSISTED LIVING & MEMORY CARE","106343","assisted_living","Assisted Living","DENTON","3281 LONG PRAIRIE","FLOWER MOUND","TX","75022","(469) 630-0800","","103","","","","","","","","true","33.0295","-97.072","194.9","tx-hhsc-assisted-living","Texas HHSC Assisted Living Facilities","https://services1.arcgis.com/jI1j5lArZnrgFYSc/ArcGIS/rest/services/Assisted_Living/FeatureServer/0","Texas Health and Human Services Commission"
"tx-hhsc-assisted-living:030067","4 SEASONS SENIOR LIVING IX","030067","assisted_living","Assisted Living","DENTON","1724 MILESTONE RIDGE","LEWISVILLE","TX","75067","(972) 584-9880","(972) 584-9885","9","","","","","","","","true","33.0218","-97.0146","195.1","tx-hhsc-assisted-living","Texas HHSC Assisted Living Facilities","https://services1.arcgis.com/jI1j5lArZnrgFYSc/ArcGIS/rest/services/Assisted_Living/FeatureServer/0","Texas Health and Human Services Commission"
"tx-hhsc-assisted-living:107219","GLENCAIRN HOUSE","107219","assisted_living","Assisted Living","DENTON","1633 GENCAIRN LANE","LEWISVILLE","TX","75067","(214) 222-2369","(469) 385-8866","6","","","","","","","","true","33.0192","-97.004","195.1","tx-hhsc-assisted-living","Texas HHSC Assisted Living Facilities","https://services1.arcgis.com/jI1j5lArZnrgFYSc/ArcGIS/rest/services/Assisted_Living/FeatureServer/0","Texas Health and Human Services Commission"
"tx-hhsc-assisted-living:010312","APPLETREE COURT","010312","assisted_living","Assisted Living","DALLAS","870 ARAPAHO ROAD","RICHARDSON","TX","75080","(972) 889-2300","","126","","","","","","","","true","32.9626","-96.7509","195.2","tx-hhsc-assisted-living","Texas HHSC Assisted Living Facilities","https://services1.arcgis.com/jI1j5lArZnrgFYSc/ArcGIS/rest/services/Assisted_Living/FeatureServer/0","Texas Health and Human Services Commission"
"tx-hhsc-assisted-living:103088","EVERGREEN ASSISTED LIVING LLC","103088","assisted_living","Assisted Living","DALLAS","16401 AMBERWOOD RD","DALLAS","TX","75248","(972) 735-9604","(972) 733-2988","8","","","","","","","","true","32.9746","-96.7975","195.2","tx-hhsc-assisted-living","Texas HHSC Assisted Living Facilities","https://services1.arcgis.com/jI1j5lArZnrgFYSc/ArcGIS/rest/services/Assisted_Living/FeatureServer/0","Texas Health and Human Services Commission"
"tx-hhsc-assisted-living:010268","MAYBERRY GARDENS ASSISTED LIVING 3","010268","assisted_living","Assisted Living","DALLAS","3262 3264 3266 3268 3270 N GARLAND AVE","GARLAND","TX","75040","(972) 675-8572","(972) 675-3504","79","","","","","","","","true","32.9271","-96.6261","195.2","tx-hhsc-assisted-living","Texas HHSC Assisted Living Facilities","https://services1.arcgis.com/jI1j5lArZnrgFYSc/ArcGIS/rest/services/Assisted_Living/FeatureServer/0","Texas Health and Human Services Commission"
"tx-hhsc-assisted-living:000704","COTTONWOOD CREEK HEALTHCARE COMMUNITY","000704","assisted_living","Assisted Living","DALLAS","1111 W SHORE DR","RICHARDSON","TX","75080","(972) 783-8000","(972) 783-4267","124","","","","","","","","true","32.9643","-96.7493","195.3","tx-hhsc-assisted-living","Texas HHSC Assisted Living Facilities","https://services1.arcgis.com/jI1j5lArZnrgFYSc/ArcGIS/rest/services/Assisted_Living/FeatureServer/0","Texas Health and Human Services Commission"
"tx-hhsc-assisted-living:103044","THE CROSSINGS AT FLOWER MOUND","103044","assisted_living","Assisted Living","DENTON","3201 KARNES RD","FLOWER MOUND","TX","75022","(972) 355-5432","(972) 355-0396","50","","","","","","","","true","33.0362","-97.0783","195.3","tx-hhsc-assisted-living","Texas HHSC Assisted Living Facilities","https://services1.arcgis.com/jI1j5lArZnrgFYSc/ArcGIS/rest/services/Assisted_Living/FeatureServer/0","Texas Health and Human Services Commission"
"tx-hhsc-assisted-living:100067","HERITAGE HOUSE OF GARLAND","100067","assisted_living","Assisted Living","DALLAS","1201 CARDIGAN ST","GARLAND","TX","75040","(972) 530-1671","(469) 573-9352","8","","","","","","","","true","32.9384","-96.6453","195.5","tx-hhsc-assisted-living","Texas HHSC Assisted Living Facilities","https://services1.arcgis.com/jI1j5lArZnrgFYSc/ArcGIS/rest/services/Assisted_Living/FeatureServer/0","Texas Health and Human Services Commission"
"tx-hhsc-assisted-living:107006","JACKSON'S PLACE","107006","assisted_living","Assisted Living","COLLIN","4014 VILLA GROVE DRIVE","DALLAS","TX","75287","(972) 248-0757","(972) 248-8995","6","","","","","","","","true","32.9903","-96.8422","195.5","tx-hhsc-assisted-living","Texas HHSC Assisted Living Facilities","https://services1.arcgis.com/jI1j5lArZnrgFYSc/ArcGIS/rest/services/Assisted_Living/FeatureServer/0","Texas Health and Human Services Commission"
"tx-hhsc-assisted-living:101007","THE WELLINGTON AT ARAPAHO ASSISTED LIVING COMMUNITY","101007","assisted_living","Assisted Living","DALLAS","600 W ARAPAHO RD","RICHARDSON","TX","75080","(469) 330-2800","(469) 330-2299","57","","","","","","","","true","32.9641","-96.7398","195.5","tx-hhsc-assisted-living","Texas HHSC Assisted Living Facilities","https://services1.arcgis.com/jI1j5lArZnrgFYSc/ArcGIS/rest/services/Assisted_Living/FeatureServer/0","Texas Health and Human Services Commission"
"tx-hhsc-assisted-living:110290","COMPASSIONATE RESIDENTIAL LIVING LLC","110290","assisted_living","Assisted Living","DENTON","1327 RIVER OAKS","FLOWER MOUND","TX","75028","(214) 783-2044","","5","","","","","","","","true","33.0346","-97.043","195.6","tx-hhsc-assisted-living","Texas HHSC Assisted Living Facilities","https://services1.arcgis.com/jI1j5lArZnrgFYSc/ArcGIS/rest/services/Assisted_Living/FeatureServer/0","Texas Health and Human Services Commission"
"tx-hhsc-assisted-living:103958","LAKESHORE ASSISTED LIVING AND MEMORY CARE","103958","assisted_living","Assisted Living","ROCKWALL","5250 MEDICAL DRIVE","ROCKWALL","TX","75032","(469) 338-0204","(469) 338-0207","86","","","","","","","","true","32.8781","-96.4603","195.6","tx-hhsc-assisted-living","Texas HHSC Assisted Living Facilities","https://services1.arcgis.com/jI1j5lArZnrgFYSc/ArcGIS/rest/services/Assisted_Living/FeatureServer/0","Texas Health and Human Services Commission"
"tx-hhsc-assisted-living:106788","AVANTI SENIOR LIVING AT FLOWER MOUND","106788","assisted_living","Assisted Living","DENTON","4041 LONG PRAIRIE ROAD","FLOWER MOUND","TX","75028","(469) 294-1080","","98","","","","","","","","true","33.0406","-97.0707","195.7","tx-hhsc-assisted-living","Texas HHSC Assisted Living Facilities","https://services1.arcgis.com/jI1j5lArZnrgFYSc/ArcGIS/rest/services/Assisted_Living/FeatureServer/0","Texas Health and Human Services Commission"
"tx-hhsc-assisted-living:105078","FOUR SEASONS SENIOR LIVING III","105078","assisted_living","Assisted Living","DENTON","3805 GILLESPIE DR","CARROLLTON","TX","75010","(214) 492-2452","(214) 295-0827","5","","","","","","","","true","33.0162","-96.9416","195.7","tx-hhsc-assisted-living","Texas HHSC Assisted Living Facilities","https://services1.arcgis.com/jI1j5lArZnrgFYSc/ArcGIS/rest/services/Assisted_Living/FeatureServer/0","Texas Health and Human Services Commission"
"tx-hhsc-assisted-living:105439","HOPE LIVING GROUP HOME, LLC","105439","assisted_living","Assisted Living","COLLIN","4311 BRETTON BAY LN","DALLAS","TX","75287","(972) 349-9251","(817) 719-3043","8","","","","","","","","true","32.9915","-96.8353","195.7","tx-hhsc-assisted-living","Texas HHSC Assisted Living Facilities","https://services1.arcgis.com/jI1j5lArZnrgFYSc/ArcGIS/rest/services/Assisted_Living/FeatureServer/0","Texas Health and Human Services Commission"
"tx-hhsc-assisted-living:100851","NEW HORIZON HOMES LLC","100851","assisted_living","Assisted Living","DALLAS","7304 CAMPBELL RD","DALLAS","TX","75248","(214) 469-4169","(214) 594-7750","8","","","","","","","","true","32.9779","-96.778","195.7","tx-hhsc-assisted-living","Texas HHSC Assisted Living Facilities","https://services1.arcgis.com/jI1j5lArZnrgFYSc/ArcGIS/rest/services/Assisted_Living/FeatureServer/0","Texas Health and Human Services Commission"
"tx-hhsc-assisted-living:105287","ROSEWOOD ASSISTED LIVING AND MEMORY CARE","105287","assisted_living","Assisted Living","DENTON","4141 LONG PRAIRIE RD","FLOWER MOUND","TX","75028","(972) 829-2050","(972) 829-2051","86","","","","","","","","true","33.0429","-97.0706","195.8","tx-hhsc-assisted-living","Texas HHSC Assisted Living Facilities","https://services1.arcgis.com/jI1j5lArZnrgFYSc/ArcGIS/rest/services/Assisted_Living/FeatureServer/0","Texas Health and Human Services Commission"
"tx-hhsc-assisted-living:030208","AVENDELLE ASSISTED LIVING SPANKY","030208","assisted_living","Assisted Living","DALLAS","6906 SPANKY BRANCH","DALLAS","TX","75248","(972) 380-0418","(972) 248-7827","8","","","","","","","","true","32.983","-96.7862","195.9","tx-hhsc-assisted-living","Texas HHSC Assisted Living Facilities","https://services1.arcgis.com/jI1j5lArZnrgFYSc/ArcGIS/rest/services/Assisted_Living/FeatureServer/0","Texas Health and Human Services Commission"
"tx-hhsc-assisted-living:030301","BROOKDALE SUMMER RIDGE","030301","assisted_living","Assisted Living","ROCKWALL","3020 RIDGE ROAD","ROCKWALL","TX","75032","(972) 771-2800","(972) 771-0340","140","","","","","","","","true","32.8877","-96.4744","195.9","tx-hhsc-assisted-living","Texas HHSC Assisted Living Facilities","https://services1.arcgis.com/jI1j5lArZnrgFYSc/ArcGIS/rest/services/Assisted_Living/FeatureServer/0","Texas Health and Human Services Commission"
"tx-hhsc-assisted-living:104581","EVERGREEN ASSISTED LIVING LLC","104581","assisted_living","Assisted Living","DALLAS","16830 HUNTERS POINT DR","DALLAS","TX","75248","(972) 733-2988","(972) 930-7966","8","","","","","","","","true","32.9804","-96.779","195.9","tx-hhsc-assisted-living","Texas HHSC Assisted Living Facilities","https://services1.arcgis.com/jI1j5lArZnrgFYSc/ArcGIS/rest/services/Assisted_Living/FeatureServer/0","Texas Health and Human Services Commission"
"tx-hhsc-assisted-living:105262","MANCHESTER QUEENS FERRY LLC","105262","assisted_living","Assisted Living","DALLAS","7701 QUEENSFERRY DRIVE","DALLAS","TX","75248","(972) 385-0664","(972) 385-0758","8","","","","","","","","true","32.9804","-96.774","195.9","tx-hhsc-assisted-living","Texas HHSC Assisted Living Facilities","https://services1.arcgis.com/jI1j5lArZnrgFYSc/ArcGIS/rest/services/Assisted_Living/FeatureServer/0","Texas Health and Human Services Commission"
"tx-hhsc-assisted-living:000305","VILLAGIO OF CARROLLTON","000305","assisted_living","Assisted Living","DENTON","1029 W SEMINOLE TRL","CARROLLTON","TX","75007","(972) 395-3553","(888) 753-6262","70","","","","","","","","true","33.0143","-96.9105","196","tx-hhsc-assisted-living","Texas HHSC Assisted Living Facilities","https://services1.arcgis.com/jI1j5lArZnrgFYSc/ArcGIS/rest/services/Assisted_Living/FeatureServer/0","Texas Health and Human Services Commission"
"tx-hhsc-assisted-living:103659","JACKSONS PLACE","103659","assisted_living","Assisted Living","DALLAS","7210 DUFFIELD DR","DALLAS","TX","75248","(972) 248-9795","(972) 248-8995","8","","","","","","","","true","32.9867","-96.7897","196.1","tx-hhsc-assisted-living","Texas HHSC Assisted Living Facilities","https://services1.arcgis.com/jI1j5lArZnrgFYSc/ArcGIS/rest/services/Assisted_Living/FeatureServer/0","Texas Health and Human Services Commission"
"tx-hhsc-assisted-living:106028","MAYBERRY GARDENS","106028","assisted_living","Assisted Living","DALLAS","3260 N GARLAND AVE","GARLAND","TX","75040","(972) 675-3603","(972) 675-3603","12","","","","","","","","true","32.9483","-96.6493","196.1","tx-hhsc-assisted-living","Texas HHSC Assisted Living Facilities","https://services1.arcgis.com/jI1j5lArZnrgFYSc/ArcGIS/rest/services/Assisted_Living/FeatureServer/0","Texas Health and Human Services Commission"
"tx-hhsc-assisted-living:030413","MAYBERRY GARDENS ASSISTED LIVING 2","030413","assisted_living","Assisted Living","DALLAS","3252 N GARLAND AVE","GARLAND","TX","75040","(468) 332-5961","(972) 675-3504","12","","","","","","","","true","32.9481","-96.649","196.1","tx-hhsc-assisted-living","Texas HHSC Assisted Living Facilities","https://services1.arcgis.com/jI1j5lArZnrgFYSc/ArcGIS/rest/services/Assisted_Living/FeatureServer/0","Texas Health and Human Services Commission"
"tx-hhsc-assisted-living:105351","MAYBERRY GARDENS ASSISTED LIVING FACILITY","105351","assisted_living","Assisted Living","DALLAS","3254 N GARLAND AVE","GARLAND","TX","75040","(972) 675-3603","(972) 675-3603","13","","","","","","","","true","32.9481","-96.649","196.1","tx-hhsc-assisted-living","Texas HHSC Assisted Living Facilities","https://services1.arcgis.com/jI1j5lArZnrgFYSc/ArcGIS/rest/services/Assisted_Living/FeatureServer/0","Texas Health and Human Services Commission"
"tx-hhsc-assisted-living:107275","MAYBERRY GARDENS HOUSE 4","107275","assisted_living","Assisted Living","DALLAS","3256 N GARLAND AVE","GARLAND","TX","75040","(972) 675-3603","(972) 675-3603","12","","","","","","","","true","32.9483","-96.6493","196.1","tx-hhsc-assisted-living","Texas HHSC Assisted Living Facilities","https://services1.arcgis.com/jI1j5lArZnrgFYSc/ArcGIS/rest/services/Assisted_Living/FeatureServer/0","Texas Health and Human Services Commission"
"tx-hhsc-assisted-living:030292","MAYBERRY GARDENS INC","030292","assisted_living","Assisted Living","DALLAS","3250 N GARLAND AVE","GARLAND","TX","75040","(972) 414-6394","(972) 675-3504","12","","","","","","","","true","32.9481","-96.6483","196.1","tx-hhsc-assisted-living","Texas HHSC Assisted Living Facilities","https://services1.arcgis.com/jI1j5lArZnrgFYSc/ArcGIS/rest/services/Assisted_Living/FeatureServer/0","Texas Health and Human Services Commission"
"tx-hhsc-assisted-living:100888","SILVER LEAF ASSISTED LIVING, LLC","100888","assisted_living","Assisted Living","DALLAS","17207 GRAYSTONE DRIVE","DALLAS","TX","75248","(914) 643-6335","(972) 732-6186","8","","","","","","","","true","32.9853","-96.781","196.1","tx-hhsc-assisted-living","Texas HHSC Assisted Living Facilities","https://services1.arcgis.com/jI1j5lArZnrgFYSc/ArcGIS/rest/services/Assisted_Living/FeatureServer/0","Texas Health and Human Services Commission"
"tx-hhsc-assisted-living:010273","THE MONARCH AT RICHARDSON","010273","assisted_living","Assisted Living","DALLAS","1493 RICHARDSON DRIVE","RICHARDSON","TX","75080","972 2313313","972 2312923","114","","","","","","","","true","32.9703","-96.7283","196.1","tx-hhsc-assisted-living","Texas HHSC Assisted Living Facilities","https://services1.arcgis.com/jI1j5lArZnrgFYSc/ArcGIS/rest/services/Assisted_Living/FeatureServer/0","Texas Health and Human Services Commission"
"tx-hhsc-assisted-living:105352","MAYBERRY GARDENS ASSISTED LIVING","105352","assisted_living","Assisted Living","DALLAS","3258 N GARLAND AVE","GARLAND","TX","75040","(972) 675-3603","(972) 675-3603","12","","","","","","","","true","32.9488","-96.6478","196.2","tx-hhsc-assisted-living","Texas HHSC Assisted Living Facilities","https://services1.arcgis.com/jI1j5lArZnrgFYSc/ArcGIS/rest/services/Assisted_Living/FeatureServer/0","Texas Health and Human Services Commission"
"tx-hhsc-assisted-living:050274","THE FAMILYS CHOICE","050274","assisted_living","Assisted Living","DALLAS","17217 GRAYSTONE DR","DALLAS","TX","75248","(972) 248-1075","(972) 248-1075","8","","","","","","","","true","32.9854","-96.7796","196.2","tx-hhsc-assisted-living","Texas HHSC Assisted Living Facilities","https://services1.arcgis.com/jI1j5lArZnrgFYSc/ArcGIS/rest/services/Assisted_Living/FeatureServer/0","Texas Health and Human Services Commission"
"tx-hhsc-assisted-living:107279","SILVER OAKS RESIDENTIAL ASSISTED LIVING","107279","assisted_living","Assisted Living","DENTON","2134 LYMINGTON RD","CARROLLTON","TX","75007","(469) 289-0206","(469) 892-5163","6","","","","","","","","true","33.0098","-96.8706","196.3","tx-hhsc-assisted-living","Texas HHSC Assisted Living Facilities","https://services1.arcgis.com/jI1j5lArZnrgFYSc/ArcGIS/rest/services/Assisted_Living/FeatureServer/0","Texas Health and Human Services Commission"
"tx-hhsc-assisted-living:106491","BEEHIVE ASSISTED LIVING  LEWISVILLE, FLOWER MOUND","106491","assisted_living","Assisted Living","DENTON","301 N. GARDEN RIDGE BLVD","LEWISVILLE","TX","75067","(972) 410-5100","(972) 905-7419","24","","","","","","","","true","33.045","-97.0352","196.4","tx-hhsc-assisted-living","Texas HHSC Assisted Living Facilities","https://services1.arcgis.com/jI1j5lArZnrgFYSc/ArcGIS/rest/services/Assisted_Living/FeatureServer/0","Texas Health and Human Services Commission"
"tx-hhsc-assisted-living:104686","MEADOW LAKE ASSISTED LIVING COMMUNITY","104686","assisted_living","Assisted Living","SMITH","16044 CR 165","TYLER","TX","75703","(903) 526-5599","(903) 526-3717","67","","","","","","","","true","32.2495","-95.3565","196.5","tx-hhsc-assisted-living","Texas HHSC Assisted Living Facilities","https://services1.arcgis.com/jI1j5lArZnrgFYSc/ArcGIS/rest/services/Assisted_Living/FeatureServer/0","Texas Health and Human Services Commission"
"tx-hhsc-assisted-living:104808","NEW HORIZON HOMES LLC","104808","assisted_living","Assisted Living","COLLIN","6806 ROCKY TOP CIRCLE","DALLAS","TX","75252","(972) 248-6316","","8","","","","","","","","true","32.9896","-96.7795","196.5","tx-hhsc-assisted-living","Texas HHSC Assisted Living Facilities","https://services1.arcgis.com/jI1j5lArZnrgFYSc/ArcGIS/rest/services/Assisted_Living/FeatureServer/0","Texas Health and Human Services Commission"
"tx-hhsc-assisted-living:101109","MAGNOLIA ASSISTED LIVING LLC","101109","assisted_living","Assisted Living","COLLIN","7038 LATTIMORE DR","DALLAS","TX","75252","(940) 783-2760","(214) 594-7127","8","","","","","","","","true","32.9924","-96.7811","196.6","tx-hhsc-assisted-living","Texas HHSC Assisted Living Facilities","https://services1.arcgis.com/jI1j5lArZnrgFYSc/ArcGIS/rest/services/Assisted_Living/FeatureServer/0","Texas Health and Human Services Commission"
"tx-hhsc-assisted-living:106770","TWIN RIVERS ASSISTED LIVING AND MEMORY CARE","106770","assisted_living","Assisted Living","DALLAS","1720 N. PLANO ROAD","RICHARDSON","TX","75081","(972) 979-4333","","122","","","","","","","","true","32.9705","-96.6981","196.6","tx-hhsc-assisted-living","Texas HHSC Assisted Living Facilities","https://services1.arcgis.com/jI1j5lArZnrgFYSc/ArcGIS/rest/services/Assisted_Living/FeatureServer/0","Texas Health and Human Services Commission"
"tx-hhsc-assisted-living:104957","COLONIAL OAKS AT ROCKWALL","104957","assisted_living","Assisted Living","ROCKWALL","225 E. RALPH HALL PARKWAY","ROCKWALL","TX","75032","(636) 226-7970","","50","","","","","","","","true","32.8975","-96.4588","196.8","tx-hhsc-assisted-living","Texas HHSC Assisted Living Facilities","https://services1.arcgis.com/jI1j5lArZnrgFYSc/ArcGIS/rest/services/Assisted_Living/FeatureServer/0","Texas Health and Human Services Commission"
"tx-hhsc-assisted-living:104248","TEXSEN GROUP HOMES LLC","104248","assisted_living","Assisted Living","DENTON","4304 WILLIAMSON LN","CARROLLTON","TX","75010","(469) 892-5332","(972) 939-4805","6","","","","","","","","true","33.0311","-96.9371","196.8","tx-hhsc-assisted-living","Texas HHSC Assisted Living Facilities","https://services1.arcgis.com/jI1j5lArZnrgFYSc/ArcGIS/rest/services/Assisted_Living/FeatureServer/0","Texas Health and Human Services Commission"
"tx-hhsc-assisted-living:107307","BEEHIVE HOMES LEWISVILLE OLD TOWN","107307","assisted_living","Assisted Living","DENTON","477 W MAIN","LEWISVILLE","TX","75057","(469) 312-3034","","16","","","","","","","","true","33.0466","-97.0038","196.9","tx-hhsc-assisted-living","Texas HHSC Assisted Living Facilities","https://services1.arcgis.com/jI1j5lArZnrgFYSc/ArcGIS/rest/services/Assisted_Living/FeatureServer/0","Texas Health and Human Services Commission"
"tx-hhsc-assisted-living:106642","GLORIOUS RESIDENTIAL PLACE","106642","assisted_living","Assisted Living","DALLAS","1800 LONGMONT PLACE","RICHARDSON","TX","75081","(469) 567-3900","(972) 578-0103","7","","","","","","","","true","32.9721","-96.692","196.9","tx-hhsc-assisted-living","Texas HHSC Assisted Living Facilities","https://services1.arcgis.com/jI1j5lArZnrgFYSc/ArcGIS/rest/services/Assisted_Living/FeatureServer/0","Texas Health and Human Services Commission"
"tx-hhsc-assisted-living:102820","GRAND BROOK MEMORY CARE OF GARLAND","102820","assisted_living","Assisted Living","DALLAS","5600 NORTH SHILOH RD","GARLAND","TX","75044","(972) 530-7700","(972) 530-7707","46","","","","","","","","true","32.9666","-96.6644","197","tx-hhsc-assisted-living","Texas HHSC Assisted Living Facilities","https://services1.arcgis.com/jI1j5lArZnrgFYSc/ArcGIS/rest/services/Assisted_Living/FeatureServer/0","Texas Health and Human Services Commission"
"tx-hhsc-assisted-living:010063","LEWISVILLE ESTATES","010063","assisted_living","Assisted Living","DENTON","800 COLLEGE PKWY","LEWISVILLE","TX","75067","(972) 434-1727","(972) 434-1728","60","","","","","","","","true","33.0503","-97.0148","197","tx-hhsc-assisted-living","Texas HHSC Assisted Living Facilities","https://services1.arcgis.com/jI1j5lArZnrgFYSc/ArcGIS/rest/services/Assisted_Living/FeatureServer/0","Texas Health and Human Services Commission"
"tx-hhsc-assisted-living:000315","BROOKDALE LEWISVILLE","000315","assisted_living","Assisted Living","DENTON","965 NORTH GARDEN RIDGE BLVD","LEWISVILLE","TX","75077","(972) 420-9600","(972) 420-7698","60","","","","","","","","true","33.0552","-97.0347","197.1","tx-hhsc-assisted-living","Texas HHSC Assisted Living Facilities","https://services1.arcgis.com/jI1j5lArZnrgFYSc/ArcGIS/rest/services/Assisted_Living/FeatureServer/0","Texas Health and Human Services Commission"
"tx-hhsc-assisted-living:105757","ROCK RIDGE ASSISTED LIVING AND MEMORY CARE","105757","assisted_living","Assisted Living","ROCKWALL","720 E. RALPH HALL PARKWAY","ROCKWALL","TX","75032","(469) 757-8300","","85","","","","","","","","true","32.8996","-96.4536","197.1","tx-hhsc-assisted-living","Texas HHSC Assisted Living Facilities","https://services1.arcgis.com/jI1j5lArZnrgFYSc/ArcGIS/rest/services/Assisted_Living/FeatureServer/0","Texas Health and Human Services Commission"
"tx-hhsc-assisted-living:105429","CONTINUING CARE AT HIGHLAND SPRINGS","105429","assisted_living","Assisted Living","COLLIN","7910 FRANKFORD ROAD","DALLAS","TX","75252","(972) 656-3500","(972) 232-8002","88","","","","","","","","true","32.9974","-96.7649","197.2","tx-hhsc-assisted-living","Texas HHSC Assisted Living Facilities","https://services1.arcgis.com/jI1j5lArZnrgFYSc/ArcGIS/rest/services/Assisted_Living/FeatureServer/0","Texas Health and Human Services Commission"
"tx-hhsc-assisted-living:030034","CRESTWOOD ASSISTED LIVING","030034","assisted_living","Assisted Living","VAN ZANDT","1440 HOUSTON STEET","WILLS POINT","TX","75169","903 8733400","903 8734011","72","","","","","","","","true","32.6997","-95.9931","197.2","tx-hhsc-assisted-living","Texas HHSC Assisted Living Facilities","https://services1.arcgis.com/jI1j5lArZnrgFYSc/ArcGIS/rest/services/Assisted_Living/FeatureServer/0","Texas Health and Human Services Commission"
"tx-hhsc-assisted-living:110302","DAVIS FAMILY ELDER CARE","110302","assisted_living","Assisted Living","DENTON","185 CHINN CHAPEL","DOUBLE OAK","TX","75077","(909) 917-5853","","8","","","","","","","","true","33.0661","-97.0886","197.2","tx-hhsc-assisted-living","Texas HHSC Assisted Living Facilities","https://services1.arcgis.com/jI1j5lArZnrgFYSc/ArcGIS/rest/services/Assisted_Living/FeatureServer/0","Texas Health and Human Services Commission"
"tx-hhsc-assisted-living:105851","SONOMA HOUSE ASSISTED LIVING LLC","105851","assisted_living","Assisted Living","DENTON","2032 E. HEBRON PARKWAY","CARROLLTON","TX","75007","(972) 385-0500","","16","","","","","","","","true","33.0241","-96.8758","197.2","tx-hhsc-assisted-living","Texas HHSC Assisted Living Facilities","https://services1.arcgis.com/jI1j5lArZnrgFYSc/ArcGIS/rest/services/Assisted_Living/FeatureServer/0","Texas Health and Human Services Commission"
"tx-hhsc-assisted-living:105850","SONOMA HOUSE ASSISTED LIVING LLC","105850","assisted_living","Assisted Living","DENTON","2036 E. HEBRON PARKWAY","CARROLLTON","TX","75007","(972) 385-0500","","16","","","","","","","","true","33.0245","-96.8766","197.2","tx-hhsc-assisted-living","Texas HHSC Assisted Living Facilities","https://services1.arcgis.com/jI1j5lArZnrgFYSc/ArcGIS/rest/services/Assisted_Living/FeatureServer/0","Texas Health and Human Services Commission"
"tx-hhsc-assisted-living:105849","SONOMA HOUSE ASSISTED LIVING LLC","105849","assisted_living","Assisted Living","DENTON","2040 E HEBRON PRWY","CARROLLTON","TX","75007","(972) 385-0500","","16","","","","","","","","true","33.0245","-96.8765","197.2","tx-hhsc-assisted-living","Texas HHSC Assisted Living Facilities","https://services1.arcgis.com/jI1j5lArZnrgFYSc/ArcGIS/rest/services/Assisted_Living/FeatureServer/0","Texas Health and Human Services Commission"
"tx-hhsc-assisted-living:105852","SONOMA HOUSE ASSISTED LIVING LLC","105852","assisted_living","Assisted Living","DENTON","2044 E. HEBRON PARKWAY","CARROLLTON","TX","75007","(972) 385-0500","","16","","","","","","","","true","33.0245","-96.8764","197.2","tx-hhsc-assisted-living","Texas HHSC Assisted Living Facilities","https://services1.arcgis.com/jI1j5lArZnrgFYSc/ArcGIS/rest/services/Assisted_Living/FeatureServer/0","Texas Health and Human Services Commission"
"tx-hhsc-assisted-living:105766","SONOMA HOUSE ASSISTED LIVING LLC","105766","assisted_living","Assisted Living","DENTON","2048 E. HEBRON PARKWAY","CARROLLTON","TX","75007","(972) 385-0500","(214) 463-2613","16","","","","","","","","true","33.0245","-96.8762","197.2","tx-hhsc-assisted-living","Texas HHSC Assisted Living Facilities","https://services1.arcgis.com/jI1j5lArZnrgFYSc/ArcGIS/rest/services/Assisted_Living/FeatureServer/0","Texas Health and Human Services Commission"
"tx-hhsc-assisted-living:105701","SONOMA HOUSE ASSISTED LIVING LLC","105701","assisted_living","Assisted Living","DENTON","2052 E. HEBRON PARKWAY","CARROLLTON","TX","75007","(972) 385-0500","","16","","","","","","","","true","33.0245","-96.8761","197.2","tx-hhsc-assisted-living","Texas HHSC Assisted Living Facilities","https://services1.arcgis.com/jI1j5lArZnrgFYSc/ArcGIS/rest/services/Assisted_Living/FeatureServer/0","Texas Health and Human Services Commission"
"tx-hhsc-assisted-living:105700","SONOMA HOUSE ASSISTED LIVING LLC","105700","assisted_living","Assisted Living","DENTON","2056 E. HEBRON PARKWAY","CARROLLTON","TX","75007","(972) 385-0500","","16","","","","","","","","true","33.0245","-96.876","197.2","tx-hhsc-assisted-living","Texas HHSC Assisted Living Facilities","https://services1.arcgis.com/jI1j5lArZnrgFYSc/ArcGIS/rest/services/Assisted_Living/FeatureServer/0","Texas Health and Human Services Commission"
"tx-hhsc-assisted-living:107055","THE OAKS AT LIBERTY GROVE","107055","assisted_living","Assisted Living","DALLAS","7904 CHIESA","ROWLETT","TX","75089","(469) 559-6601","(972) 755-4665","84","","","","","","","","true","32.9299","-96.5351","197.2","tx-hhsc-assisted-living","Texas HHSC Assisted Living Facilities","https://services1.arcgis.com/jI1j5lArZnrgFYSc/ArcGIS/rest/services/Assisted_Living/FeatureServer/0","Texas Health and Human Services Commission"
"tx-hhsc-assisted-living:110600","BEEHIVE HOMES OF ROWLETT","110600","assisted_living","Assisted Living","DALLAS","8315 CHIESA RD","ROWLETT","TX","75089","(469) 649-1177","","26","","","","","","","","true","32.9321","-96.5368","197.3","tx-hhsc-assisted-living","Texas HHSC Assisted Living Facilities","https://services1.arcgis.com/jI1j5lArZnrgFYSc/ArcGIS/rest/services/Assisted_Living/FeatureServer/0","Texas Health and Human Services Commission"
"tx-hhsc-assisted-living:101358","BREEZEWOOD ASSISTED LIVING INC","101358","assisted_living","Assisted Living","DENTON","1101 BREEZEWOOD DR","LEWISVILLE","TX","75067","(469) 464-4911","(469) 464-4911","8","","","","","","","","true","33.0553","-97.0193","197.3","tx-hhsc-assisted-living","Texas HHSC Assisted Living Facilities","https://services1.arcgis.com/jI1j5lArZnrgFYSc/ArcGIS/rest/services/Assisted_Living/FeatureServer/0","Texas Health and Human Services Commission"
"tx-hhsc-assisted-living:110642","KANDLE CARE","110642","assisted_living","Assisted Living","DENTON","1436 SUNSWEPT TERRACE","LEWISVILLE","TX","75077","","","6","","","","","","","","true","33.0579","-97.0338","197.3","tx-hhsc-assisted-living","Texas HHSC Assisted Living Facilities","https://services1.arcgis.com/jI1j5lArZnrgFYSc/ArcGIS/rest/services/Assisted_Living/FeatureServer/0","Texas Health and Human Services Commission"
"tx-hhsc-assisted-living:030359","ATRIA CARROLLTON","030359","assisted_living","Assisted Living","DENTON","1825 ARBOR CREEK DR","CARROLLTON","TX","75010","(972) 862-8700","(972) 307-5865","125","","","","","","","","true","33.0312","-96.8862","197.5","tx-hhsc-assisted-living","Texas HHSC Assisted Living Facilities","https://services1.arcgis.com/jI1j5lArZnrgFYSc/ArcGIS/rest/services/Assisted_Living/FeatureServer/0","Texas Health and Human Services Commission"
"tx-hhsc-assisted-living:105959","AVALON AT WILLOW BEND","105959","assisted_living","Assisted Living","DENTON","4229 MARSH LANE","CARROLLTON","TX","75007","(214) 752-7050","(214) 752-7054","32","","","","","","","","true","33.0235","-96.8532","197.5","tx-hhsc-assisted-living","Texas HHSC Assisted Living Facilities","https://services1.arcgis.com/jI1j5lArZnrgFYSc/ArcGIS/rest/services/Assisted_Living/FeatureServer/0","Texas Health and Human Services Commission"
"tx-hhsc-assisted-living:106406","AVALON AT WILLOW BEND II","106406","assisted_living","Assisted Living","DENTON","4233 MARSH LANE","CARROLLTON","TX","75007","(214) 752-7050","(214) 752-7054","25","","","","","","","","true","33.0241","-96.8536","197.5","tx-hhsc-assisted-living","Texas HHSC Assisted Living Facilities","https://services1.arcgis.com/jI1j5lArZnrgFYSc/ArcGIS/rest/services/Assisted_Living/FeatureServer/0","Texas Health and Human Services Commission"
"tx-hhsc-assisted-living:000799","SILVERMARK ASSISTED LIVING PLANO","000799","assisted_living","Assisted Living","COLLIN","5521 VILLAGE CREEK DR","PLANO","TX","75093","866 3046801","972 3003640","51","","","","","","","","true","33.014","-96.8113","197.5","tx-hhsc-assisted-living","Texas HHSC Assisted Living Facilities","https://services1.arcgis.com/jI1j5lArZnrgFYSc/ArcGIS/rest/services/Assisted_Living/FeatureServer/0","Texas Health and Human Services Commission"
"tx-hhsc-assisted-living:106352","ANTHOLOGY OF PLANO","106352","assisted_living","Assisted Living","COLLIN","3670 MAPLESHADE LANE","PLANO","TX","75075","(972) 964-8444","(972) 964-8445","112","","","","","","","","true","33.0025","-96.76","197.6","tx-hhsc-assisted-living","Texas HHSC Assisted Living Facilities","https://services1.arcgis.com/jI1j5lArZnrgFYSc/ArcGIS/rest/services/Assisted_Living/FeatureServer/0","Texas Health and Human Services Commission"
"tx-hhsc-assisted-living:000398","FLOWER MOUND ASSISTED LIVING COMMUNITY","000398","assisted_living","Assisted Living","DENTON","6051 MORRISS RD","FLOWER MOUND","TX","75028","(972) 539-9444","(972) 539-5063","50","","","","","","","","true","33.0676","-97.0626","197.6","tx-hhsc-assisted-living","Texas HHSC Assisted Living Facilities","https://services1.arcgis.com/jI1j5lArZnrgFYSc/ArcGIS/rest/services/Assisted_Living/FeatureServer/0","Texas Health and Human Services Commission"
"tx-hhsc-assisted-living:110312","NEURORESTORATIVE TEXAS","110312","assisted_living","Assisted Living","DALLAS","2301 W. CAMPBELL RD.","GARLAND","TX","75044","(469) 447-8984","(469) 447-8995","12","","","","","","","","true","32.9754","-96.6643","197.6","tx-hhsc-assisted-living","Texas HHSC Assisted Living Facilities","https://services1.arcgis.com/jI1j5lArZnrgFYSc/ArcGIS/rest/services/Assisted_Living/FeatureServer/0","Texas Health and Human Services Commission"
"tx-hhsc-assisted-living:105952","THE AUBERGE AT PLANO  A MEMORY CARE COMMUNITY","105952","assisted_living","Assisted Living","COLLIN","3690 MAPLESHADE LANE","PLANO","TX","75075","972 9850220","","90","","","","","","","","true","33.0025","-96.7614","197.6","tx-hhsc-assisted-living","Texas HHSC Assisted Living Facilities","https://services1.arcgis.com/jI1j5lArZnrgFYSc/ArcGIS/rest/services/Assisted_Living/FeatureServer/0","Texas Health and Human Services Commission"
"tx-hhsc-assisted-living:110388","CARIAD AT VILLAGE CREEK","110388","assisted_living","Assisted Living","COLLIN","5217 VILLAGE CREEK DRIVE","PLANO","TX","75093","(972) 735-0306","(972) 735-0326","65","","","","","","","","true","33.015","-96.8052","197.7","tx-hhsc-assisted-living","Texas HHSC Assisted Living Facilities","https://services1.arcgis.com/jI1j5lArZnrgFYSc/ArcGIS/rest/services/Assisted_Living/FeatureServer/0","Texas Health and Human Services Commission"
"tx-hhsc-assisted-living:106689","METROPLEX RESIDENTIAL SENIOR CARE LLC","106689","assisted_living","Assisted Living","DENTON","1209 LOGAN DR.","LEWISVILLE","TX","75077","(469) 236-0126","(214) 602-5441","6","","","","","","","","true","33.0637","-97.0323","197.7","tx-hhsc-assisted-living","Texas HHSC Assisted Living Facilities","https://services1.arcgis.com/jI1j5lArZnrgFYSc/ArcGIS/rest/services/Assisted_Living/FeatureServer/0","Texas Health and Human Services Commission"
"tx-hhsc-assisted-living:101033","AUTUMN LEAVES OF NORTH CARROLLTON AT CASTLE HILLS","101033","assisted_living","Assisted Living","DENTON","1800 KING ARTHUR BLVD","CARROLLTON","TX","75010","(972) 492-7700","(972) 492-7704","50","","","","","","","","true","33.0348","-96.8863","197.8","tx-hhsc-assisted-living","Texas HHSC Assisted Living Facilities","https://services1.arcgis.com/jI1j5lArZnrgFYSc/ArcGIS/rest/services/Assisted_Living/FeatureServer/0","Texas Health and Human Services Commission"
"tx-hhsc-assisted-living:110429","ARIEL POINTE SENIOR LIVING","110429","assisted_living","Assisted Living","DALLAS","3400 MILES RD.","SACHSE","TX","75048","(469) 661-0506","","97","","","","","","","","true","32.9557","-96.5819","197.9","tx-hhsc-assisted-living","Texas HHSC Assisted Living Facilities","https://services1.arcgis.com/jI1j5lArZnrgFYSc/ArcGIS/rest/services/Assisted_Living/FeatureServer/0","Texas Health and Human Services Commission"
"tx-hhsc-assisted-living:102151","RAMBLING OAKS COURTYARD ASSISTED LIVING RESIDENCE","102151","assisted_living","Assisted Living","DENTON","110 BARNETT BLVD","HIGHLAND VILLAGE","TX","75077","(972) 317-7733","(972) 317-7734","79","","","","","","","","true","33.0761","-97.0728","198","tx-hhsc-assisted-living","Texas HHSC Assisted Living Facilities","https://services1.arcgis.com/jI1j5lArZnrgFYSc/ArcGIS/rest/services/Assisted_Living/FeatureServer/0","Texas Health and Human Services Commission"
"tx-hhsc-assisted-living:106663","COLONIAL OAKS AT CAMPBELL PARK","106663","assisted_living","Assisted Living","DALLAS","1501 W CAMPBELL ROAD","GARLAND","TX","75044","972 5304182","","70","","","","","","","","true","32.9803","-96.6531","198.1","tx-hhsc-assisted-living","Texas HHSC Assisted Living Facilities","https://services1.arcgis.com/jI1j5lArZnrgFYSc/ArcGIS/rest/services/Assisted_Living/FeatureServer/0","Texas Health and Human Services Commission"
"tx-hhsc-assisted-living:030379","DIGNIFIED LIVING","030379","assisted_living","Assisted Living","COLLIN","2206 BLUE CYPRESS DR","RICHARDSON","TX","75082","(972) 907-1420","(972) 691-6530","7","","","","","","","","true","32.9897","-96.6815","198.2","tx-hhsc-assisted-living","Texas HHSC Assisted Living Facilities","https://services1.arcgis.com/jI1j5lArZnrgFYSc/ArcGIS/rest/services/Assisted_Living/FeatureServer/0","Texas Health and Human Services Commission"
"tx-hhsc-assisted-living:105791","OXFORD GLEN AT SACHSE","105791","assisted_living","Assisted Living","DALLAS","4546 BUNKER HILL RD","SACHSE","TX","75048","(214) 449-1884","(469) 814-9175","48","","","","","","","","true","32.9656","-96.6018","198.2","tx-hhsc-assisted-living","Texas HHSC Assisted Living Facilities","https://services1.arcgis.com/jI1j5lArZnrgFYSc/ArcGIS/rest/services/Assisted_Living/FeatureServer/0","Texas Health and Human Services Commission"
"tx-hhsc-assisted-living:102673","PRESTONWOOD COURT","102673","assisted_living","Assisted Living","COLLIN","7001 W PLANO PARKWAY","PLANO","TX","75093","(469) 521-7638","(972) 306-2285","132","","","","","","","","true","33.0341","-96.8517","198.2","tx-hhsc-assisted-living","Texas HHSC Assisted Living Facilities","https://services1.arcgis.com/jI1j5lArZnrgFYSc/ArcGIS/rest/services/Assisted_Living/FeatureServer/0","Texas Health and Human Services Commission"
"tx-hhsc-assisted-living:105554","ARBOR HILLS MEMORY CARE COMMUNITY","105554","assisted_living","Assisted Living","COLLIN","2625 W. PLANO PARKWAY","PLANO","TX","75075","(972) 509-8905","(972) 509-8906","69","","","","","","","","true","33.0085","-96.7419","198.3","tx-hhsc-assisted-living","Texas HHSC Assisted Living Facilities","https://services1.arcgis.com/jI1j5lArZnrgFYSc/ArcGIS/rest/services/Assisted_Living/FeatureServer/0","Texas Health and Human Services Commission"
"tx-hhsc-assisted-living:106269","THE HEALTHCARE RESORT OF PLANO","106269","assisted_living","Assisted Living","COLLIN","3325 W PLANO PKWY","PLANO","TX","75075","(972) 596-1260","(972) 596-1395","30","","","","","","","","true","33.0111","-96.7559","198.3","tx-hhsc-assisted-living","Texas HHSC Assisted Living Facilities","https://services1.arcgis.com/jI1j5lArZnrgFYSc/ArcGIS/rest/services/Assisted_Living/FeatureServer/0","Texas Health and Human Services Commission"
"tx-hhsc-assisted-living:110570","VILLAGE GREEN ALZHEIMER'S CARE HOME LLC","110570","assisted_living","Assisted Living","ROCKWALL","1192 N T L TOWNSEND DRIVE","ROCKWALL","TX","75032","","","28","","","","","","","","true","32.9174","-96.4509","198.3","tx-hhsc-assisted-living","Texas HHSC Assisted Living Facilities","https://services1.arcgis.com/jI1j5lArZnrgFYSc/ArcGIS/rest/services/Assisted_Living/FeatureServer/0","Texas Health and Human Services Commission"
"tx-hhsc-assisted-living:110617","THE HERITAGE HOUSE OF ROCKWALL","110617","assisted_living","Assisted Living","ROCKWALL","523 SHOREVIEW DRIVE","ROCKWALL","TX","75087","(469) 314-1684","","6","","","","","","","","true","32.9245","-96.4676","198.4","tx-hhsc-assisted-living","Texas HHSC Assisted Living Facilities","https://services1.arcgis.com/jI1j5lArZnrgFYSc/ArcGIS/rest/services/Assisted_Living/FeatureServer/0","Texas Health and Human Services Commission"
"tx-hhsc-assisted-living:000356","BROOKDALE COLLIN OAKS","000356","assisted_living","Assisted Living","COLLIN","4045 W 15TH ST","PLANO","TX","75093","(972) 519-0480","(972) 519-9765","116","","","","","","","","true","33.0189","-96.7699","198.6","tx-hhsc-assisted-living","Texas HHSC Assisted Living Facilities","https://services1.arcgis.com/jI1j5lArZnrgFYSc/ArcGIS/rest/services/Assisted_Living/FeatureServer/0","Texas Health and Human Services Commission"
"tx-hhsc-assisted-living:103043","FRANKIE LANE ASSISTED LIVING","103043","assisted_living","Assisted Living","DENTON","429 FRANKIE LANE","LEWISVILLE","TX","75057","(469) 587-9796","(972) 436-0547","12","","","","","","","","true","33.0748","-97.0175","198.6","tx-hhsc-assisted-living","Texas HHSC Assisted Living Facilities","https://services1.arcgis.com/jI1j5lArZnrgFYSc/ArcGIS/rest/services/Assisted_Living/FeatureServer/0","Texas Health and Human Services Commission"
"tx-hhsc-assisted-living:110547","NEURORESTORATIVE TEXAS","110547","assisted_living","Assisted Living","SMITH","6589 OAK HILL BLVD.","TYLER","TX","75703","(903) 201-4851","(903) 877-8707","16","","","","","","","","true","32.278","-95.34","198.6","tx-hhsc-assisted-living","Texas HHSC Assisted Living Facilities","https://services1.arcgis.com/jI1j5lArZnrgFYSc/ArcGIS/rest/services/Assisted_Living/FeatureServer/0","Texas Health and Human Services Commission"
"tx-hhsc-assisted-living:105019","OAK HILLS TERRACE MEMORY CARE","105019","assisted_living","Assisted Living","SMITH","2651 ELKTON TRAIL","TYLER","TX","75703","(903) 747-3927","(903) 939-9937","48","","","","","","","","true","32.278","-95.3392","198.6","tx-hhsc-assisted-living","Texas HHSC Assisted Living Facilities","https://services1.arcgis.com/jI1j5lArZnrgFYSc/ArcGIS/rest/services/Assisted_Living/FeatureServer/0","Texas Health and Human Services Commission"
"tx-hhsc-assisted-living:102886","THE FAMILY'S CHOICE","102886","assisted_living","Assisted Living","COLLIN","2212 BLUEBONNET DR","RICHARDSON","TX","75082","(214) 272-9755","(214) 272-9755","8","","","","","","","","true","32.995","-96.6808","198.6","tx-hhsc-assisted-living","Texas HHSC Assisted Living Facilities","https://services1.arcgis.com/jI1j5lArZnrgFYSc/ArcGIS/rest/services/Assisted_Living/FeatureServer/0","Texas Health and Human Services Commission"
"tx-hhsc-assisted-living:106731","BADER HOUSE OF PLANO","106731","assisted_living","Assisted Living","COLLIN","1667 W PLANO PKWY","PLANO","TX","75075","(972) 881-1826","(972) 881-1852","26","","","","","","","","true","33.0081","-96.7213","198.7","tx-hhsc-assisted-living","Texas HHSC Assisted Living Facilities","https://services1.arcgis.com/jI1j5lArZnrgFYSc/ArcGIS/rest/services/Assisted_Living/FeatureServer/0","Texas Health and Human Services Commission"
"tx-hhsc-assisted-living:102969","DIGNIFIED LIVING, LLC","102969","assisted_living","Assisted Living","COLLIN","3304 BLUE BELL PLACE","RICHARDSON","TX","75082","(972) 437-7827","(972) 434-7813","7","","","","","","","","true","32.9966","-96.6779","198.7","tx-hhsc-assisted-living","Texas HHSC Assisted Living Facilities","https://services1.arcgis.com/jI1j5lArZnrgFYSc/ArcGIS/rest/services/Assisted_Living/FeatureServer/0","Texas Health and Human Services Commission"
"tx-hhsc-assisted-living:106573","HERITAGE HOUSE OF RICHARDSON","106573","assisted_living","Assisted Living","COLLIN","2997 GREENFIELD DR","RICHARDSON","TX","75082","(214) 632-2382","(469) 573-9352","9","","","","","","","","true","32.9884","-96.6486","198.7","tx-hhsc-assisted-living","Texas HHSC Assisted Living Facilities","https://services1.arcgis.com/jI1j5lArZnrgFYSc/ArcGIS/rest/services/Assisted_Living/FeatureServer/0","Texas Health and Human Services Commission"
"tx-hhsc-assisted-living:110580","KENNY'S HEART SENIOR LIVING","110580","assisted_living","Assisted Living","DENTON","2024 ASPEN DRIVE","LEWISVILLE","TX","75077","469 240 0653","469 240 0653","12","","","","","","","","true","33.0799","-97.0427","198.7","tx-hhsc-assisted-living","Texas HHSC Assisted Living Facilities","https://services1.arcgis.com/jI1j5lArZnrgFYSc/ArcGIS/rest/services/Assisted_Living/FeatureServer/0","Texas Health and Human Services Commission"
"tx-hhsc-assisted-living:100148","WYNDHAM COURT OF PLANO","100148","assisted_living","Assisted Living","COLLIN","3000 MIDWAY ROAD","PLANO","TX","75093","(972) 473-7400","(972) 473-7403","88","","","","","","","","true","33.0413","-96.8387","198.9","tx-hhsc-assisted-living","Texas HHSC Assisted Living Facilities","https://services1.arcgis.com/jI1j5lArZnrgFYSc/ArcGIS/rest/services/Assisted_Living/FeatureServer/0","Texas Health and Human Services Commission"
"tx-hhsc-assisted-living:110513","PRIMROSE OF TYLER","110513","assisted_living","Assisted Living","SMITH","2780 THREE LAKES PARKWAY","TYLER","TX","75703","(903) 714-1048","(605) 226-2521","104","","","","","","","","true","32.2641","-95.3139","199","tx-hhsc-assisted-living","Texas HHSC Assisted Living Facilities","https://services1.arcgis.com/jI1j5lArZnrgFYSc/ArcGIS/rest/services/Assisted_Living/FeatureServer/0","Texas Health and Human Services Commission"
"tx-hhsc-assisted-living:030387","GARDEN ESTATES OF TYLER ASSISTED LIVING COMMUNITY","030387","assisted_living","Assisted Living","SMITH","2055 GRANDE BLVD","TYLER","TX","75703","(903) 534-0449","(903) 534-0462","70","","","","","","","","true","32.282","-95.3285","199.3","tx-hhsc-assisted-living","Texas HHSC Assisted Living Facilities","https://services1.arcgis.com/jI1j5lArZnrgFYSc/ArcGIS/rest/services/Assisted_Living/FeatureServer/0","Texas Health and Human Services Commission"
"tx-hhsc-assisted-living:102945","AZALEA TRAILS ASSISTED LIVING AND MEMORY CARE COMMUNITY","102945","assisted_living","Assisted Living","SMITH","5550 OLD JACKSONVILLE HWY","TYLER","TX","75703","903 5614307","903 5614603","54","","","","","","","","true","32.2859","-95.3287","199.4","tx-hhsc-assisted-living","Texas HHSC Assisted Living Facilities","https://services1.arcgis.com/jI1j5lArZnrgFYSc/ArcGIS/rest/services/Assisted_Living/FeatureServer/0","Texas Health and Human Services Commission"
"tx-hhsc-assisted-living:106251","LOCARDIA HOME CARE LIVING LLC","106251","assisted_living","Assisted Living","COLLIN","2609 WEBSTER DR","PLANO","TX","75075","(972) 964-8127","(972) 985-4548","5","","","","","","","","true","33.0262","-96.7434","199.5","tx-hhsc-assisted-living","Texas HHSC Assisted Living Facilities","https://services1.arcgis.com/jI1j5lArZnrgFYSc/ArcGIS/rest/services/Assisted_Living/FeatureServer/0","Texas Health and Human Services Commission"
"tx-hhsc-assisted-living:105102","SOUTHWEST ASSISTED LIVING","105102","assisted_living","Assisted Living","VAL VERDE","1088 AMISTAD BOULEVARD","DEL RIO","TX","78840","(830) 775-6400","","26","","","","","","","","true","29.4057","-100.9195","199.5","tx-hhsc-assisted-living","Texas HHSC Assisted Living Facilities","https://services1.arcgis.com/jI1j5lArZnrgFYSc/ArcGIS/rest/services/Assisted_Living/FeatureServer/0","Texas Health and Human Services Commission"
"tx-hhsc-assisted-living:105079","SOUTHWEST ASSISTED LIVING MEMORY CARE","105079","assisted_living","Assisted Living","VAL VERDE","78 TOMAHAWK TRAIL","DEL RIO","TX","78840","(830) 775-6400","(830) 775-6425","12","","","","","","","","true","29.4062","-100.9203","199.5","tx-hhsc-assisted-living","Texas HHSC Assisted Living Facilities","https://services1.arcgis.com/jI1j5lArZnrgFYSc/ArcGIS/rest/services/Assisted_Living/FeatureServer/0","Texas Health and Human Services Commission"
"tx-hhsc-assisted-living:110287","SUNNY OAK ASSISTED LIVING & MEMORY CARE HOME, LLC","110287","assisted_living","Assisted Living","COLLIN","2625 PIN OAK LANE","PLANO","TX","75075","(972) 596-6333","(972) 596-4859","5","","","","","","","","true","33.0291","-96.7429","199.7","tx-hhsc-assisted-living","Texas HHSC Assisted Living Facilities","https://services1.arcgis.com/jI1j5lArZnrgFYSc/ArcGIS/rest/services/Assisted_Living/FeatureServer/0","Texas Health and Human Services Commission"
"tx-hhsc-assisted-living:102620","SUNRISE SENIOR LIVING OF PLANO","102620","assisted_living","Assisted Living","COLLIN","4800 W PARKER RD","PLANO","TX","75093","(972) 985-9181","(972) 985-9196","123","","","","","","","","true","33.0414","-96.7917","199.7","tx-hhsc-assisted-living","Texas HHSC Assisted Living Facilities","https://services1.arcgis.com/jI1j5lArZnrgFYSc/ArcGIS/rest/services/Assisted_Living/FeatureServer/0","Texas Health and Human Services Commission"
"tx-hhsc-assisted-living:110469","LOCARDIA HOME CARE LIVING LLC","110469","assisted_living","Assisted Living","COLLIN","1504 SACRAMENTO TERRACE","PLANO","TX","75075","(214) 299-9819","(214) 501-2798","5","","","","","","","","true","33.0248","-96.7219","199.8","tx-hhsc-assisted-living","Texas HHSC Assisted Living Facilities","https://services1.arcgis.com/jI1j5lArZnrgFYSc/ArcGIS/rest/services/Assisted_Living/FeatureServer/0","Texas Health and Human Services Commission"
"tx-hhsc-assisted-living:105204","SILVER LEAF ASSISTED LIVING","105204","assisted_living","Assisted Living","COLLIN","3200 APPALACHIAN WAY","PLANO","TX","75075","(914) 643-6335","(972) 985-6075","8","","","","","","","","true","33.0345","-96.7549","199.8","tx-hhsc-assisted-living","Texas HHSC Assisted Living Facilities","https://services1.arcgis.com/jI1j5lArZnrgFYSc/ArcGIS/rest/services/Assisted_Living/FeatureServer/0","Texas Health and Human Services Commission"
"tx-hhsc-assisted-living:107073","SILVER LEAF ASSISTED LIVING, LLC","107073","assisted_living","Assisted Living","COLLIN","3204 APPALACHIAN WAY","PLANO","TX","75075","(914) 643-6335","(972) 867-6644","11","","","","","","","","true","33.0345","-96.7552","199.8","tx-hhsc-assisted-living","Texas HHSC Assisted Living Facilities","https://services1.arcgis.com/jI1j5lArZnrgFYSc/ArcGIS/rest/services/Assisted_Living/FeatureServer/0","Texas Health and Human Services Commission"
"tx-hhsc-assisted-living:107033","MUSTANG CREEK ESTATES SACHSE HOUSE A","107033","assisted_living","Assisted Living","COLLIN","3900 RANCH RD","SACHSE","TX","75048","(972) 342-3030","(972) 502-9985","16","","","","","","","","true","32.9877","-96.5863","199.9","tx-hhsc-assisted-living","Texas HHSC Assisted Living Facilities","https://services1.arcgis.com/jI1j5lArZnrgFYSc/ArcGIS/rest/services/Assisted_Living/FeatureServer/0","Texas Health and Human Services Commission"
"tx-hhsc-assisted-living:107252","MUSTANG CREEK ESTATES SACHSE HOUSE B","107252","assisted_living","Assisted Living","COLLIN","3900 RANCH ROAD","SACHSE","TX","75048","(972) 342-3030","(972) 502-9985","16","","","","","","","","true","32.9877","-96.5863","199.9","tx-hhsc-assisted-living","Texas HHSC Assisted Living Facilities","https://services1.arcgis.com/jI1j5lArZnrgFYSc/ArcGIS/rest/services/Assisted_Living/FeatureServer/0","Texas Health and Human Services Commission"
"tx-hhsc-assisted-living:107071","MUSTANG CREEK ESTATES SACHSE HOUSE C","107071","assisted_living","Assisted Living","COLLIN","3900 RANCH ROAD","SACHSE","TX","75048","(972) 342-3030","(972) 502-9985","14","","","","","","","","true","32.9877","-96.5863","199.9","tx-hhsc-assisted-living","Texas HHSC Assisted Living Facilities","https://services1.arcgis.com/jI1j5lArZnrgFYSc/ArcGIS/rest/services/Assisted_Living/FeatureServer/0","Texas Health and Human Services Commission"
"tx-hhsc-assisted-living:107197","MUSTANG CREEK ESTATES SACHSE HOUSE D","107197","assisted_living","Assisted Living","COLLIN","3900 RANCH ROAD","SACHSE","TX","75048","(972) 342-3030","(972) 502-9985","15","","","","","","","","true","32.9877","-96.5863","199.9","tx-hhsc-assisted-living","Texas HHSC Assisted Living Facilities","https://services1.arcgis.com/jI1j5lArZnrgFYSc/ArcGIS/rest/services/Assisted_Living/FeatureServer/0","Texas Health and Human Services Commission"
"tx-hhsc-assisted-living:107172","MUSTANG CREEK ESTATES SACHSE HOUSES E AND F","107172","assisted_living","Assisted Living","COLLIN","3900 RANCH ROAD","SACHSE","TX","75048","(972) 342-3030","(972) 502-9985","30","","","","","","","","true","32.9877","-96.5863","199.9","tx-hhsc-assisted-living","Texas HHSC Assisted Living Facilities","https://services1.arcgis.com/jI1j5lArZnrgFYSc/ArcGIS/rest/services/Assisted_Living/FeatureServer/0","Texas Health and Human Services Commission"
"tx-hhsc-assisted-living:010226","BROOKDALE TYLER SOUTH","010226","assisted_living","Assisted Living","SMITH","5403 PLANTATION DR","TYLER","TX","75703","(903) 534-4955","(903) 534-1311","56","","","","","","","","true","32.2905","-95.3209","200","tx-hhsc-assisted-living","Texas HHSC Assisted Living Facilities","https://services1.arcgis.com/jI1j5lArZnrgFYSc/ArcGIS/rest/services/Assisted_Living/FeatureServer/0","Texas Health and Human Services Commission"
"tx-hhsc-assisted-living:000308","EAST TEXAS ALF REUNION INN LLC","000308","assisted_living","Assisted Living","SMITH","1515 RICE RD","TYLER","TX","75703","(903) 581-6100","(903) 581-1119","51","","","","","","","","true","32.2924","-95.3229","200","tx-hhsc-assisted-living","Texas HHSC Assisted Living Facilities","https://services1.arcgis.com/jI1j5lArZnrgFYSc/ArcGIS/rest/services/Assisted_Living/FeatureServer/0","Texas Health and Human Services Commission"
"tx-hhsc-assisted-living:103405","MISSION RIDGE RESIDENTIAL CARE","103405","assisted_living","Assisted Living","COLLIN","3320 CANONCITA LN","PLANO","TX","75023","(972) 985-6050","(972) 985-4793","8","","","","","","","","true","33.0427","-96.7594","200.3","tx-hhsc-assisted-living","Texas HHSC Assisted Living Facilities","https://services1.arcgis.com/jI1j5lArZnrgFYSc/ArcGIS/rest/services/Assisted_Living/FeatureServer/0","Texas Health and Human Services Commission"
"tx-hhsc-assisted-living:110626","ZENITH CARE INC","110626","assisted_living","Assisted Living","COLLIN","1513 BAFFIN BAY DRIVE","PLANO","TX","75075","(469) 268-2319","(469) 209-0073","5","","","","","","","","true","33.034","-96.7244","200.3","tx-hhsc-assisted-living","Texas HHSC Assisted Living Facilities","https://services1.arcgis.com/jI1j5lArZnrgFYSc/ArcGIS/rest/services/Assisted_Living/FeatureServer/0","Texas Health and Human Services Commission"
"tx-hhsc-assisted-living:030269","THE ORCHARD","030269","assisted_living","Assisted Living","TYLER","805 W DOGWOOD ST","WOODVILLE","TX","75979","(409) 283-5678","(409) 283-2044","55","","","","","","","","true","30.7767","-94.4242","200.6","tx-hhsc-assisted-living","Texas HHSC Assisted Living Facilities","https://services1.arcgis.com/jI1j5lArZnrgFYSc/ArcGIS/rest/services/Assisted_Living/FeatureServer/0","Texas Health and Human Services Commission"
"tx-hhsc-assisted-living:107282","ARMS OF HOPE RESIDENTIAL CARE HOME","107282","assisted_living","Assisted Living","COLLIN","2517 DOWNING DR","PLANO","TX","75023","(972) 519-9545","(469) 298-2840","5","","","","","","","","true","33.0444","-96.7416","200.7","tx-hhsc-assisted-living","Texas HHSC Assisted Living Facilities","https://services1.arcgis.com/jI1j5lArZnrgFYSc/ArcGIS/rest/services/Assisted_Living/FeatureServer/0","Texas Health and Human Services Commission"
"tx-hhsc-assisted-living:105295","LYNRIDGE ASSISTED LIVING","105295","assisted_living","Assisted Living","COLLIN","304 WEST FM 544","MURPHY","TX","75094","(972) 544-7654","","90","","","","","","","","true","33.0101","-96.6187","200.7","tx-hhsc-assisted-living","Texas HHSC Assisted Living Facilities","https://services1.arcgis.com/jI1j5lArZnrgFYSc/ArcGIS/rest/services/Assisted_Living/FeatureServer/0","Texas Health and Human Services Commission"
"tx-hhsc-assisted-living:106449","SILVER LEAF ASSISTED LIVING, LLC","106449","assisted_living","Assisted Living","COLLIN","3417 CROSS BEND ROAD","PLANO","TX","75023","(914) 643-6335","(972) 867-6644","8","","","","","","","","true","33.0494","-96.7602","200.7","tx-hhsc-assisted-living","Texas HHSC Assisted Living Facilities","https://services1.arcgis.com/jI1j5lArZnrgFYSc/ArcGIS/rest/services/Assisted_Living/FeatureServer/0","Texas Health and Human Services Commission"
"tx-hhsc-assisted-living:103444","SILVER LEAF ASSISTED LIVING, LLC","103444","assisted_living","Assisted Living","COLLIN","3400 REMINGTON DRIVE","PLANO","TX","75023","(914) 643-6335","(972) 867-6644","8","","","","","","","","true","33.0509","-96.7598","200.8","tx-hhsc-assisted-living","Texas HHSC Assisted Living Facilities","https://services1.arcgis.com/jI1j5lArZnrgFYSc/ArcGIS/rest/services/Assisted_Living/FeatureServer/0","Texas Health and Human Services Commission"
"tx-hhsc-assisted-living:103432","THE LEGACY WILLOW BEND, INC","103432","assisted_living","Assisted Living","COLLIN","6101 OHIO DRIVE, SUITE 600","PLANO","TX","75024","(972) 468-6160","(972) 468-6169","72","","","","","","","","true","33.0578","-96.7923","200.8","tx-hhsc-assisted-living","Texas HHSC Assisted Living Facilities","https://services1.arcgis.com/jI1j5lArZnrgFYSc/ArcGIS/rest/services/Assisted_Living/FeatureServer/0","Texas Health and Human Services Commission"
"tx-hhsc-assisted-living:000947","ATRIA WILLOW PARK","000947","assisted_living","Assisted Living","SMITH","3500 S VINE AVE","TYLER","TX","75701","(903) 561-4302","(903) 561-2581","82","","","","","","","","true","32.3104","-95.3218","200.9","tx-hhsc-assisted-living","Texas HHSC Assisted Living Facilities","https://services1.arcgis.com/jI1j5lArZnrgFYSc/ArcGIS/rest/services/Assisted_Living/FeatureServer/0","Texas Health and Human Services Commission"
"tx-hhsc-assisted-living:104335","PENNY RELLA HOME CARE","104335","assisted_living","Assisted Living","SMITH","220 MAC ARTHUR ST","TYLER","TX","75704","(903) 705-2374","(903) 526-4094","4","","","","","","","","true","32.3503","-95.3662","201","tx-hhsc-assisted-living","Texas HHSC Assisted Living Facilities","https://services1.arcgis.com/jI1j5lArZnrgFYSc/ArcGIS/rest/services/Assisted_Living/FeatureServer/0","Texas Health and Human Services Commission"
"tx-hhsc-assisted-living:103159","PRESTIGE ESTATES LLC","103159","assisted_living","Assisted Living","SMITH","6928 PALUXY DR","TYLER","TX","75703","(903) 561-6102","(903) 561-6541","104","","","","","","","","true","32.2727","-95.2782","201","tx-hhsc-assisted-living","Texas HHSC Assisted Living Facilities","https://services1.arcgis.com/jI1j5lArZnrgFYSc/ArcGIS/rest/services/Assisted_Living/FeatureServer/0","Texas Health and Human Services Commission"
"tx-hhsc-assisted-living:030165","COLLIN CREEK ASSISTED LIVING CENTER INC","030165","assisted_living","Assisted Living","COLLIN","6400 CHEYENNE TR","PLANO","TX","75023","(972) 769-1109","(972) 769-1113","70","","","","","","","","true","33.0584","-96.7652","201.2","tx-hhsc-assisted-living","Texas HHSC Assisted Living Facilities","https://services1.arcgis.com/jI1j5lArZnrgFYSc/ArcGIS/rest/services/Assisted_Living/FeatureServer/0","Texas Health and Human Services Commission"
"tx-hhsc-assisted-living:102845","MORE THAN HOME RESIDENTIAL CARE","102845","assisted_living","Assisted Living","COLLIN","3109 PHAETON CT","PLANO","TX","75023","(972) 849-4529","(972) 599-4219","7","","","","","","","","true","33.0542","-96.7538","201.2","tx-hhsc-assisted-living","Texas HHSC Assisted Living Facilities","https://services1.arcgis.com/jI1j5lArZnrgFYSc/ArcGIS/rest/services/Assisted_Living/FeatureServer/0","Texas Health and Human Services Commission"
"tx-hhsc-assisted-living:000331","ATRIA COPELAND","000331","assisted_living","Assisted Living","SMITH","5317 NEW COPELAND RD","TYLER","TX","75703","(903) 509-9575","(903) 509-9890","80","","","","","","","","true","32.2917","-95.2915","201.3","tx-hhsc-assisted-living","Texas HHSC Assisted Living Facilities","https://services1.arcgis.com/jI1j5lArZnrgFYSc/ArcGIS/rest/services/Assisted_Living/FeatureServer/0","Texas Health and Human Services Commission"
"tx-hhsc-assisted-living:100348","THE WATERFORD AT PLANO ASSISTED LIVING COMMUNITY","100348","assisted_living","Assisted Living","COLLIN","3401 PREMIER DR","PLANO","TX","75023","(972) 423-7400","(972) 423-8898","57","","","","","","","","true","33.0453","-96.7061","201.4","tx-hhsc-assisted-living","Texas HHSC Assisted Living Facilities","https://services1.arcgis.com/jI1j5lArZnrgFYSc/ArcGIS/rest/services/Assisted_Living/FeatureServer/0","Texas Health and Human Services Commission"
"tx-hhsc-assisted-living:030015","AVALON MEMORY CARE  SPARROWS POINT","030015","assisted_living","Assisted Living","COLLIN","5013 SPARROWS PT","PLANO","TX","75023","(214) 752-7050","(214) 752-7054","8","","","","","","","","true","33.0542","-96.7329","201.5","tx-hhsc-assisted-living","Texas HHSC Assisted Living Facilities","https://services1.arcgis.com/jI1j5lArZnrgFYSc/ArcGIS/rest/services/Assisted_Living/FeatureServer/0","Texas Health and Human Services Commission"
"tx-hhsc-assisted-living:030296","ELISON ASSISTED LIVING & MEMORY CARE OF GRAHAM","030296","assisted_living","Assisted Living","YOUNG","1015 CLIFF DR","GRAHAM","TX","76450","(940) 549-8181","(940) 549-1171","80","","","","","","","","true","33.0975","-98.5674","201.5","tx-hhsc-assisted-living","Texas HHSC Assisted Living Facilities","https://services1.arcgis.com/jI1j5lArZnrgFYSc/ArcGIS/rest/services/Assisted_Living/FeatureServer/0","Texas Health and Human Services Commission"
"tx-hhsc-assisted-living:030297","ELMCROFT OF GRAHAM","030297","assisted_living","Assisted Living","YOUNG","1015 CLIFF DR","GRAHAM","TX","76450","(940) 549-8181","(940) 549-1171","16","","","","","","","","true","33.0975","-98.5674","201.5","tx-hhsc-assisted-living","Texas HHSC Assisted Living Facilities","https://services1.arcgis.com/jI1j5lArZnrgFYSc/ArcGIS/rest/services/Assisted_Living/FeatureServer/0","Texas Health and Human Services Commission"
"tx-hhsc-assisted-living:100450","VILLAGIO OF PLANO","100450","assisted_living","Assisted Living","COLLIN","2129 BAYHILL DR","PLANO","TX","75023","(972) 612-9336","(972) 612-7927","32","","","","","","","","true","33.057","-96.7376","201.6","tx-hhsc-assisted-living","Texas HHSC Assisted Living Facilities","https://services1.arcgis.com/jI1j5lArZnrgFYSc/ArcGIS/rest/services/Assisted_Living/FeatureServer/0","Texas Health and Human Services Commission"
"tx-hhsc-assisted-living:030404","BROOKDALE CREEKSIDE","030404","assisted_living","Assisted Living","COLLIN","2000 W SPRING CREEK PKWY","PLANO","TX","75023","(972) 312-9993","(972) 312-1984","56","","","","","","","","true","33.0578","-96.7302","201.8","tx-hhsc-assisted-living","Texas HHSC Assisted Living Facilities","https://services1.arcgis.com/jI1j5lArZnrgFYSc/ArcGIS/rest/services/Assisted_Living/FeatureServer/0","Texas Health and Human Services Commission"
"tx-hhsc-assisted-living:030405","SPRING CREEK","030405","assisted_living","Assisted Living","COLLIN","6410 OLD ORCHARD DR","PLANO","TX","75023","(972) 208-9865","(972) 208-9896","72","","","","","","","","true","33.0598","-96.7364","201.8","tx-hhsc-assisted-living","Texas HHSC Assisted Living Facilities","https://services1.arcgis.com/jI1j5lArZnrgFYSc/ArcGIS/rest/services/Assisted_Living/FeatureServer/0","Texas Health and Human Services Commission"
"tx-hhsc-assisted-living:106089","THE HERITAGE HOUSE OF MURPHY","106089","assisted_living","Assisted Living","COLLIN","612 MAIZE DR","MURPHY","TX","75094","(469) 250-1430","","6","","","","","","","","true","33.0225","-96.5992","201.9","tx-hhsc-assisted-living","Texas HHSC Assisted Living Facilities","https://services1.arcgis.com/jI1j5lArZnrgFYSc/ArcGIS/rest/services/Assisted_Living/FeatureServer/0","Texas Health and Human Services Commission"
"tx-hhsc-assisted-living:102496","GARDEN VIEW CARE HOME","102496","assisted_living","Assisted Living","COLLIN","6500 GENESEO CIR","PLANO","TX","75023","(214) 597-0473","(972) 491-5895","7","","","","","","","","true","33.0614","-96.7352","202","tx-hhsc-assisted-living","Texas HHSC Assisted Living Facilities","https://services1.arcgis.com/jI1j5lArZnrgFYSc/ArcGIS/rest/services/Assisted_Living/FeatureServer/0","Texas Health and Human Services Commission"
"tx-hhsc-assisted-living:103239","SILVER LEAF ASSISTED LIVING, LLC","103239","assisted_living","Assisted Living","COLLIN","2916 CHALFONT LANE","PLANO","TX","75023","(914) 643-6335","(972) 618-0962","8","","","","","","","","true","33.0687","-96.7488","202.2","tx-hhsc-assisted-living","Texas HHSC Assisted Living Facilities","https://services1.arcgis.com/jI1j5lArZnrgFYSc/ArcGIS/rest/services/Assisted_Living/FeatureServer/0","Texas Health and Human Services Commission"
"tx-hhsc-assisted-living:103676","EAST TEXAS ALF WATERTON INN LLC","103676","assisted_living","Assisted Living","SMITH","2885 SHILOH ROAD","TYLER","TX","75703","(903) 939-9664","(903) 939-0334","39","","","","","","","","true","32.2935","-95.2647","202.5","tx-hhsc-assisted-living","Texas HHSC Assisted Living Facilities","https://services1.arcgis.com/jI1j5lArZnrgFYSc/ArcGIS/rest/services/Assisted_Living/FeatureServer/0","Texas Health and Human Services Commission"
"tx-hhsc-assisted-living:110320","THE HERITAGE HOUSE OF PLANO, LLC","110320","assisted_living","Assisted Living","COLLIN","7517 WHITE CASTLE LANE","PLANO","TX","75025","(214) 632-2382","","8","","","","","","","","true","33.0791","-96.7638","202.6","tx-hhsc-assisted-living","Texas HHSC Assisted Living Facilities","https://services1.arcgis.com/jI1j5lArZnrgFYSc/ArcGIS/rest/services/Assisted_Living/FeatureServer/0","Texas Health and Human Services Commission"
"tx-hhsc-assisted-living:106589","HARBORCHASE OF PLANO","106589","assisted_living","Assisted Living","COLLIN","5340 TOWNE SQUARE DRIVE","PLANO","TX","75024","(972) 362-1110","(972) 362-1109","148","","","","","","","","true","33.0902","-96.8077","202.7","tx-hhsc-assisted-living","Texas HHSC Assisted Living Facilities","https://services1.arcgis.com/jI1j5lArZnrgFYSc/ArcGIS/rest/services/Assisted_Living/FeatureServer/0","Texas Health and Human Services Commission"
"tx-hhsc-assisted-living:110104","NEW HAVEN ASSISTED LIVING OF WYLIE LLC","110104","assisted_living","Assisted Living","COLLIN","800 WEST BROWN ST., BLDG. A","WYLIE","TX","75098","(214) 242-6982","(801) 606-2793","16","","","","","","","","true","33.0189","-96.55","202.7","tx-hhsc-assisted-living","Texas HHSC Assisted Living Facilities","https://services1.arcgis.com/jI1j5lArZnrgFYSc/ArcGIS/rest/services/Assisted_Living/FeatureServer/0","Texas Health and Human Services Commission"
"tx-hhsc-assisted-living:107240","NEW HAVEN ASSISTED LIVING OF WYLIE, LLC","107240","assisted_living","Assisted Living","COLLIN","800 W. BROWN ST.","WYLIE","TX","75098","(214) 242-6982","","16","","","","","","","","true","33.0189","-96.55","202.7","tx-hhsc-assisted-living","Texas HHSC Assisted Living Facilities","https://services1.arcgis.com/jI1j5lArZnrgFYSc/ArcGIS/rest/services/Assisted_Living/FeatureServer/0","Texas Health and Human Services Commission"
"tx-hhsc-assisted-living:103360","SILVER LEAF ASSISTED LIVING, LLC","103360","assisted_living","Assisted Living","COLLIN","3453 HEARST CASTLE WAY","PLANO","TX","75025","(914) 643-6335","(972) 618-0316","8","","","","","","","","true","33.0804","-96.7613","202.8","tx-hhsc-assisted-living","Texas HHSC Assisted Living Facilities","https://services1.arcgis.com/jI1j5lArZnrgFYSc/ArcGIS/rest/services/Assisted_Living/FeatureServer/0","Texas Health and Human Services Commission"
"tx-hhsc-assisted-living:104019","SUNRISE OF FRISCO","104019","assisted_living","Assisted Living","COLLIN","2680 LEGACY DRIVE","FRISCO","TX","75034","(469) 362-1313","(469) 362-1488","104","","","","","","","","true","33.1013","-96.8406","202.9","tx-hhsc-assisted-living","Texas HHSC Assisted Living Facilities","https://services1.arcgis.com/jI1j5lArZnrgFYSc/ArcGIS/rest/services/Assisted_Living/FeatureServer/0","Texas Health and Human Services Commission"
"tx-hhsc-assisted-living:000559","THE FOUNTAINS OF TYLER","000559","assisted_living","Assisted Living","SMITH","3323 GARDEN VALLEY RD","TYLER","TX","75702","(903) 592-8852","(903) 533-1565","16","","","","","","","","true","32.3687","-95.3412","202.9","tx-hhsc-assisted-living","Texas HHSC Assisted Living Facilities","https://services1.arcgis.com/jI1j5lArZnrgFYSc/ArcGIS/rest/services/Assisted_Living/FeatureServer/0","Texas Health and Human Services Commission"
"tx-hhsc-assisted-living:000558","THE FOUNTAINS OF TYLER","000558","assisted_living","Assisted Living","SMITH","3323 GARDEN VALLEY RD","TYLER","TX","75702","(903) 592-8852","(903) 533-1565","16","","","","","","","","true","32.3687","-95.3412","202.9","tx-hhsc-assisted-living","Texas HHSC Assisted Living Facilities","https://services1.arcgis.com/jI1j5lArZnrgFYSc/ArcGIS/rest/services/Assisted_Living/FeatureServer/0","Texas Health and Human Services Commission"
"tx-hhsc-assisted-living:000560","THE FOUNTAINS OF TYLER","000560","assisted_living","Assisted Living","SMITH","3323 GARDEN VALLEY RD","TYLER","TX","75702","(903) 592-8852","(903) 533-1565","16","","","","","","","","true","32.3687","-95.3412","202.9","tx-hhsc-assisted-living","Texas HHSC Assisted Living Facilities","https://services1.arcgis.com/jI1j5lArZnrgFYSc/ArcGIS/rest/services/Assisted_Living/FeatureServer/0","Texas Health and Human Services Commission"
"tx-hhsc-assisted-living:000316","THE FOUNTAINS OF TYLER","000316","assisted_living","Assisted Living","SMITH","3323 GARDEN VALLEY RD","TYLER","TX","75702","(903) 592-8852","(903) 533-1565","27","","","","","","","","true","32.3682","-95.3414","202.9","tx-hhsc-assisted-living","Texas HHSC Assisted Living Facilities","https://services1.arcgis.com/jI1j5lArZnrgFYSc/ArcGIS/rest/services/Assisted_Living/FeatureServer/0","Texas Health and Human Services Commission"
"tx-hhsc-assisted-living:110645","JOYFUL ASSISTED LIVING HOME LLC","110645","assisted_living","Assisted Living","COLLIN","1219 DESTINY COURT","WYLIE","TX","75098","(214) 901-1768","","6","","","","","","","","true","33.0131","-96.5104","203.1","tx-hhsc-assisted-living","Texas HHSC Assisted Living Facilities","https://services1.arcgis.com/jI1j5lArZnrgFYSc/ArcGIS/rest/services/Assisted_Living/FeatureServer/0","Texas Health and Human Services Commission"
"tx-hhsc-assisted-living:030217","AVENDELLE ASSISTED LIVING MERKSEM","030217","assisted_living","Assisted Living","COLLIN","2104 MERKSEM CT","PLANO","TX","75025","(972) 943-5999","(972) 943-0524","6","","","","","","","","true","33.0806","-96.7353","203.2","tx-hhsc-assisted-living","Texas HHSC Assisted Living Facilities","https://services1.arcgis.com/jI1j5lArZnrgFYSc/ArcGIS/rest/services/Assisted_Living/FeatureServer/0","Texas Health and Human Services Commission"
"tx-hhsc-assisted-living:100868","LAKE FOREST GOOD SAMARITAN VILLAGE ASSISTED LIVING","100868","assisted_living","Assisted Living","DENTON","3901 MONTECITO DR","DENTON","TX","76210","(940) 891-0856","(940) 891-0866","16","","","","","","","","true","33.1615","-97.1196","203.3","tx-hhsc-assisted-living","Texas HHSC Assisted Living Facilities","https://services1.arcgis.com/jI1j5lArZnrgFYSc/ArcGIS/rest/services/Assisted_Living/FeatureServer/0","Texas Health and Human Services Commission"
"tx-hhsc-assisted-living:101899","AUTUMN OAKS OF CORINTH  ASSISTED LIVING","101899","assisted_living","Assisted Living","DENTON","3440 CORINTH PKWY","CORINTH","TX","76208","(940) 321-9933","(940) 497-9200","42","","","","","","","","true","33.152","-97.0548","203.4","tx-hhsc-assisted-living","Texas HHSC Assisted Living Facilities","https://services1.arcgis.com/jI1j5lArZnrgFYSc/ArcGIS/rest/services/Assisted_Living/FeatureServer/0","Texas Health and Human Services Commission"
"tx-hhsc-assisted-living:106591","R L G DIGNIFIED LIVING OF PLANO LLC","106591","assisted_living","Assisted Living","COLLIN","2816 TALLAHASSEE COURT","PLANO","TX","75074","(4697861573972) 849-5667","(972) 767-3211","5","","","","","","","","true","33.0678","-96.6754","203.4","tx-hhsc-assisted-living","Texas HHSC Assisted Living Facilities","https://services1.arcgis.com/jI1j5lArZnrgFYSc/ArcGIS/rest/services/Assisted_Living/FeatureServer/0","Texas Health and Human Services Commission"
"tx-hhsc-assisted-living:110339","JOYFUL ASSISTED LIVING HOME,LLC","110339","assisted_living","Assisted Living","COLLIN","2931 GLENDALE DR","WYLIE","TX","75098","(408) 963-8271","","5","","","","","","","","true","33.0177","-96.4972","203.7","tx-hhsc-assisted-living","Texas HHSC Assisted Living Facilities","https://services1.arcgis.com/jI1j5lArZnrgFYSc/ArcGIS/rest/services/Assisted_Living/FeatureServer/0","Texas Health and Human Services Commission"
"tx-hhsc-assisted-living:110222","VANA CAPITAL GROUP LLC DBA ALMA RESIDENTIAL CARE","110222","assisted_living","Assisted Living","COLLIN","1117 BASS DR.","PLANO","TX","75025","(469) 573-5155","(972) 767-4587","5","","","","","","","","true","33.0823","-96.7136","203.7","tx-hhsc-assisted-living","Texas HHSC Assisted Living Facilities","https://services1.arcgis.com/jI1j5lArZnrgFYSc/ArcGIS/rest/services/Assisted_Living/FeatureServer/0","Texas Health and Human Services Commission"
"tx-hhsc-assisted-living:106330","MAYBERRY GARDENS","106330","assisted_living","Assisted Living","DENTON","3636 TEASELY LANE BUILDING #5","DENTON","TX","76210","(940) 600-4178","","16","","","","","","","","true","33.1673","-97.1108","203.8","tx-hhsc-assisted-living","Texas HHSC Assisted Living Facilities","https://services1.arcgis.com/jI1j5lArZnrgFYSc/ArcGIS/rest/services/Assisted_Living/FeatureServer/0","Texas Health and Human Services Commission"
"tx-hhsc-assisted-living:106310","MAYBERRY GARDENS ASSISTED LIVING & MEMORY CARE HOMES DENTON","106310","assisted_living","Assisted Living","DENTON","3636 TEASLEY LANE","DENTON","TX","76210","(940) 600-4178","(940) 600-4178","16","","","","","","","","true","33.1673","-97.1108","203.8","tx-hhsc-assisted-living","Texas HHSC Assisted Living Facilities","https://services1.arcgis.com/jI1j5lArZnrgFYSc/ArcGIS/rest/services/Assisted_Living/FeatureServer/0","Texas Health and Human Services Commission"
"tx-hhsc-assisted-living:106327","MAYBERRY GARDENS ASSISTED LIVING & MEMORY CARE HOMES DENTON HOUSE 2","106327","assisted_living","Assisted Living","DENTON","3636 TEASLEY LANE #2","DENTON","TX","76210","(940) 600-4178","(940) 600-4178","16","","","","","","","","true","33.1673","-97.1108","203.8","tx-hhsc-assisted-living","Texas HHSC Assisted Living Facilities","https://services1.arcgis.com/jI1j5lArZnrgFYSc/ArcGIS/rest/services/Assisted_Living/FeatureServer/0","Texas Health and Human Services Commission"
"tx-hhsc-assisted-living:106328","MAYBERRY GARDENS ASSISTED LIVING & MEMORY CARE HOMES DENTON HOUSE 3","106328","assisted_living","Assisted Living","DENTON","3636 TEASLEY LANE #3","DENTON","TX","76210","(940) 600-4178","","16","","","","","","","","true","33.1673","-97.1108","203.8","tx-hhsc-assisted-living","Texas HHSC Assisted Living Facilities","https://services1.arcgis.com/jI1j5lArZnrgFYSc/ArcGIS/rest/services/Assisted_Living/FeatureServer/0","Texas Health and Human Services Commission"
"tx-hhsc-assisted-living:106329","MAYBERRY GARDENS ASSISTED LIVING & MEMORY CARE HOMES DENTON HOUSE 4","106329","assisted_living","Assisted Living","DENTON","3636 TEASLEY LN. BLDG 4","DENTON","TX","76210","(940) 600-4178","(940) 600-4178","16","","","","","","","","true","33.1673","-97.1108","203.8","tx-hhsc-assisted-living","Texas HHSC Assisted Living Facilities","https://services1.arcgis.com/jI1j5lArZnrgFYSc/ArcGIS/rest/services/Assisted_Living/FeatureServer/0","Texas Health and Human Services Commission"
"tx-hhsc-assisted-living:000800","BROOKDALE TYLER EAST","000800","assisted_living","Assisted Living","SMITH","3505 UNIVERSITY BLVD","TYLER","TX","75701","(903) 565-0800","(903) 565-0802","50","","","","","","","","true","32.3114","-95.2522","203.9","tx-hhsc-assisted-living","Texas HHSC Assisted Living Facilities","https://services1.arcgis.com/jI1j5lArZnrgFYSc/ArcGIS/rest/services/Assisted_Living/FeatureServer/0","Texas Health and Human Services Commission"
"tx-hhsc-assisted-living:000473","THE RESIDENCES AT BRIDGEPOINT MEDICAL LODGE","000473","assisted_living","Assisted Living","WISE","2106 15TH ST","BRIDGEPORT","TX","76426","(940) 683-6307","(940) 683-3184","36","","","","","","","","true","33.2191","-97.7521","204","tx-hhsc-assisted-living","Texas HHSC Assisted Living Facilities","https://services1.arcgis.com/jI1j5lArZnrgFYSc/ArcGIS/rest/services/Assisted_Living/FeatureServer/0","Texas Health and Human Services Commission"
"tx-hhsc-assisted-living:106236","JOYFUL ASSISTED LIVING OF ALLEN LLC","106236","assisted_living","Assisted Living","COLLIN","713 ROLLING HILLS DRIVE","ALLEN","TX","75002","(214) 901-1768","(866) 508-5011","7","","","","","","","","true","33.0761","-96.6636","204.2","tx-hhsc-assisted-living","Texas HHSC Assisted Living Facilities","https://services1.arcgis.com/jI1j5lArZnrgFYSc/ArcGIS/rest/services/Assisted_Living/FeatureServer/0","Texas Health and Human Services Commission"
"tx-hhsc-assisted-living:110217","LAKE POINT ASSISTED LIVING LLC","110217","assisted_living","Assisted Living","DENTON","20000 FIDDLERS GREEN ROAD","FRISCO","TX","75036","(214) 937-4800","","16","","","","","","","","true","33.1417","-96.9342","204.2","tx-hhsc-assisted-living","Texas HHSC Assisted Living Facilities","https://services1.arcgis.com/jI1j5lArZnrgFYSc/ArcGIS/rest/services/Assisted_Living/FeatureServer/0","Texas Health and Human Services Commission"
"tx-hhsc-assisted-living:103375","THE HAMPTONS SENIOR LIVING","103375","assisted_living","Assisted Living","SMITH","4250 OLD OMEN RD","TYLER","TX","75707","(903) 566-8931","(903) 566-8506","108","","","","","","","","true","32.3007","-95.2327","204.2","tx-hhsc-assisted-living","Texas HHSC Assisted Living Facilities","https://services1.arcgis.com/jI1j5lArZnrgFYSc/ArcGIS/rest/services/Assisted_Living/FeatureServer/0","Texas Health and Human Services Commission"
"tx-hhsc-assisted-living:110357","BEEHIVE HOMES OF FRISCO","110357","assisted_living","Assisted Living","DENTON","BUILDING A, 2660 A TIMBER RIDGE DRIVE","FRISCO","TX","75034","(469) 362-8232","(469) 362-6016","16","","","","","","","","true","33.1204","-96.8321","204.3","tx-hhsc-assisted-living","Texas HHSC Assisted Living Facilities","https://services1.arcgis.com/jI1j5lArZnrgFYSc/ArcGIS/rest/services/Assisted_Living/FeatureServer/0","Texas Health and Human Services Commission"
"tx-hhsc-assisted-living:110420","BEEHIVE HOMES OF FRISCO","110420","assisted_living","Assisted Living","DENTON","2660 B TIMBER RIDGE DRIVE, BUILDING B,","FRISCO","TX","75034","(469) 362-8232","(469) 362-6016","16","","","","","","","","true","33.1204","-96.8321","204.3","tx-hhsc-assisted-living","Texas HHSC Assisted Living Facilities","https://services1.arcgis.com/jI1j5lArZnrgFYSc/ArcGIS/rest/services/Assisted_Living/FeatureServer/0","Texas Health and Human Services Commission"
"tx-hhsc-assisted-living:103403","A JOYFUL JOURNEY ASSISTED LIVING LLC","103403","assisted_living","Assisted Living","DENTON","804 ABBOTS LN","DENTON","TX","76205","(940) 393-2273","","6","","","","","","","","true","33.1785","-97.124","204.4","tx-hhsc-assisted-living","Texas HHSC Assisted Living Facilities","https://services1.arcgis.com/jI1j5lArZnrgFYSc/ArcGIS/rest/services/Assisted_Living/FeatureServer/0","Texas Health and Human Services Commission"
"tx-hhsc-assisted-living:106341","BEEHIVE HOMES OF FRISCO","106341","assisted_living","Assisted Living","DENTON","2660 TIMBER RIDGE DRIVE","FRISCO","TX","75036","(805) 304-0144","","25","","","","","","","","true","33.1299","-96.8675","204.4","tx-hhsc-assisted-living","Texas HHSC Assisted Living Facilities","https://services1.arcgis.com/jI1j5lArZnrgFYSc/ArcGIS/rest/services/Assisted_Living/FeatureServer/0","Texas Health and Human Services Commission"
"tx-hhsc-assisted-living:110538","SKYWAY SENIOR CARE HOME LLC","110538","assisted_living","Assisted Living","DENTON","812 CHAPEL DRIVE","DENTON","TX","76205","","(940) 468-7252","6","","","","","","","","true","33.178","-97.1224","204.4","tx-hhsc-assisted-living","Texas HHSC Assisted Living Facilities","https://services1.arcgis.com/jI1j5lArZnrgFYSc/ArcGIS/rest/services/Assisted_Living/FeatureServer/0","Texas Health and Human Services Commission"
"tx-hhsc-assisted-living:030309","BROOKDALE DENTON SOUTH","030309","assisted_living","Assisted Living","DENTON","2525 LILLIAN MILLER PARKWAY","DENTON","TX","76210","(940) 320-1926","(940) 566-1360","64","","","","","","","","true","33.1828","-97.1085","204.9","tx-hhsc-assisted-living","Texas HHSC Assisted Living Facilities","https://services1.arcgis.com/jI1j5lArZnrgFYSc/ArcGIS/rest/services/Assisted_Living/FeatureServer/0","Texas Health and Human Services Commission"
"tx-hhsc-assisted-living:105153","FOUR SEASONS SENIOR LIVING II","105153","assisted_living","Assisted Living","COLLIN","9620 BULL CREEK","PLANO","TX","75023","(972) 422-1562","(972) 584-9885","5","","","","","","","","true","33.1094","-96.7512","204.9","tx-hhsc-assisted-living","Texas HHSC Assisted Living Facilities","https://services1.arcgis.com/jI1j5lArZnrgFYSc/ArcGIS/rest/services/Assisted_Living/FeatureServer/0","Texas Health and Human Services Commission"
"tx-hhsc-assisted-living:104333","EAGLE RIDGE ALZHEIMER'S SPECIAL CARE CENTER","104333","assisted_living","Assisted Living","DENTON","2505 BRINKER ROAD","SHADY SHORES","TX","76208","940 3231710","940 3231712","50","","","","","","","","true","33.1836","-97.0973","205","tx-hhsc-assisted-living","Texas HHSC Assisted Living Facilities","https://services1.arcgis.com/jI1j5lArZnrgFYSc/ArcGIS/rest/services/Assisted_Living/FeatureServer/0","Texas Health and Human Services Commission"
"tx-hhsc-assisted-living:000668","THE ARBOR ASSISTED LIVING","000668","assisted_living","Assisted Living","NACOGDOCHES","3002 WESTWARD DR","NACOGDOCHES","TX","75964","(936) 560-1272","(936) 560-1682","90","","","","","","","","true","31.6539","-94.6849","205","tx-hhsc-assisted-living","Texas HHSC Assisted Living Facilities","https://services1.arcgis.com/jI1j5lArZnrgFYSc/ArcGIS/rest/services/Assisted_Living/FeatureServer/0","Texas Health and Human Services Commission"
"tx-hhsc-assisted-living:106486","THE COTTAGES AT CHAPEL CREEK","106486","assisted_living","Assisted Living","COLLIN","8111 WADE BOULEVARD","FRISCO","TX","75034","(972) 668-5200","(972) 668-5201","90","","","","","","","","true","33.1286","-96.8131","205.1","tx-hhsc-assisted-living","Texas HHSC Assisted Living Facilities","https://services1.arcgis.com/jI1j5lArZnrgFYSc/ArcGIS/rest/services/Assisted_Living/FeatureServer/0","Texas Health and Human Services Commission"
"tx-hhsc-assisted-living:106750","CHRISTIAN CARE COMMUNITIES AND SERVICES ALLEN","106750","assisted_living","Assisted Living","COLLIN","560 PRESTIGE CIRCLE","ALLEN","TX","75002","(972) 686-2460","(972) 529-7011","88","","","","","","","","true","33.0912","-96.6649","205.2","tx-hhsc-assisted-living","Texas HHSC Assisted Living Facilities","https://services1.arcgis.com/jI1j5lArZnrgFYSc/ArcGIS/rest/services/Assisted_Living/FeatureServer/0","Texas Health and Human Services Commission"
"tx-hhsc-assisted-living:105024","MAGNOLIA ASSISTED LIVING LLCCEDAR CREEK","105024","assisted_living","Assisted Living","COLLIN","3259 CEDAR CREEK TRAIL","FRISCO","TX","75034","(940) 783-2760","(214) 594-7127","9","","","","","","","","true","33.1407","-96.861","205.2","tx-hhsc-assisted-living","Texas HHSC Assisted Living Facilities","https://services1.arcgis.com/jI1j5lArZnrgFYSc/ArcGIS/rest/services/Assisted_Living/FeatureServer/0","Texas Health and Human Services Commission"
"tx-hhsc-assisted-living:106350","VITALITY COURT TEXAS STAR","106350","assisted_living","Assisted Living","COLLIN","650 S GREENVILLE AVENUE","ALLEN","TX","75002","(972) 678-5400","(972) 678-4019","111","","","","","","","","true","33.0931","-96.6687","205.2","tx-hhsc-assisted-living","Texas HHSC Assisted Living Facilities","https://services1.arcgis.com/jI1j5lArZnrgFYSc/ArcGIS/rest/services/Assisted_Living/FeatureServer/0","Texas Health and Human Services Commission"
"tx-hhsc-assisted-living:104946","WILLOW BEND ASSISTED LIVING AND MEMORY CARE","104946","assisted_living","Assisted Living","DENTON","2125 BRINKER ROAD","DENTON","TX","76208","(940) 381-3000","(940) 381-0600","86","","","","","","","","true","33.1853","-97.0949","205.2","tx-hhsc-assisted-living","Texas HHSC Assisted Living Facilities","https://services1.arcgis.com/jI1j5lArZnrgFYSc/ArcGIS/rest/services/Assisted_Living/FeatureServer/0","Texas Health and Human Services Commission"
"tx-hhsc-assisted-living:104406","WILLOW CREEK SENIOR LIVING LLC","104406","assisted_living","Assisted Living","COLLIN","304 WILLOW CREEK CIRCLE","ALLEN","TX","75002","(214) 383-9077","(214) 383-7594","14","","","","","","","","true","33.0941","-96.6675","205.3","tx-hhsc-assisted-living","Texas HHSC Assisted Living Facilities","https://services1.arcgis.com/jI1j5lArZnrgFYSc/ArcGIS/rest/services/Assisted_Living/FeatureServer/0","Texas Health and Human Services Commission"
"tx-hhsc-assisted-living:106583","ANTHOLOGY OF DENTON","106583","assisted_living","Assisted Living","DENTON","1919 BRINKER ROAD","DENTON","TX","76208","(940) 380-9494","(940) 380-9191","114","","","","","","","","true","33.1882","-97.0945","205.4","tx-hhsc-assisted-living","Texas HHSC Assisted Living Facilities","https://services1.arcgis.com/jI1j5lArZnrgFYSc/ArcGIS/rest/services/Assisted_Living/FeatureServer/0","Texas Health and Human Services Commission"
"tx-hhsc-assisted-living:104699","HERITAGE HOUSE OF ALLEN","104699","assisted_living","Assisted Living","COLLIN","1521 YORKSHIRE DR","ALLEN","TX","75002","(214) 785-7695","(469) 573-9352","8","","","","","","","","true","33.0845","-96.6293","205.4","tx-hhsc-assisted-living","Texas HHSC Assisted Living Facilities","https://services1.arcgis.com/jI1j5lArZnrgFYSc/ArcGIS/rest/services/Assisted_Living/FeatureServer/0","Texas Health and Human Services Commission"
"tx-hhsc-assisted-living:103492","MUSTANG CREEK ESTATES ALLEN HOUSE 4","103492","assisted_living","Assisted Living","COLLIN","716 CREEK VALLEY CT","ALLEN","TX","75002","(214) 396-5828","(972) 502-9985","13","","","","","","","","true","33.0906","-96.6472","205.4","tx-hhsc-assisted-living","Texas HHSC Assisted Living Facilities","https://services1.arcgis.com/jI1j5lArZnrgFYSc/ArcGIS/rest/services/Assisted_Living/FeatureServer/0","Texas Health and Human Services Commission"
"tx-hhsc-assisted-living:102182","MUSTANG CREEK ESTATES ALLEN HOUSE 5 AND 6","102182","assisted_living","Assisted Living","COLLIN","720 CREEK VALLEY COURT","ALLEN","TX","75002","(214) 396-5828","(972) 502-9985","26","","","","","","","","true","33.0904","-96.6465","205.4","tx-hhsc-assisted-living","Texas HHSC Assisted Living Facilities","https://services1.arcgis.com/jI1j5lArZnrgFYSc/ArcGIS/rest/services/Assisted_Living/FeatureServer/0","Texas Health and Human Services Commission"
"tx-hhsc-assisted-living:100201","PARSONS HOUSE FRISCO","100201","assisted_living","Assisted Living","COLLIN","5850 OHIO DRIVE","FRISCO","TX","75035","(972) 668-4100","(972) 668-4161","100","","","","","","","","true","33.1272","-96.7921","205.4","tx-hhsc-assisted-living","Texas HHSC Assisted Living Facilities","https://services1.arcgis.com/jI1j5lArZnrgFYSc/ArcGIS/rest/services/Assisted_Living/FeatureServer/0","Texas Health and Human Services Commission"
"tx-hhsc-assisted-living:102185","MUSTANG CREEK ESTATES ALLEN HOUSE 1","102185","assisted_living","Assisted Living","COLLIN","710 CREEK VALLEY COURT","ALLEN","TX","75002","(972) 359-0200","(469) 519-1042","13","","","","","","","","true","33.091","-96.6467","205.5","tx-hhsc-assisted-living","Texas HHSC Assisted Living Facilities","https://services1.arcgis.com/jI1j5lArZnrgFYSc/ArcGIS/rest/services/Assisted_Living/FeatureServer/0","Texas Health and Human Services Commission"
"tx-hhsc-assisted-living:102183","MUSTANG CREEK ESTATES ALLEN HOUSE 2","102183","assisted_living","Assisted Living","COLLIN","712 CREEK VALLEY COURT","ALLEN","TX","75002","(214) 396-5828","(972) 502-9985","13","","","","","","","","true","33.0908","-96.647","205.5","tx-hhsc-assisted-living","Texas HHSC Assisted Living Facilities","https://services1.arcgis.com/jI1j5lArZnrgFYSc/ArcGIS/rest/services/Assisted_Living/FeatureServer/0","Texas Health and Human Services Commission"
"tx-hhsc-assisted-living:103493","MUSTANG CREEK ESTATES ALLEN HOUSE 3","103493","assisted_living","Assisted Living","COLLIN","714 CREEK VALLEY CT","ALLEN","TX","75002","(214) 396-5828","(972) 502-9985","13","","","","","","","","true","33.0909","-96.6473","205.5","tx-hhsc-assisted-living","Texas HHSC Assisted Living Facilities","https://services1.arcgis.com/jI1j5lArZnrgFYSc/ArcGIS/rest/services/Assisted_Living/FeatureServer/0","Texas Health and Human Services Commission"
"tx-hhsc-assisted-living:110524","NEDGES NEST","110524","assisted_living","Assisted Living","COLLIN","1608 WARM SPRINGS DR","ALLEN","TX","75002","","(214) 383-7412","6","","","","","","","","true","33.089","-96.6278","205.7","tx-hhsc-assisted-living","Texas HHSC Assisted Living Facilities","https://services1.arcgis.com/jI1j5lArZnrgFYSc/ArcGIS/rest/services/Assisted_Living/FeatureServer/0","Texas Health and Human Services Commission"
"tx-hhsc-assisted-living:106610","PARKVIEW IN FRISCO","106610","assisted_living","Assisted Living","COLLIN","7420 ROLLING BROOK","FRISCO","TX","75034","(972) 377-6744","(469) 362-2588","57","","","","","","","","true","33.1392","-96.8198","205.7","tx-hhsc-assisted-living","Texas HHSC Assisted Living Facilities","https://services1.arcgis.com/jI1j5lArZnrgFYSc/ArcGIS/rest/services/Assisted_Living/FeatureServer/0","Texas Health and Human Services Commission"
"tx-hhsc-assisted-living:030109","CARRIAGE HOUSE","030109","assisted_living","Assisted Living","DENTON","1357 BERNARD ST","DENTON","TX","76201","(940) 484-1066","(940) 380-9606","65","","","","","","","","true","33.2012","-97.1409","205.8","tx-hhsc-assisted-living","Texas HHSC Assisted Living Facilities","https://services1.arcgis.com/jI1j5lArZnrgFYSc/ArcGIS/rest/services/Assisted_Living/FeatureServer/0","Texas Health and Human Services Commission"
"tx-hhsc-assisted-living:106761","LANDING AT WATERMERE FRISCO","106761","assisted_living","Assisted Living","DENTON","4300 COTTON GIN ROAD","FRISCO","TX","75034","(972) 798-7000","","136","","","","","","","","true","33.1468","-96.8503","205.8","tx-hhsc-assisted-living","Texas HHSC Assisted Living Facilities","https://services1.arcgis.com/jI1j5lArZnrgFYSc/ArcGIS/rest/services/Assisted_Living/FeatureServer/0","Texas Health and Human Services Commission"
"tx-hhsc-assisted-living:105813","MUSTANG CREEK ESTATES FRISCO HOUSE A","105813","assisted_living","Assisted Living","DENTON","1200 W MAIN STREET","FRISCO","TX","75034","(214) 683-5111","(972) 502-9985","16","","","","","","","","true","33.1558","-96.8858","205.8","tx-hhsc-assisted-living","Texas HHSC Assisted Living Facilities","https://services1.arcgis.com/jI1j5lArZnrgFYSc/ArcGIS/rest/services/Assisted_Living/FeatureServer/0","Texas Health and Human Services Commission"
"tx-hhsc-assisted-living:105809","MUSTANG CREEK ESTATES FRISCO HOUSE B","105809","assisted_living","Assisted Living","DENTON","1200 W MAIN ST","FRISCO","TX","75034","(214) 683-5111","(972) 502-9985","16","","","","","","","","true","33.1558","-96.8858","205.8","tx-hhsc-assisted-living","Texas HHSC Assisted Living Facilities","https://services1.arcgis.com/jI1j5lArZnrgFYSc/ArcGIS/rest/services/Assisted_Living/FeatureServer/0","Texas Health and Human Services Commission"
"tx-hhsc-assisted-living:105811","MUSTANG CREEK ESTATES FRISCO HOUSE C AND D","105811","assisted_living","Assisted Living","DENTON","1200 MAIN ST","FRISCO","TX","75033","(214) 872-4242","(972) 502-9985","30","","","","","","","","true","33.1558","-96.8858","205.8","tx-hhsc-assisted-living","Texas HHSC Assisted Living Facilities","https://services1.arcgis.com/jI1j5lArZnrgFYSc/ArcGIS/rest/services/Assisted_Living/FeatureServer/0","Texas Health and Human Services Commission"
"tx-hhsc-assisted-living:105812","MUSTANG CREEK ESTATES FRISCO HOUSE E","105812","assisted_living","Assisted Living","DENTON","1200 MAIN STREET","FRISCO","TX","75034","(214) 396-5828","(972) 502-9985","14","","","","","","","","true","33.1558","-96.8858","205.8","tx-hhsc-assisted-living","Texas HHSC Assisted Living Facilities","https://services1.arcgis.com/jI1j5lArZnrgFYSc/ArcGIS/rest/services/Assisted_Living/FeatureServer/0","Texas Health and Human Services Commission"
"tx-hhsc-assisted-living:105814","MUSTANG CREEK ESTATES FRISCO HOUSE F","105814","assisted_living","Assisted Living","DENTON","1200 MAIN ST","FRISCO","TX","75034","(214) 872-4242","(972) 502-9985","14","","","","","","","","true","33.1558","-96.8858","205.8","tx-hhsc-assisted-living","Texas HHSC Assisted Living Facilities","https://services1.arcgis.com/jI1j5lArZnrgFYSc/ArcGIS/rest/services/Assisted_Living/FeatureServer/0","Texas Health and Human Services Commission"
"tx-hhsc-assisted-living:000362","GOVERNOR'S RIDGE","000362","assisted_living","Assisted Living","WISE","300 E DEVEREAUX ST","DECATUR","TX","76234","(940) 627-1104","(940) 627-1159","70","","","","","","","","true","33.248","-97.5835","206.2","tx-hhsc-assisted-living","Texas HHSC Assisted Living Facilities","https://services1.arcgis.com/jI1j5lArZnrgFYSc/ArcGIS/rest/services/Assisted_Living/FeatureServer/0","Texas Health and Human Services Commission"
"tx-hhsc-assisted-living:105384","MAGNOLIA ASSISTED LIVING LLC","105384","assisted_living","Assisted Living","COLLIN","6974 WAVERLY LANE","FRISCO","TX","75035","(940) 783-2760","(214) 594-7127","8","","","","","","","","true","33.136","-96.7755","206.2","tx-hhsc-assisted-living","Texas HHSC Assisted Living Facilities","https://services1.arcgis.com/jI1j5lArZnrgFYSc/ArcGIS/rest/services/Assisted_Living/FeatureServer/0","Texas Health and Human Services Commission"
"tx-hhsc-assisted-living:106778","GRACIOUS FOUNTAIN SENIOR LIVING, LLC","106778","assisted_living","Assisted Living","COLLIN","307 N FOUNTAIN GATE DR.","ALLEN","TX","75002","(214) 785-7085","(214) 785-7085","6","","","","","","","","true","33.1034","-96.6459","206.3","tx-hhsc-assisted-living","Texas HHSC Assisted Living Facilities","https://services1.arcgis.com/jI1j5lArZnrgFYSc/ArcGIS/rest/services/Assisted_Living/FeatureServer/0","Texas Health and Human Services Commission"
"tx-hhsc-assisted-living:106840","GRAND BROOK MEMORY CARE OF ALLEN","106840","assisted_living","Assisted Living","COLLIN","965 JUNCTION DR","ALLEN","TX","75013","(469) 331-8200","(469) 519-4151","36","","","","","","","","true","33.1124","-96.6788","206.3","tx-hhsc-assisted-living","Texas HHSC Assisted Living Facilities","https://services1.arcgis.com/jI1j5lArZnrgFYSc/ArcGIS/rest/services/Assisted_Living/FeatureServer/0","Texas Health and Human Services Commission"
"tx-hhsc-assisted-living:000544","VINTAGE HEALTH CARE CENTER","000544","assisted_living","Assisted Living","DENTON","205 N BONNIE BRAE","DENTON","TX","76201","(940) 373-4766","(940) 287-7773","88","","","","","","","","true","33.2164","-97.1629","206.6","tx-hhsc-assisted-living","Texas HHSC Assisted Living Facilities","https://services1.arcgis.com/jI1j5lArZnrgFYSc/ArcGIS/rest/services/Assisted_Living/FeatureServer/0","Texas Health and Human Services Commission"
"tx-hhsc-assisted-living:110370","AVALON MEMORY CARE","110370","assisted_living","Assisted Living","COLLIN","750 N. GREENVILLE AVE","ALLEN","TX","75002","(214) 752-7050","(214) 752-7054","27","","","","","","","","true","33.1121","-96.6534","206.7","tx-hhsc-assisted-living","Texas HHSC Assisted Living Facilities","https://services1.arcgis.com/jI1j5lArZnrgFYSc/ArcGIS/rest/services/Assisted_Living/FeatureServer/0","Texas Health and Human Services Commission"
"tx-hhsc-assisted-living:000650","INDIVIDUAL CARE OF TEXAS INC","000650","assisted_living","Assisted Living","HUNT","1655 PRIVATE RD 2530","QUINLAN","TX","75474","(903) 356-4526","(903) 356-4544","100","","","","","","","","true","32.9404","-96.1674","206.7","tx-hhsc-assisted-living","Texas HHSC Assisted Living Facilities","https://services1.arcgis.com/jI1j5lArZnrgFYSc/ArcGIS/rest/services/Assisted_Living/FeatureServer/0","Texas Health and Human Services Commission"
"tx-hhsc-assisted-living:106148","SADDLE BROOK MEMORY CARE COMMUNITY","106148","assisted_living","Assisted Living","DENTON","9966 LEGACY DR","FRISCO","TX","75033","(214) 494-4264","(214) 494-4265","130","","","","","","","","true","33.1608","-96.8481","206.7","tx-hhsc-assisted-living","Texas HHSC Assisted Living Facilities","https://services1.arcgis.com/jI1j5lArZnrgFYSc/ArcGIS/rest/services/Assisted_Living/FeatureServer/0","Texas Health and Human Services Commission"
"tx-hhsc-assisted-living:105828","THE MULBERRY HOUSE III","105828","assisted_living","Assisted Living","COLLIN","1056 BALMORHEA DR","ALLEN","TX","75013","(469) 640-1555","(469) 795-6208","6","","","","","","","","true","33.1236","-96.6924","206.8","tx-hhsc-assisted-living","Texas HHSC Assisted Living Facilities","https://services1.arcgis.com/jI1j5lArZnrgFYSc/ArcGIS/rest/services/Assisted_Living/FeatureServer/0","Texas Health and Human Services Commission"
"tx-hhsc-assisted-living:106459","THE HERITAGE AT TWIN CREEKS","106459","assisted_living","Assisted Living","COLLIN","920 STOCKTON DRIVE","ALLEN","TX","75013","214 5099005","","113","","","","","","","","true","33.1212","-96.6751","206.9","tx-hhsc-assisted-living","Texas HHSC Assisted Living Facilities","https://services1.arcgis.com/jI1j5lArZnrgFYSc/ArcGIS/rest/services/Assisted_Living/FeatureServer/0","Texas Health and Human Services Commission"
"tx-hhsc-assisted-living:000811","GREYSTONE PARK RETIREMENT & ASSISTED LIVING","000811","assisted_living","Assisted Living","JACK","1116 STATE HWY 148","JACKSBORO","TX","76458","(940) 567-3057","(940) 567-5782","45","","","","","","","","true","33.242","-98.1621","207","tx-hhsc-assisted-living","Texas HHSC Assisted Living Facilities","https://services1.arcgis.com/jI1j5lArZnrgFYSc/ArcGIS/rest/services/Assisted_Living/FeatureServer/0","Texas Health and Human Services Commission"
"tx-hhsc-assisted-living:110702","AMERICARING HANDS, LLC","110702","assisted_living","Assisted Living","COLLIN","919 MORNINGSIDE LANE","ALLEN","TX","75002","(214) 535-6329","","5","","","","","","","","true","33.1126","-96.6361","207.1","tx-hhsc-assisted-living","Texas HHSC Assisted Living Facilities","https://services1.arcgis.com/jI1j5lArZnrgFYSc/ArcGIS/rest/services/Assisted_Living/FeatureServer/0","Texas Health and Human Services Commission"
"tx-hhsc-assisted-living:110523","BELLAIRE RESIDENTIAL ASSISTED LIVING AND MEMORY CARE","110523","assisted_living","Assisted Living","DENTON","122 BELLAIRE DRIVE , BUILDING 2","DENTON","TX","76209","940 3315400","940 3827645","16","","","","","","","","true","33.2145","-97.0987","207.1","tx-hhsc-assisted-living","Texas HHSC Assisted Living Facilities","https://services1.arcgis.com/jI1j5lArZnrgFYSc/ArcGIS/rest/services/Assisted_Living/FeatureServer/0","Texas Health and Human Services Commission"
"tx-hhsc-assisted-living:110521","BELLAIRE RESIDENTIAL ASSISTED LIVING AND MEMORY CARE","110521","assisted_living","Assisted Living","DENTON","122 BELLAIRE DRIVE, BUILDING 1","DENTON","TX","76209","940 3315400","940 3827645","16","","","","","","","","true","33.2145","-97.0987","207.1","tx-hhsc-assisted-living","Texas HHSC Assisted Living Facilities","https://services1.arcgis.com/jI1j5lArZnrgFYSc/ArcGIS/rest/services/Assisted_Living/FeatureServer/0","Texas Health and Human Services Commission"
"tx-hhsc-assisted-living:103845","BETHESDA GARDENS FRISCO","103845","assisted_living","Assisted Living","COLLIN","10588 LEGACY DR","FRISCO","TX","75034","(469) 362-8545","(469) 362-7408","100","","","","","","","","true","33.166","-96.8472","207.1","tx-hhsc-assisted-living","Texas HHSC Assisted Living Facilities","https://services1.arcgis.com/jI1j5lArZnrgFYSc/ArcGIS/rest/services/Assisted_Living/FeatureServer/0","Texas Health and Human Services Commission"
"tx-hhsc-assisted-living:000491","MEADOWVIEW PLACE","000491","assisted_living","Assisted Living","NACOGDOCHES","901 OAKVIEW DR","NACOGDOCHES","TX","75961","(936) 559-9055","(936) 564-6794","36","","","","","","","","true","31.6574","-94.6456","207.1","tx-hhsc-assisted-living","Texas HHSC Assisted Living Facilities","https://services1.arcgis.com/jI1j5lArZnrgFYSc/ArcGIS/rest/services/Assisted_Living/FeatureServer/0","Texas Health and Human Services Commission"
"tx-hhsc-assisted-living:110160","WINDHAVEN SENIOR LIVING FRISCO","110160","assisted_living","Assisted Living","DENTON","2828 A NATURE WAY","FRISCO","TX","75033","(972) 248-0260","(972) 248-0276","16","","","","","","","","true","33.18","-96.8639","207.8","tx-hhsc-assisted-living","Texas HHSC Assisted Living Facilities","https://services1.arcgis.com/jI1j5lArZnrgFYSc/ArcGIS/rest/services/Assisted_Living/FeatureServer/0","Texas Health and Human Services Commission"
"tx-hhsc-assisted-living:110210","WINDHAVEN SENIOR LIVING LTD","110210","assisted_living","Assisted Living","COLLIN","2828 C NATURE WAY","FRISCO","TX","75033","(972) 248-0260","(972) 248-0276","16","","","","","","","","true","33.18","-96.8639","207.8","tx-hhsc-assisted-living","Texas HHSC Assisted Living Facilities","https://services1.arcgis.com/jI1j5lArZnrgFYSc/ArcGIS/rest/services/Assisted_Living/FeatureServer/0","Texas Health and Human Services Commission"
"tx-hhsc-assisted-living:110136","WINDHAVEN SENIOR LIVING LTD","110136","assisted_living","Assisted Living","DENTON","2828 NATURE WAY UNIT D","FRISCO","TX","75033","(972) 248-0260","(972) 248-0276","16","","","","","","","","true","33.18","-96.8639","207.8","tx-hhsc-assisted-living","Texas HHSC Assisted Living Facilities","https://services1.arcgis.com/jI1j5lArZnrgFYSc/ArcGIS/rest/services/Assisted_Living/FeatureServer/0","Texas Health and Human Services Commission"
"tx-hhsc-assisted-living:110156","WINDHAVEN SENIOR LIVING LTD","110156","assisted_living","Assisted Living","DENTON","2828 B NATURE WAY","FRISCO","TX","75033","(972) 248-0260","(972) 248-0276","16","","","","","","","","true","33.18","-96.8639","207.8","tx-hhsc-assisted-living","Texas HHSC Assisted Living Facilities","https://services1.arcgis.com/jI1j5lArZnrgFYSc/ArcGIS/rest/services/Assisted_Living/FeatureServer/0","Texas Health and Human Services Commission"
"tx-hhsc-assisted-living:110372","TERESA'S HOUSE","110372","assisted_living","Assisted Living","COLLIN","6531 COLLIN-MCKINNEY PARKWAY","MCKINNEY","TX","75070","","","16","","","","","","","","true","33.1445","-96.7033","208","tx-hhsc-assisted-living","Texas HHSC Assisted Living Facilities","https://services1.arcgis.com/jI1j5lArZnrgFYSc/ArcGIS/rest/services/Assisted_Living/FeatureServer/0","Texas Health and Human Services Commission"
"tx-hhsc-assisted-living:110373","TERESA'S HOUSE","110373","assisted_living","Assisted Living","COLLIN","6521 COLLIN-MCKINNEY PARKWAY","MCKINNEY","TX","75070","","","16","","","","","","","","true","33.1445","-96.7032","208","tx-hhsc-assisted-living","Texas HHSC Assisted Living Facilities","https://services1.arcgis.com/jI1j5lArZnrgFYSc/ArcGIS/rest/services/Assisted_Living/FeatureServer/0","Texas Health and Human Services Commission"
"tx-hhsc-assisted-living:110394","TERESA'S HOUSE","110394","assisted_living","Assisted Living","COLLIN","6511 COLLIN-MCKINNEY PARKWAY","MCKINNEY","TX","75070","","(469) 591-1090","16","","","","","","","","true","33.1445","-96.7031","208","tx-hhsc-assisted-living","Texas HHSC Assisted Living Facilities","https://services1.arcgis.com/jI1j5lArZnrgFYSc/ArcGIS/rest/services/Assisted_Living/FeatureServer/0","Texas Health and Human Services Commission"
"tx-hhsc-assisted-living:000498","BROOKDALE DENTON NORTH","000498","assisted_living","Assisted Living","DENTON","2525 N HINKLE DR","DENTON","TX","76201","(940) 566-7054","(940) 381-9977","60","","","","","","","","true","33.2377","-97.1463","208.2","tx-hhsc-assisted-living","Texas HHSC Assisted Living Facilities","https://services1.arcgis.com/jI1j5lArZnrgFYSc/ArcGIS/rest/services/Assisted_Living/FeatureServer/0","Texas Health and Human Services Commission"
"tx-hhsc-assisted-living:101950","MORRISON RESIDENCE","101950","assisted_living","Assisted Living","DENTON","2500 HINKLE DR","DENTON","TX","76201","(940) 383-2651","(940) 382-9306","30","","","","","","","","true","33.2366","-97.1429","208.2","tx-hhsc-assisted-living","Texas HHSC Assisted Living Facilities","https://services1.arcgis.com/jI1j5lArZnrgFYSc/ArcGIS/rest/services/Assisted_Living/FeatureServer/0","Texas Health and Human Services Commission"
"tx-hhsc-assisted-living:104878","WESLEY HOUSE","104878","assisted_living","Assisted Living","SMITH","13923 FM 2710","LINDALE","TX","75771","(903) 882-9296","(903) 881-5742","54","","","","","","","","true","32.5192","-95.3964","208.2","tx-hhsc-assisted-living","Texas HHSC Assisted Living Facilities","https://services1.arcgis.com/jI1j5lArZnrgFYSc/ArcGIS/rest/services/Assisted_Living/FeatureServer/0","Texas Health and Human Services Commission"
"tx-hhsc-assisted-living:110399","FAIRHAVEN DENTON","110399","assisted_living","Assisted Living","DENTON","2400 N. BELL AVE.","DENTON","TX","76201","","(801) 606-2793","47","","","","","","","","true","33.2365","-97.1267","208.3","tx-hhsc-assisted-living","Texas HHSC Assisted Living Facilities","https://services1.arcgis.com/jI1j5lArZnrgFYSc/ArcGIS/rest/services/Assisted_Living/FeatureServer/0","Texas Health and Human Services Commission"
"tx-hhsc-assisted-living:110684","SAGE OAK HOLDINGS OF DENTON, LLC","110684","assisted_living","Assisted Living","DENTON","3015 AUDRA LANE BLD #3","DENTON","TX","76209","","","16","","","","","","","","true","33.2338","-97.1117","208.3","tx-hhsc-assisted-living","Texas HHSC Assisted Living Facilities","https://services1.arcgis.com/jI1j5lArZnrgFYSc/ArcGIS/rest/services/Assisted_Living/FeatureServer/0","Texas Health and Human Services Commission"
"tx-hhsc-assisted-living:030385","SPARKS LOVING CARE HOME","030385","assisted_living","Assisted Living","COLLIN","999 W FOREST GROVE RD","ALLEN","TX","75002","(972) 562-7172","(972) 562-7172","15","","","","","","","","true","33.1174","-96.5904","208.3","tx-hhsc-assisted-living","Texas HHSC Assisted Living Facilities","https://services1.arcgis.com/jI1j5lArZnrgFYSc/ArcGIS/rest/services/Assisted_Living/FeatureServer/0","Texas Health and Human Services Commission"
"tx-hhsc-assisted-living:102964","MAGNOLIA COURT ASSISTED LIVING AND MEMORY CARE COMMUNITY","102964","assisted_living","Assisted Living","NACOGDOCHES","5902 N STREET","NACOGDOCHES","TX","75965","936 5696227","936 5696231","70","","","","","","","","true","31.6868","-94.6379","208.5","tx-hhsc-assisted-living","Texas HHSC Assisted Living Facilities","https://services1.arcgis.com/jI1j5lArZnrgFYSc/ArcGIS/rest/services/Assisted_Living/FeatureServer/0","Texas Health and Human Services Commission"
"tx-hhsc-assisted-living:101459","DENTON GOLDEN MEADOWS CARE INC","101459","assisted_living","Assisted Living","DENTON","3200 DONNA ROAD","DENTON","TX","76207","(214) 334-5764","(940) 566-1975","11","","","","","","","","true","33.2485","-97.1425","209","tx-hhsc-assisted-living","Texas HHSC Assisted Living Facilities","https://services1.arcgis.com/jI1j5lArZnrgFYSc/ArcGIS/rest/services/Assisted_Living/FeatureServer/0","Texas Health and Human Services Commission"
"tx-hhsc-assisted-living:110376","HIDDEN SPRINGS SENIOR LIVING","110376","assisted_living","Assisted Living","COLLIN","6421 MCKINNEY RANCH PARKWAY","MCKINNEY","TX","75070","","(214) 368-7341","78","","","","","","","","true","33.1582","-96.6965","209","tx-hhsc-assisted-living","Texas HHSC Assisted Living Facilities","https://services1.arcgis.com/jI1j5lArZnrgFYSc/ArcGIS/rest/services/Assisted_Living/FeatureServer/0","Texas Health and Human Services Commission"
"tx-hhsc-assisted-living:107087","AVALON MEMORY CARE","107087","assisted_living","Assisted Living","COLLIN","5401 A MCKINNEY RANCH","MCKINNEY","TX","75070","(214) 752-7050","(214) 752-7054","30","","","","","","","","true","33.159","-96.6862","209.2","tx-hhsc-assisted-living","Texas HHSC Assisted Living Facilities","https://services1.arcgis.com/jI1j5lArZnrgFYSc/ArcGIS/rest/services/Assisted_Living/FeatureServer/0","Texas Health and Human Services Commission"
"tx-hhsc-assisted-living:105884","ANTHOLOGY OF STONEBRIDGE RANCH","105884","assisted_living","Assisted Living","COLLIN","3300 S STONEBRIDGE DR","MCKINNEY","TX","75070","(972) 804-4122","(972) 542-9101","132","","","","","","","","true","33.1731","-96.7244","209.5","tx-hhsc-assisted-living","Texas HHSC Assisted Living Facilities","https://services1.arcgis.com/jI1j5lArZnrgFYSc/ArcGIS/rest/services/Assisted_Living/FeatureServer/0","Texas Health and Human Services Commission"
"tx-hhsc-assisted-living:104607","MAGNOLIA ASSISTED LIVING LLC","104607","assisted_living","Assisted Living","COLLIN","13305 WIMBERLEY DR","FRISCO","TX","75035","(972) 924-9891","(214) 594-7127","7","","","","","","","","true","33.1878","-96.7775","209.6","tx-hhsc-assisted-living","Texas HHSC Assisted Living Facilities","https://services1.arcgis.com/jI1j5lArZnrgFYSc/ArcGIS/rest/services/Assisted_Living/FeatureServer/0","Texas Health and Human Services Commission"
"tx-hhsc-assisted-living:105058","GREENFIELD RESIDENTIAL CARE HOMES LLC","105058","assisted_living","Assisted Living","COLLIN","3401 LOS ALAMOS LANE","MCKINNEY","TX","75070","(972) 540-1274","(469) 619-4565","6","","","","","","","","true","33.1642","-96.6674","209.9","tx-hhsc-assisted-living","Texas HHSC Assisted Living Facilities","https://services1.arcgis.com/jI1j5lArZnrgFYSc/ArcGIS/rest/services/Assisted_Living/FeatureServer/0","Texas Health and Human Services Commission"
"tx-hhsc-assisted-living:104253","STONEFIELD ASSISTED LIVING AND MEMORY CARE","104253","assisted_living","Assisted Living","COLLIN","2701 ALMA ROAD","MCKINNEY","TX","75070","214 4911710","214 4911711","90","","","","","","","","true","33.1764","-96.7148","209.9","tx-hhsc-assisted-living","Texas HHSC Assisted Living Facilities","https://services1.arcgis.com/jI1j5lArZnrgFYSc/ArcGIS/rest/services/Assisted_Living/FeatureServer/0","Texas Health and Human Services Commission"
"tx-hhsc-assisted-living:101626","THE MULBERRY HOUSE #2","101626","assisted_living","Assisted Living","COLLIN","3216 BRENTWOOD DR","MCKINNEY","TX","75070","(214) 592-8593","","6","","","","","","","","true","33.1645","-96.6662","210","tx-hhsc-assisted-living","Texas HHSC Assisted Living Facilities","https://services1.arcgis.com/jI1j5lArZnrgFYSc/ArcGIS/rest/services/Assisted_Living/FeatureServer/0","Texas Health and Human Services Commission"
"tx-hhsc-assisted-living:106702","OXFORD GRAND AT MCKINNEY","106702","assisted_living","Assisted Living","COLLIN","2851 ORCHID DR.","MCKINNEY","TX","75070","(469) 714-0806","(469) 714-0809","95","","","","","","","","true","33.1693","-96.6692","210.2","tx-hhsc-assisted-living","Texas HHSC Assisted Living Facilities","https://services1.arcgis.com/jI1j5lArZnrgFYSc/ArcGIS/rest/services/Assisted_Living/FeatureServer/0","Texas Health and Human Services Commission"
"tx-hhsc-assisted-living:106597","TULIA SENIOR LIVING LLC","106597","assisted_living","Assisted Living","COLLIN","5100 SPICEWOOD DR.","MCKINNEY","TX","75070","(469) 617-7718","(214) 548-4708","10","","","","","","","","true","33.1735","-96.6856","210.2","tx-hhsc-assisted-living","Texas HHSC Assisted Living Facilities","https://services1.arcgis.com/jI1j5lArZnrgFYSc/ArcGIS/rest/services/Assisted_Living/FeatureServer/0","Texas Health and Human Services Commission"
"tx-hhsc-assisted-living:030148","THE MULBERRY HOUSE #1","030148","assisted_living","Assisted Living","COLLIN","2620 SAINT MICHELLE","MCKINNEY","TX","75070","(214) 592-8593","(214) 592-8205","6","","","","","","","","true","33.168","-96.6595","210.3","tx-hhsc-assisted-living","Texas HHSC Assisted Living Facilities","https://services1.arcgis.com/jI1j5lArZnrgFYSc/ArcGIS/rest/services/Assisted_Living/FeatureServer/0","Texas Health and Human Services Commission"
"tx-hhsc-assisted-living:105635","ALPHA & OMEGA RESIDENTIAL CARE HOME, LLC","105635","assisted_living","Assisted Living","COLLIN","9604 LOG RUN CT","MCKINNEY","TX","75070","(972) 346-2280","(972) 755-8720","6","","","","","","","","true","33.1913","-96.7392","210.5","tx-hhsc-assisted-living","Texas HHSC Assisted Living Facilities","https://services1.arcgis.com/jI1j5lArZnrgFYSc/ArcGIS/rest/services/Assisted_Living/FeatureServer/0","Texas Health and Human Services Commission"
"tx-hhsc-assisted-living:030021","BROOKDALE STONEBRIDGE RANCH","030021","assisted_living","Assisted Living","COLLIN","1650 S STONEBRIDGE DR","MCKINNEY","TX","75070","(972) 529-1420","(972) 542-9270","136","","","","","","","","true","33.1865","-96.7129","210.6","tx-hhsc-assisted-living","Texas HHSC Assisted Living Facilities","https://services1.arcgis.com/jI1j5lArZnrgFYSc/ArcGIS/rest/services/Assisted_Living/FeatureServer/0","Texas Health and Human Services Commission"
"tx-hhsc-assisted-living:102401","GRAND BROOK MEMORY CARE OF MCKINNEY","102401","assisted_living","Assisted Living","COLLIN","175 PLATEAU DR","MCKINNEY","TX","75069","(972) 542-0606","(972) 542-0614","48","","","","","","","","true","33.1635","-96.6287","210.6","tx-hhsc-assisted-living","Texas HHSC Assisted Living Facilities","https://services1.arcgis.com/jI1j5lArZnrgFYSc/ArcGIS/rest/services/Assisted_Living/FeatureServer/0","Texas Health and Human Services Commission"
"tx-hhsc-assisted-living:106764","HARBORCHASE OF MCKINNEY","106764","assisted_living","Assisted Living","COLLIN","265 PLATEAU DRIVE","MCKINNEY","TX","75069","(469) 712-7660","(469) 712-7661","73","","","","","","","","true","33.1634","-96.6274","210.6","tx-hhsc-assisted-living","Texas HHSC Assisted Living Facilities","https://services1.arcgis.com/jI1j5lArZnrgFYSc/ArcGIS/rest/services/Assisted_Living/FeatureServer/0","Texas Health and Human Services Commission"
"tx-hhsc-assisted-living:104787","THE IVY OF MCKINNEY","104787","assisted_living","Assisted Living","COLLIN","3392 MEDICAL CENTER DRIVE","MCKINNEY","TX","75069","972 3518888","","90","","","","","","","","true","33.1691","-96.6361","210.8","tx-hhsc-assisted-living","Texas HHSC Assisted Living Facilities","https://services1.arcgis.com/jI1j5lArZnrgFYSc/ArcGIS/rest/services/Assisted_Living/FeatureServer/0","Texas Health and Human Services Commission"
"tx-hhsc-assisted-living:104759","THE IVY OF MCKINNEY","104759","assisted_living","Assisted Living","COLLIN","3352 MEDICAL CENTER DRIVE","MCKINNEY","TX","75069","972 3518888","(972) 548-0477","30","","","","","","","","true","33.1695","-96.6368","210.8","tx-hhsc-assisted-living","Texas HHSC Assisted Living Facilities","https://services1.arcgis.com/jI1j5lArZnrgFYSc/ArcGIS/rest/services/Assisted_Living/FeatureServer/0","Texas Health and Human Services Commission"
"tx-hhsc-assisted-living:102733","CORNERSTONE MINISTRIES INC","102733","assisted_living","Assisted Living","COLLIN","3933 CR 317","MCKINNEY","TX","75069","(469) 424-1887","","7","","","","","","","","true","33.1551","-96.5794","210.9","tx-hhsc-assisted-living","Texas HHSC Assisted Living Facilities","https://services1.arcgis.com/jI1j5lArZnrgFYSc/ArcGIS/rest/services/Assisted_Living/FeatureServer/0","Texas Health and Human Services Commission"
"tx-hhsc-assisted-living:030286","VILLAGIO OF MCKINNEY","030286","assisted_living","Assisted Living","COLLIN","1601 W ELDORADO PKWY","MCKINNEY","TX","75069","(972) 569-8660","(972) 569-8663","72","","","","","","","","true","33.1735","-96.6354","211.1","tx-hhsc-assisted-living","Texas HHSC Assisted Living Facilities","https://services1.arcgis.com/jI1j5lArZnrgFYSc/ArcGIS/rest/services/Assisted_Living/FeatureServer/0","Texas Health and Human Services Commission"
"tx-hhsc-assisted-living:105339","SEREIN RESIDENTIAL CARE HOME","105339","assisted_living","Assisted Living","COLLIN","4401 CITABRIA DRIVE","MCKINNEY","TX","75070","(214) 592-8454","(214) 592-8414","6","","","","","","","","true","33.1862","-96.6741","211.2","tx-hhsc-assisted-living","Texas HHSC Assisted Living Facilities","https://services1.arcgis.com/jI1j5lArZnrgFYSc/ArcGIS/rest/services/Assisted_Living/FeatureServer/0","Texas Health and Human Services Commission"
"tx-hhsc-assisted-living:107188","LEGEND ASSISTED LIVING AND MEMORY CARE OF MCKINNEY","107188","assisted_living","Assisted Living","COLLIN","220 S. CRUTCHER CROSSING","MCKINNEY","TX","75070","(972) 540-5100","","101","","","","","","","","true","33.1978","-96.6869","211.8","tx-hhsc-assisted-living","Texas HHSC Assisted Living Facilities","https://services1.arcgis.com/jI1j5lArZnrgFYSc/ArcGIS/rest/services/Assisted_Living/FeatureServer/0","Texas Health and Human Services Commission"
"tx-hhsc-assisted-living:110415","CARIAD AT NORTH BROOK","110415","assisted_living","Assisted Living","COLLIN","2301 N BROOK","MCKINNEY","TX","75069","(972) 542-6006","(972) 542-6006","49","","","","","","","","true","33.1895","-96.6438","212","tx-hhsc-assisted-living","Texas HHSC Assisted Living Facilities","https://services1.arcgis.com/jI1j5lArZnrgFYSc/ArcGIS/rest/services/Assisted_Living/FeatureServer/0","Texas Health and Human Services Commission"
"tx-hhsc-assisted-living:000659","REDBUD PLACE","000659","assisted_living","Assisted Living","COLLIN","101 W WILSON CREEK PKWY","MCKINNEY","TX","75069","(972) 562-9698","(972) 542-5162","48","","","","","","","","true","33.1846","-96.6194","212.1","tx-hhsc-assisted-living","Texas HHSC Assisted Living Facilities","https://services1.arcgis.com/jI1j5lArZnrgFYSc/ArcGIS/rest/services/Assisted_Living/FeatureServer/0","Texas Health and Human Services Commission"
"tx-hhsc-assisted-living:103322","ECKELBERRY'S ELDERLY CARE INC","103322","assisted_living","Assisted Living","COLLIN","500 WILLOWVIEW DR","PROSPER","TX","75078","(972) 347-3069","(866) 278-8020","9","","","","","","","","true","33.2301","-96.7891","212.3","tx-hhsc-assisted-living","Texas HHSC Assisted Living Facilities","https://services1.arcgis.com/jI1j5lArZnrgFYSc/ArcGIS/rest/services/Assisted_Living/FeatureServer/0","Texas Health and Human Services Commission"
"tx-hhsc-assisted-living:105600","SPANISH TRAIL ASSISTED LIVING OF SILSBEE","105600","assisted_living","Assisted Living","HARDIN","775 HWY 96 SOUTH","SILSBEE","TX","77656","(409) 373-6305","(409) 373-6334","16","","","","","","","","true","30.3423","-94.1814","212.5","tx-hhsc-assisted-living","Texas HHSC Assisted Living Facilities","https://services1.arcgis.com/jI1j5lArZnrgFYSc/ArcGIS/rest/services/Assisted_Living/FeatureServer/0","Texas Health and Human Services Commission"
"tx-hhsc-assisted-living:110146","TRIBUTE SENIOR LIVING","110146","assisted_living","Assisted Living","COLLIN","190 N. PRESTON RD","PROSPER","TX","75078","(972) 978-3999","(214) 338-0003","84","","","","","","","","true","33.2366","-96.7858","212.7","tx-hhsc-assisted-living","Texas HHSC Assisted Living Facilities","https://services1.arcgis.com/jI1j5lArZnrgFYSc/ArcGIS/rest/services/Assisted_Living/FeatureServer/0","Texas Health and Human Services Commission"
"tx-hhsc-assisted-living:110670","LAKE POINT ASSISTED LIVING LLC","110670","assisted_living","Assisted Living","COLLIN","209 S. PROSPER STREET","PROSPER","TX","75078","(914) 643-6335","","16","","","","","","","","true","33.2418","-96.8056","212.8","tx-hhsc-assisted-living","Texas HHSC Assisted Living Facilities","https://services1.arcgis.com/jI1j5lArZnrgFYSc/ArcGIS/rest/services/Assisted_Living/FeatureServer/0","Texas Health and Human Services Commission"
"tx-hhsc-assisted-living:106780","OAKRIDGE ASSISTED LIVING HOME","106780","assisted_living","Assisted Living","JEFFERSON","2990 S. MAJOR DR.","BEAUMONT","TX","77707","(409) 861-4103","(409) 861-4103","10","","","","","","","","true","30.0451","-94.1899","212.8","tx-hhsc-assisted-living","Texas HHSC Assisted Living Facilities","https://services1.arcgis.com/jI1j5lArZnrgFYSc/ArcGIS/rest/services/Assisted_Living/FeatureServer/0","Texas Health and Human Services Commission"
"tx-hhsc-assisted-living:105185","PELICAN BAY","105185","assisted_living","Assisted Living","JEFFERSON","2501 S MAJOR DR","BEAUMONT","TX","77707","(409) 962-4450","(409) 962-9253","107","","","","","","","","true","30.0501","-94.188","212.9","tx-hhsc-assisted-living","Texas HHSC Assisted Living Facilities","https://services1.arcgis.com/jI1j5lArZnrgFYSc/ArcGIS/rest/services/Assisted_Living/FeatureServer/0","Texas Health and Human Services Commission"
"tx-hhsc-assisted-living:104660","RANDY LEE SENIOR LIVING","104660","assisted_living","Assisted Living","COLLIN","308 RANDY LEE LANE","MCKINNEY","TX","75071","(214) 382-8163","(214) 382-8163","8","","","","","","","","true","33.2031","-96.6433","212.9","tx-hhsc-assisted-living","Texas HHSC Assisted Living Facilities","https://services1.arcgis.com/jI1j5lArZnrgFYSc/ArcGIS/rest/services/Assisted_Living/FeatureServer/0","Texas Health and Human Services Commission"
"tx-hhsc-assisted-living:103912","AVALON MEMORY CARE","103912","assisted_living","Assisted Living","COLLIN","1801 MEADOW RANCH RD","MCKINNEY","TX","75071","(214) 752-7050","(214) 752-7054","16","","","","","","","","true","33.2136","-96.6781","213","tx-hhsc-assisted-living","Texas HHSC Assisted Living Facilities","https://services1.arcgis.com/jI1j5lArZnrgFYSc/ArcGIS/rest/services/Assisted_Living/FeatureServer/0","Texas Health and Human Services Commission"
"tx-hhsc-assisted-living:100189","CALDER WOODS","100189","assisted_living","Assisted Living","JEFFERSON","7080 CALDER AVE.","BEAUMONT","TX","77706","(409) 861-1123","(409) 861-1002","62","","","","","","","","true","30.0743","-94.1748","213.6","tx-hhsc-assisted-living","Texas HHSC Assisted Living Facilities","https://services1.arcgis.com/jI1j5lArZnrgFYSc/ArcGIS/rest/services/Assisted_Living/FeatureServer/0","Texas Health and Human Services Commission"
"tx-hhsc-assisted-living:105574","AUTUMN WIND ASSISTED LIVING","105574","assisted_living","Assisted Living","WOOD","135 AUTUMN WIND CT","WEST MINEOLA","TX","75773","(903) 569-1111","(903) 569-6007","90","","","","","","","","true","32.6847","-95.4801","213.7","tx-hhsc-assisted-living","Texas HHSC Assisted Living Facilities","https://services1.arcgis.com/jI1j5lArZnrgFYSc/ArcGIS/rest/services/Assisted_Living/FeatureServer/0","Texas Health and Human Services Commission"
"tx-hhsc-assisted-living:000325","BROOKDALE DOWLEN OAKS","000325","assisted_living","Assisted Living","JEFFERSON","2250 N DOWLEN ROAD","BEAUMONT","TX","77706","(409) 866-8090","(409) 866-2929","99","","","","","","","","true","30.0973","-94.1701","213.7","tx-hhsc-assisted-living","Texas HHSC Assisted Living Facilities","https://services1.arcgis.com/jI1j5lArZnrgFYSc/ArcGIS/rest/services/Assisted_Living/FeatureServer/0","Texas Health and Human Services Commission"
"tx-hhsc-assisted-living:100980","LENROSE PLACE","100980","assisted_living","Assisted Living","JEFFERSON","5395 ROSE LN","BEAUMONT","TX","77708","(409) 363-4171","(409) 225-5408","8","","","","","","","","true","30.1432","-94.1654","213.8","tx-hhsc-assisted-living","Texas HHSC Assisted Living Facilities","https://services1.arcgis.com/jI1j5lArZnrgFYSc/ArcGIS/rest/services/Assisted_Living/FeatureServer/0","Texas Health and Human Services Commission"
"tx-hhsc-assisted-living:030128","VILLA ASUNCION INDEPENDENT AND ASSISTED LIVING CENTER","030128","assisted_living","Assisted Living","COLLIN","830 E PRINCETON BLVD","PRINCETON","TX","75407","(972) 734-8823","(972) 734-3828","80","","","","","","","","true","33.1745","-96.4897","214","tx-hhsc-assisted-living","Texas HHSC Assisted Living Facilities","https://services1.arcgis.com/jI1j5lArZnrgFYSc/ArcGIS/rest/services/Assisted_Living/FeatureServer/0","Texas Health and Human Services Commission"
"tx-hhsc-assisted-living:104286","VILLA ASUNCION INDEPENDENT AND ASSISTED LIVING CENTER","104286","assisted_living","Assisted Living","COLLIN","830 E PRINCETON DR","PRINCETON","TX","75407","(972) 734-8823","(972) 734-3828","96","","","","","","","","true","33.1745","-96.4897","214","tx-hhsc-assisted-living","Texas HHSC Assisted Living Facilities","https://services1.arcgis.com/jI1j5lArZnrgFYSc/ArcGIS/rest/services/Assisted_Living/FeatureServer/0","Texas Health and Human Services Commission"
"tx-hhsc-assisted-living:110560","ROSEMARY HEALTH, LLC, DBA ROSEMARY HOUSE","110560","assisted_living","Assisted Living","JEFFERSON","885 GOODHUE ROAD","BEAUMONT","TX","77706","(409) 201-3016","(409) 292-5101","8","","","","","","","","true","30.0841","-94.1641","214.1","tx-hhsc-assisted-living","Texas HHSC Assisted Living Facilities","https://services1.arcgis.com/jI1j5lArZnrgFYSc/ArcGIS/rest/services/Assisted_Living/FeatureServer/0","Texas Health and Human Services Commission"
"tx-hhsc-assisted-living:000636","COLLIER PARK","000636","assisted_living","Assisted Living","JEFFERSON","4650 COLLIER ST","BEAUMONT","TX","77706","(409) 899-4800","(409) 899-3030","71","","","","","","","","true","30.1205","-94.1535","214.6","tx-hhsc-assisted-living","Texas HHSC Assisted Living Facilities","https://services1.arcgis.com/jI1j5lArZnrgFYSc/ArcGIS/rest/services/Assisted_Living/FeatureServer/0","Texas Health and Human Services Commission"
"tx-hhsc-assisted-living:110574","GOLDEN GRACE DAHS CENTER","110574","assisted_living","Assisted Living","COLLIN","1710 N MCDONALD ST","MCKINNEY","TX","75071","(972) 569-9000","(214) 491-4223","8","","","","","","","","true","33.2216","-96.6128","214.7","tx-hhsc-assisted-living","Texas HHSC Assisted Living Facilities","https://services1.arcgis.com/jI1j5lArZnrgFYSc/ArcGIS/rest/services/Assisted_Living/FeatureServer/0","Texas Health and Human Services Commission"
"tx-hhsc-assisted-living:107294","GILBERT'S ASSISTED LIVING, INC","107294","assisted_living","Assisted Living","JEFFERSON","5110 ELK RUN CIRCLE","BEAUMONT","TX","77707","(409) 840-9485","","5","","","","","","","","true","30.0592","-94.15","215.1","tx-hhsc-assisted-living","Texas HHSC Assisted Living Facilities","https://services1.arcgis.com/jI1j5lArZnrgFYSc/ArcGIS/rest/services/Assisted_Living/FeatureServer/0","Texas Health and Human Services Commission"
"tx-hhsc-assisted-living:000477","LUCAS PLACE","000477","assisted_living","Assisted Living","JEFFERSON","2910 TOCCOA RD","BEAUMONT","TX","77703","(409) 896-2332","(409) 896-2539","58","","","","","","","","true","30.099","-94.1325","216","tx-hhsc-assisted-living","Texas HHSC Assisted Living Facilities","https://services1.arcgis.com/jI1j5lArZnrgFYSc/ArcGIS/rest/services/Assisted_Living/FeatureServer/0","Texas Health and Human Services Commission"
"tx-hhsc-assisted-living:030004","BROOKDALE HENDERSON","030004","assisted_living","Assisted Living","RUSK","1000 RICHARDSON DR","HENDERSON","TX","75654","(903) 655-1198","(903) 656-2259","80","","","","","","","","true","32.1479","-94.8133","216.5","tx-hhsc-assisted-living","Texas HHSC Assisted Living Facilities","https://services1.arcgis.com/jI1j5lArZnrgFYSc/ArcGIS/rest/services/Assisted_Living/FeatureServer/0","Texas Health and Human Services Commission"
"tx-hhsc-assisted-living:000708","PINE LODGE ASSISTED LIVING","000708","assisted_living","Assisted Living","RUSK","1905 OLD NACOGDOCHES ROAD","HENDERSON","TX","75654","(903) 657-1563","(903) 657-4693","36","","","","","","","","true","32.1321","-94.7959","216.6","tx-hhsc-assisted-living","Texas HHSC Assisted Living Facilities","https://services1.arcgis.com/jI1j5lArZnrgFYSc/ArcGIS/rest/services/Assisted_Living/FeatureServer/0","Texas Health and Human Services Commission"
"tx-hhsc-assisted-living:105187","REDBIRD MANOR","105187","assisted_living","Assisted Living","DENTON","1906 W CHAPMAN DR","SANGER","TX","76266","(940) 458-0645","(940) 458-3706","16","","","","","","","","true","33.3667","-97.1866","216.6","tx-hhsc-assisted-living","Texas HHSC Assisted Living Facilities","https://services1.arcgis.com/jI1j5lArZnrgFYSc/ArcGIS/rest/services/Assisted_Living/FeatureServer/0","Texas Health and Human Services Commission"
"tx-hhsc-assisted-living:000873","THE SANGER HOUSE","000873","assisted_living","Assisted Living","DENTON","804 N 3RD ST","SANGER","TX","76266","(940) 458-4425","(940) 458-4402","8","","","","","","","","true","33.3662","-97.1722","216.7","tx-hhsc-assisted-living","Texas HHSC Assisted Living Facilities","https://services1.arcgis.com/jI1j5lArZnrgFYSc/ArcGIS/rest/services/Assisted_Living/FeatureServer/0","Texas Health and Human Services Commission"
"tx-hhsc-assisted-living:106342","THE HOME PLACE","106342","assisted_living","Assisted Living","DENTON","2970 FM 455 WEST","SANGER","TX","76266","(940) 458-4402","(940) 458-3708","16","","","","","","","","true","33.3727","-97.1554","217.3","tx-hhsc-assisted-living","Texas HHSC Assisted Living Facilities","https://services1.arcgis.com/jI1j5lArZnrgFYSc/ArcGIS/rest/services/Assisted_Living/FeatureServer/0","Texas Health and Human Services Commission"
"tx-hhsc-assisted-living:000418","SERENITY ASSISTED CARE LIVING","000418","assisted_living","Assisted Living","JEFFERSON","1945 PENNSYLVANIA AVE","BEAUMONT","TX","77701","(409) 833-1989","(409) 833-8502","30","","","","","","","","true","30.0684","-94.092","218.5","tx-hhsc-assisted-living","Texas HHSC Assisted Living Facilities","https://services1.arcgis.com/jI1j5lArZnrgFYSc/ArcGIS/rest/services/Assisted_Living/FeatureServer/0","Texas Health and Human Services Commission"
"tx-hhsc-assisted-living:000986","HARRISON HOUSE","000986","assisted_living","Assisted Living","HUNT","6400 JACK FINNEY BLVD","GREENVILLE","TX","75402","(903) 445-0440","(903) 455-4090","51","","","","","","","","true","33.1063","-96.0898","218.9","tx-hhsc-assisted-living","Texas HHSC Assisted Living Facilities","https://services1.arcgis.com/jI1j5lArZnrgFYSc/ArcGIS/rest/services/Assisted_Living/FeatureServer/0","Texas Health and Human Services Commission"
"tx-hhsc-assisted-living:000501","HOYT PLACE","000501","assisted_living","Assisted Living","NOLAN","1700 HOYT AVE","SWEETWATER","TX","79556","(325) 235-5655","(325) 235-5391","36","","","","","","","","true","32.4882","-100.3904","218.9","tx-hhsc-assisted-living","Texas HHSC Assisted Living Facilities","https://services1.arcgis.com/jI1j5lArZnrgFYSc/ArcGIS/rest/services/Assisted_Living/FeatureServer/0","Texas Health and Human Services Commission"
"tx-hhsc-assisted-living:110512","GRACIOUS COMMUNITY HOMES INC","110512","assisted_living","Assisted Living","HUNT","3900 JOE RAMSEY BLVD E","GREENVILLE","TX","75401","(972) 951-1933","","14","","","","","","","","true","33.1244","-96.1223","219.2","tx-hhsc-assisted-living","Texas HHSC Assisted Living Facilities","https://services1.arcgis.com/jI1j5lArZnrgFYSc/ArcGIS/rest/services/Assisted_Living/FeatureServer/0","Texas Health and Human Services Commission"
"tx-hhsc-assisted-living:000673","TK RANCH DORM 1","000673","assisted_living","Assisted Living","MONTAGUE","406 PR 156","SUNSET","TX","76270","(940) 872-2027","(940) 872-3222","16","","","","","","","","true","33.439","-97.7839","219.2","tx-hhsc-assisted-living","Texas HHSC Assisted Living Facilities","https://services1.arcgis.com/jI1j5lArZnrgFYSc/ArcGIS/rest/services/Assisted_Living/FeatureServer/0","Texas Health and Human Services Commission"
"tx-hhsc-assisted-living:000674","TK RANCH DORM 2","000674","assisted_living","Assisted Living","MONTAGUE","364 PR 156","SUNSET","TX","76270","(940) 872-3623","(940) 872-3222","9","","","","","","","","true","33.439","-97.7839","219.2","tx-hhsc-assisted-living","Texas HHSC Assisted Living Facilities","https://services1.arcgis.com/jI1j5lArZnrgFYSc/ArcGIS/rest/services/Assisted_Living/FeatureServer/0","Texas Health and Human Services Commission"
"tx-hhsc-assisted-living:000826","COLONIAL LODGE","000826","assisted_living","Assisted Living","HUNT","3600 STANFORD ST","GREENVILLE","TX","75401","(903) 454-6636","(903) 454-8182","55","","","","","","","","true","33.1249","-96.1203","219.3","tx-hhsc-assisted-living","Texas HHSC Assisted Living Facilities","https://services1.arcgis.com/jI1j5lArZnrgFYSc/ArcGIS/rest/services/Assisted_Living/FeatureServer/0","Texas Health and Human Services Commission"
"tx-hhsc-assisted-living:101527","THE LODGE OF COLONIAL","101527","assisted_living","Assisted Living","HUNT","3590 STANFORD ST","GREENVILLE","TX","75401","(903) 454-6636","(903) 454-8182","59","","","","","","","","true","33.1247","-96.1193","219.3","tx-hhsc-assisted-living","Texas HHSC Assisted Living Facilities","https://services1.arcgis.com/jI1j5lArZnrgFYSc/ArcGIS/rest/services/Assisted_Living/FeatureServer/0","Texas Health and Human Services Commission"
"tx-hhsc-assisted-living:103374","COUNTRY ELEGANCE","103374","assisted_living","Assisted Living","JONES","1700 COLUMBIA","STAMFORD","TX","79553","(325) 773-5511","(325) 773-5522","16","","","","","","","","true","32.9278","-99.7851","219.6","tx-hhsc-assisted-living","Texas HHSC Assisted Living Facilities","https://services1.arcgis.com/jI1j5lArZnrgFYSc/ArcGIS/rest/services/Assisted_Living/FeatureServer/0","Texas Health and Human Services Commission"
"tx-hhsc-assisted-living:000564","THE GARDENS AT HAWKINS ALC","000564","assisted_living","Assisted Living","WOOD","648 N BEAULAH ST","HAWKINS","TX","75765","(903) 769-9105","(903) 769-9019","16","","","","","","","","true","32.5945","-95.2065","219.6","tx-hhsc-assisted-living","Texas HHSC Assisted Living Facilities","https://services1.arcgis.com/jI1j5lArZnrgFYSc/ArcGIS/rest/services/Assisted_Living/FeatureServer/0","Texas Health and Human Services Commission"
"tx-hhsc-assisted-living:000584","THE GARDENS AT HAWKINS ALC","000584","assisted_living","Assisted Living","WOOD","698 N BEAULAH ST","HAWKINS","TX","75765","(903) 769-9105","(903) 769-9019","16","","","","","","","","true","32.5955","-95.2065","219.6","tx-hhsc-assisted-living","Texas HHSC Assisted Living Facilities","https://services1.arcgis.com/jI1j5lArZnrgFYSc/ArcGIS/rest/services/Assisted_Living/FeatureServer/0","Texas Health and Human Services Commission"
"tx-hhsc-assisted-living:010219","THE GARDENS AT HAWKINS ALC","010219","assisted_living","Assisted Living","WOOD","830 NORTH BEAULAH ST","HAWKINS","TX","75765","(903) 769-9105","(903) 769-9019","16","","","","","","","","true","32.5969","-95.2065","219.7","tx-hhsc-assisted-living","Texas HHSC Assisted Living Facilities","https://services1.arcgis.com/jI1j5lArZnrgFYSc/ArcGIS/rest/services/Assisted_Living/FeatureServer/0","Texas Health and Human Services Commission"
"tx-hhsc-assisted-living:010397","THE GARDENS AT HAWKINS ALC","010397","assisted_living","Assisted Living","WOOD","840 N BEAULAH ST","HAWKINS","TX","75765","(903) 769-9105","(903) 769-9019","16","","","","","","","","true","32.597","-95.2065","219.7","tx-hhsc-assisted-living","Texas HHSC Assisted Living Facilities","https://services1.arcgis.com/jI1j5lArZnrgFYSc/ArcGIS/rest/services/Assisted_Living/FeatureServer/0","Texas Health and Human Services Commission"
"tx-hhsc-assisted-living:050618","WESLEY HOUSE","050618","assisted_living","Assisted Living","WOOD","1031 E GOODE BOX 143","QUITMAN","TX","75783","(903) 763-1303","(903) 763-2403","50","","","","","","","","true","32.7966","-95.4303","221.6","tx-hhsc-assisted-living","Texas HHSC Assisted Living Facilities","https://services1.arcgis.com/jI1j5lArZnrgFYSc/ArcGIS/rest/services/Assisted_Living/FeatureServer/0","Texas Health and Human Services Commission"
"tx-hhsc-assisted-living:000717","BRINLEE CREEK RANCH","000717","assisted_living","Assisted Living","COLLIN","3325 PATE WAY BUILDING I","ANNA","TX","75409","(972) 838-2602","(972) 837-4105","16","","","","","","","","true","33.316","-96.4886","223.2","tx-hhsc-assisted-living","Texas HHSC Assisted Living Facilities","https://services1.arcgis.com/jI1j5lArZnrgFYSc/ArcGIS/rest/services/Assisted_Living/FeatureServer/0","Texas Health and Human Services Commission"
"tx-hhsc-assisted-living:030281","BRINLEE CREEK RANCH WEST CAMPUS","030281","assisted_living","Assisted Living","COLLIN","3325 PATE WAY BLDG H","ANNA","TX","75409","(972) 838-2602","(972) 837-4105","16","","","","","","","","true","33.316","-96.4886","223.2","tx-hhsc-assisted-living","Texas HHSC Assisted Living Facilities","https://services1.arcgis.com/jI1j5lArZnrgFYSc/ArcGIS/rest/services/Assisted_Living/FeatureServer/0","Texas Health and Human Services Commission"
"tx-hhsc-assisted-living:105237","HOLLAND PLACE SENIOR LIVING LLC","105237","assisted_living","Assisted Living","JEFFERSON","109 7TH AVENUE","NEDERLAND","TX","77627","(409) 724-1930","(409) 344-4564","16","","","","","","","","true","29.9982","-94.0209","223.2","tx-hhsc-assisted-living","Texas HHSC Assisted Living Facilities","https://services1.arcgis.com/jI1j5lArZnrgFYSc/ArcGIS/rest/services/Assisted_Living/FeatureServer/0","Texas Health and Human Services Commission"
"tx-hhsc-assisted-living:100561","ARABELLA OF KILGORE","100561","assisted_living","Assisted Living","GREGG","2103 CHANDLER ST","KILGORE","TX","75662","(903) 984-8839","(903) 988-2194","67","","","","","","","","true","32.3713","-94.8632","223.7","tx-hhsc-assisted-living","Texas HHSC Assisted Living Facilities","https://services1.arcgis.com/jI1j5lArZnrgFYSc/ArcGIS/rest/services/Assisted_Living/FeatureServer/0","Texas Health and Human Services Commission"
"tx-hhsc-assisted-living:000839","TK RANCH DORM 3","000839","assisted_living","Assisted Living","MONTAGUE","899 HUDDLESTON RD","SUNSET","TX","76270","(940) 872-3360","(940) 872-3222","10","","","","","","","","true","33.5055","-97.7147","223.8","tx-hhsc-assisted-living","Texas HHSC Assisted Living Facilities","https://services1.arcgis.com/jI1j5lArZnrgFYSc/ArcGIS/rest/services/Assisted_Living/FeatureServer/0","Texas Health and Human Services Commission"
"tx-hhsc-assisted-living:102515","BRINLEE CREEK RANCH  HILLTOP HOUSE","102515","assisted_living","Assisted Living","COLLIN","3325 PATE WAYBLDG E","ANNA","TX","75409","(972) 838-2602","(972) 837-1205","16","","","","","","","","true","33.3487","-96.5355","224.4","tx-hhsc-assisted-living","Texas HHSC Assisted Living Facilities","https://services1.arcgis.com/jI1j5lArZnrgFYSc/ArcGIS/rest/services/Assisted_Living/FeatureServer/0","Texas Health and Human Services Commission"
"tx-hhsc-assisted-living:000480","ROSE PLACE","000480","assisted_living","Assisted Living","JEFFERSON","8214 ANCHOR DR","PORT ARTHUR","TX","77642","(409) 722-3423","(409) 722-4796","58","","","","","","","","true","29.9439","-93.9866","225.6","tx-hhsc-assisted-living","Texas HHSC Assisted Living Facilities","https://services1.arcgis.com/jI1j5lArZnrgFYSc/ArcGIS/rest/services/Assisted_Living/FeatureServer/0","Texas Health and Human Services Commission"
"tx-hhsc-assisted-living:110616","ADVOCATES HOUSE","110616","assisted_living","Assisted Living","JEFFERSON","2625 MAGNOLIA","PORT NECHES","TX","77651","832 7461135","","9","","","","","","","","true","29.9881","-93.9794","225.7","tx-hhsc-assisted-living","Texas HHSC Assisted Living Facilities","https://services1.arcgis.com/jI1j5lArZnrgFYSc/ArcGIS/rest/services/Assisted_Living/FeatureServer/0","Texas Health and Human Services Commission"
"tx-hhsc-assisted-living:030235","ROSEWOOD ASSISTED LIVING CENTER INC","030235","assisted_living","Assisted Living","JASPER","41 CHESTNUT CIR","JASPER","TX","75951","(409) 384-4533","(409) 381-8862","11","","","","","","","","true","30.9003","-94.0196","225.7","tx-hhsc-assisted-living","Texas HHSC Assisted Living Facilities","https://services1.arcgis.com/jI1j5lArZnrgFYSc/ArcGIS/rest/services/Assisted_Living/FeatureServer/0","Texas Health and Human Services Commission"
"tx-hhsc-assisted-living:010323","INDEPENDENCE HALL","010323","assisted_living","Assisted Living","MONTAGUE","1210 JACKSON ST","BOWIE","TX","76230","(940) 872-9718","(940) 872-8590","36","","","","","","","","true","33.5649","-97.8379","227.9","tx-hhsc-assisted-living","Texas HHSC Assisted Living Facilities","https://services1.arcgis.com/jI1j5lArZnrgFYSc/ArcGIS/rest/services/Assisted_Living/FeatureServer/0","Texas Health and Human Services Commission"
"tx-hhsc-assisted-living:100966","ROSEWOOD ASSISTED LIVING CENTER II","100966","assisted_living","Assisted Living","JASPER","8670 US HIGHWAY 96 SOUTH","JASPER","TX","75951","(409) 489-1402","(409) 383-0584","16","","","","","","","","true","30.7996","-93.9644","227.9","tx-hhsc-assisted-living","Texas HHSC Assisted Living Facilities","https://services1.arcgis.com/jI1j5lArZnrgFYSc/ArcGIS/rest/services/Assisted_Living/FeatureServer/0","Texas Health and Human Services Commission"
"tx-hhsc-assisted-living:106456","SENTINEL GARDENS ASSISTED LIVING CENTER","106456","assisted_living","Assisted Living","GREGG","300 MONEY STREET","GLADEWATER","TX","75647","(430) 702-4000","(430) 702-4002","60","","","","","","","","true","32.5319","-94.9297","228","tx-hhsc-assisted-living","Texas HHSC Assisted Living Facilities","https://services1.arcgis.com/jI1j5lArZnrgFYSc/ArcGIS/rest/services/Assisted_Living/FeatureServer/0","Texas Health and Human Services Commission"
"tx-hhsc-assisted-living:107168","FOREVER YOUNG HOME LLC","107168","assisted_living","Assisted Living","JEFFERSON","2631 ROSE AVENUE","GROVES","TX","77619","(409) 433-5084","(409) 433-5084","7","","","","","","","","true","29.9428","-93.9016","230.7","tx-hhsc-assisted-living","Texas HHSC Assisted Living Facilities","https://services1.arcgis.com/jI1j5lArZnrgFYSc/ArcGIS/rest/services/Assisted_Living/FeatureServer/0","Texas Health and Human Services Commission"
"tx-hhsc-assisted-living:110196","FOREVER YOUNG HOME LLC","110196","assisted_living","Assisted Living","JEFFERSON","2630 ROSE AVE","GROVES","TX","77619","(409) 433-5471","","8","","","","","","","","true","29.9432","-93.9013","230.7","tx-hhsc-assisted-living","Texas HHSC Assisted Living Facilities","https://services1.arcgis.com/jI1j5lArZnrgFYSc/ArcGIS/rest/services/Assisted_Living/FeatureServer/0","Texas Health and Human Services Commission"
"tx-hhsc-assisted-living:030024","HILLCREST ASSISTED LIVING","030024","assisted_living","Assisted Living","SAN AUGUSTINE","1997 DAVIDSON DR.","SAN AUGUSTINE","TX","75972","(936) 275-0222","(936) 275-5978","52","","","","","","","","true","31.5241","-94.1265","231.3","tx-hhsc-assisted-living","Texas HHSC Assisted Living Facilities","https://services1.arcgis.com/jI1j5lArZnrgFYSc/ArcGIS/rest/services/Assisted_Living/FeatureServer/0","Texas Health and Human Services Commission"
"tx-hhsc-assisted-living:000952","COUNTRY HOME ESTATES","000952","assisted_living","Assisted Living","HUNT","2927 MONROE","COMMERCE","TX","75428","(903) 886-7754","(903) 886-8395","55","","","","","","","","true","33.2302","-95.9036","231.5","tx-hhsc-assisted-living","Texas HHSC Assisted Living Facilities","https://services1.arcgis.com/jI1j5lArZnrgFYSc/ArcGIS/rest/services/Assisted_Living/FeatureServer/0","Texas Health and Human Services Commission"
"tx-hhsc-assisted-living:103314","BOYDS HOME","103314","assisted_living","Assisted Living","GREGG","315 E CLIFFWOOD","LONGVIEW","TX","75603","(903) 643-9990","(903) 643-9990","4","","","","","","","","true","32.387","-94.6843","232.5","tx-hhsc-assisted-living","Texas HHSC Assisted Living Facilities","https://services1.arcgis.com/jI1j5lArZnrgFYSc/ArcGIS/rest/services/Assisted_Living/FeatureServer/0","Texas Health and Human Services Commission"
"tx-hhsc-assisted-living:030195","NEW LIFE OUTREACH BOARDING HOME","030195","assisted_living","Assisted Living","GREGG","2016 S HIGH ST","LONGVIEW","TX","75602","(903) 758-2866","(903) 758-9153","12","","","","","","","","true","32.4686","-94.74","233.5","tx-hhsc-assisted-living","Texas HHSC Assisted Living Facilities","https://services1.arcgis.com/jI1j5lArZnrgFYSc/ArcGIS/rest/services/Assisted_Living/FeatureServer/0","Texas Health and Human Services Commission"
"tx-hhsc-assisted-living:000996","HOPKINS PLACE","000996","assisted_living","Assisted Living","HOPKINS","890 CAMP ST","SULPHUR SPRINGS","TX","75482","(903) 439-1202","(903) 885-6697","63","","","","","","","","true","33.1248","-95.6145","233.7","tx-hhsc-assisted-living","Texas HHSC Assisted Living Facilities","https://services1.arcgis.com/jI1j5lArZnrgFYSc/ArcGIS/rest/services/Assisted_Living/FeatureServer/0","Texas Health and Human Services Commission"
"tx-hhsc-assisted-living:050011","NEW LIFE OUTREACH BOARDING HOME","050011","assisted_living","Assisted Living","GREGG","1511 MOBBERLY AVE","LONGVIEW","TX","75602","(903) 758-2866","(903) 758-9153","29","","","","","","","","true","32.4747","-94.7303","234.2","tx-hhsc-assisted-living","Texas HHSC Assisted Living Facilities","https://services1.arcgis.com/jI1j5lArZnrgFYSc/ArcGIS/rest/services/Assisted_Living/FeatureServer/0","Texas Health and Human Services Commission"
"tx-hhsc-assisted-living:100155","TRINITY TIMBERS A","100155","assisted_living","Assisted Living","GREGG","3102 A GILMER RD","LONGVIEW","TX","75604","(903) 295-1711","(903) 297-0904","13","","","","","","","","true","32.5428","-94.794","234.4","tx-hhsc-assisted-living","Texas HHSC Assisted Living Facilities","https://services1.arcgis.com/jI1j5lArZnrgFYSc/ArcGIS/rest/services/Assisted_Living/FeatureServer/0","Texas Health and Human Services Commission"
"tx-hhsc-assisted-living:100156","TRINITY TIMBERS B","100156","assisted_living","Assisted Living","GREGG","3102 B GILMER RD","LONGVIEW","TX","75604","(903) 295-1711","(903) 297-0904","13","","","","","","","","true","32.5428","-94.794","234.4","tx-hhsc-assisted-living","Texas HHSC Assisted Living Facilities","https://services1.arcgis.com/jI1j5lArZnrgFYSc/ArcGIS/rest/services/Assisted_Living/FeatureServer/0","Texas Health and Human Services Commission"
"tx-hhsc-assisted-living:101381","GOLDEN YEARS ASSISTED LIVING","101381","assisted_living","Assisted Living","ORANGE","16532 S HWY 62 S","ORANGE","TX","77630","(409) 745-9096","(409) 745-9956","16","","","","","","","","true","30.1044","-93.8208","234.5","tx-hhsc-assisted-living","Texas HHSC Assisted Living Facilities","https://services1.arcgis.com/jI1j5lArZnrgFYSc/ArcGIS/rest/services/Assisted_Living/FeatureServer/0","Texas Health and Human Services Commission"
"tx-hhsc-assisted-living:104611","EMMANUEL HOMES #3","104611","assisted_living","Assisted Living","GREGG","807 S MOBBERLY","LONGVIEW","TX","75602","(903) 553-0143","(903) 297-4999","12","","","","","","","","true","32.4822","-94.7294","234.6","tx-hhsc-assisted-living","Texas HHSC Assisted Living Facilities","https://services1.arcgis.com/jI1j5lArZnrgFYSc/ArcGIS/rest/services/Assisted_Living/FeatureServer/0","Texas Health and Human Services Commission"
"tx-hhsc-assisted-living:105642","HEARTIS LONGVIEW","105642","assisted_living","Assisted Living","GREGG","1408 LAGO TRL","LONGVIEW","TX","75604","(903) 291-0020","(903) 758-7984","164","","","","","","","","true","32.522","-94.7645","234.8","tx-hhsc-assisted-living","Texas HHSC Assisted Living Facilities","https://services1.arcgis.com/jI1j5lArZnrgFYSc/ArcGIS/rest/services/Assisted_Living/FeatureServer/0","Texas Health and Human Services Commission"
"tx-hhsc-assisted-living:000997","WHEELER PLACE","000997","assisted_living","Assisted Living","COOKE","2310 E BROADWAY ST","GAINESVILLE","TX","76240","(940) 668-8977","(940) 668-8262","51","","","","","","","","true","33.6251","-97.1189","234.9","tx-hhsc-assisted-living","Texas HHSC Assisted Living Facilities","https://services1.arcgis.com/jI1j5lArZnrgFYSc/ArcGIS/rest/services/Assisted_Living/FeatureServer/0","Texas Health and Human Services Commission"
"tx-hhsc-assisted-living:110114","WESLEY HOUSE","110114","assisted_living","Assisted Living","COOKE","3291 E BROADWAY","GAINESVILLE","TX","76240","(940) 301-4436","(940) 301-5039","86","","","","","","","","true","33.6255","-97.1067","235","tx-hhsc-assisted-living","Texas HHSC Assisted Living Facilities","https://services1.arcgis.com/jI1j5lArZnrgFYSc/ArcGIS/rest/services/Assisted_Living/FeatureServer/0","Texas Health and Human Services Commission"
"tx-hhsc-assisted-living:104275","AUTUMN WIND","104275","assisted_living","Assisted Living","WOOD","1004 E. COKE RD","WINNSBORO","TX","75494","(903) 342-3388","(903) 342-3389","69","","","","","","","","true","32.9476","-95.276","235.3","tx-hhsc-assisted-living","Texas HHSC Assisted Living Facilities","https://services1.arcgis.com/jI1j5lArZnrgFYSc/ArcGIS/rest/services/Assisted_Living/FeatureServer/0","Texas Health and Human Services Commission"
"tx-hhsc-assisted-living:101654","MARIAN PLACE ASSISTED LIVING","101654","assisted_living","Assisted Living","PANOLA","1690 NE LOOP","CARTHAGE","TX","75633","(903) 690-0556","(903) 690-0526","14","","","","","","","","true","32.1178","-94.3932","235.7","tx-hhsc-assisted-living","Texas HHSC Assisted Living Facilities","https://services1.arcgis.com/jI1j5lArZnrgFYSc/ArcGIS/rest/services/Assisted_Living/FeatureServer/0","Texas Health and Human Services Commission"
"tx-hhsc-assisted-living:105208","WESLEY HOUSE","105208","assisted_living","Assisted Living","HOPKINS","1044 CHURCH STREET","SULPHUR SPRINGS","TX","75482","(903) 439-0529","(903) 439-0549","28","","","","","","","","true","33.1508","-95.598","235.8","tx-hhsc-assisted-living","Texas HHSC Assisted Living Facilities","https://services1.arcgis.com/jI1j5lArZnrgFYSc/ArcGIS/rest/services/Assisted_Living/FeatureServer/0","Texas Health and Human Services Commission"
"tx-hhsc-assisted-living:000950","WESLEY HOUSE","000950","assisted_living","Assisted Living","HOPKINS","1044 CHURCH ST","SULPHUR SPRINGS","TX","75482","(903) 439-0529","(903) 439-0549","42","","","","","","","","true","33.1508","-95.598","235.8","tx-hhsc-assisted-living","Texas HHSC Assisted Living Facilities","https://services1.arcgis.com/jI1j5lArZnrgFYSc/ArcGIS/rest/services/Assisted_Living/FeatureServer/0","Texas Health and Human Services Commission"
"tx-hhsc-assisted-living:100157","BUCKNER WESTMINSTER PLACE","100157","assisted_living","Assisted Living","GREGG","2201 HORSESHOE LN","LONGVIEW","TX","75605","(903) 234-0000","(903) 234-0909","61","","","","","","","","true","32.5358","-94.7499","236","tx-hhsc-assisted-living","Texas HHSC Assisted Living Facilities","https://services1.arcgis.com/jI1j5lArZnrgFYSc/ArcGIS/rest/services/Assisted_Living/FeatureServer/0","Texas Health and Human Services Commission"
"tx-hhsc-assisted-living:102729","WESLEY HOUSE","102729","assisted_living","Assisted Living","UPSHUR","231 QUAIL DRIVE","GILMER","TX","75645","(903) 734-1784","(903) 734-1752","86","","","","","","","","true","32.7117","-94.9424","236.1","tx-hhsc-assisted-living","Texas HHSC Assisted Living Facilities","https://services1.arcgis.com/jI1j5lArZnrgFYSc/ArcGIS/rest/services/Assisted_Living/FeatureServer/0","Texas Health and Human Services Commission"
"tx-hhsc-assisted-living:106800","PARKVIEW ON HOLLYBROOK","106800","assisted_living","Assisted Living","GREGG","601 HOLLYBROOK DRIVE","LONGVIEW","TX","75605","(903) 758-8888","(903) 758-8890","88","","","","","","","","true","32.5345","-94.7341","236.7","tx-hhsc-assisted-living","Texas HHSC Assisted Living Facilities","https://services1.arcgis.com/jI1j5lArZnrgFYSc/ArcGIS/rest/services/Assisted_Living/FeatureServer/0","Texas Health and Human Services Commission"
"tx-hhsc-assisted-living:000965","ALPINE HOUSE","000965","assisted_living","Assisted Living","GREGG","2104 ALPINE ROAD","LONGVIEW","TX","75601","(903) 234-8600","(903) 234-1149","36","","","","","","","","true","32.5181","-94.7072","237.1","tx-hhsc-assisted-living","Texas HHSC Assisted Living Facilities","https://services1.arcgis.com/jI1j5lArZnrgFYSc/ArcGIS/rest/services/Assisted_Living/FeatureServer/0","Texas Health and Human Services Commission"
"tx-hhsc-assisted-living:102944","HAWKINS CREEK ASSISTED LIVING AND MEMORY CARE COMMUNITY","102944","assisted_living","Assisted Living","GREGG","311 E HAWKINS PKWY","LONGVIEW","TX","75605","903 6631079","903 6630529","70","","","","","","","","true","32.5479","-94.7377","237.1","tx-hhsc-assisted-living","Texas HHSC Assisted Living Facilities","https://services1.arcgis.com/jI1j5lArZnrgFYSc/ArcGIS/rest/services/Assisted_Living/FeatureServer/0","Texas Health and Human Services Commission"
"tx-hhsc-assisted-living:104343","LAKESIDE VILLAGE ASSISTED LIVING","104343","assisted_living","Assisted Living","SHELBY","1468 LOOP 500","CENTER","TX","75935","(936) 590-9300","(936) 590-9315","16","","","","","","","","true","31.7913","-94.155","237.1","tx-hhsc-assisted-living","Texas HHSC Assisted Living Facilities","https://services1.arcgis.com/jI1j5lArZnrgFYSc/ArcGIS/rest/services/Assisted_Living/FeatureServer/0","Texas Health and Human Services Commission"
"tx-hhsc-assisted-living:000382","BROOKDALE LONGVIEW","000382","assisted_living","Assisted Living","GREGG","2920 N EASTMAN RD","LONGVIEW","TX","75605","(903) 757-6020","(903) 757-2491","80","","","","","","","","true","32.5348","-94.722","237.2","tx-hhsc-assisted-living","Texas HHSC Assisted Living Facilities","https://services1.arcgis.com/jI1j5lArZnrgFYSc/ArcGIS/rest/services/Assisted_Living/FeatureServer/0","Texas Health and Human Services Commission"
"tx-hhsc-assisted-living:100559","THE BRADFORD HOUSE","100559","assisted_living","Assisted Living","UPSHUR","1704 N BRADFORD ST","GILMER","TX","75644","(903) 843-7601","(903) 843-4871","50","","","","","","","","true","32.7462","-94.9542","237.3","tx-hhsc-assisted-living","Texas HHSC Assisted Living Facilities","https://services1.arcgis.com/jI1j5lArZnrgFYSc/ArcGIS/rest/services/Assisted_Living/FeatureServer/0","Texas Health and Human Services Commission"
"tx-hhsc-assisted-living:106015","ARABELLA OF LONGVIEW","106015","assisted_living","Assisted Living","GREGG","1155 E. HAWKINS PWKY","LONGVIEW","TX","75605","(903) 663-8886","(903) 566-8506","92","","","","","","","","true","32.5475","-94.719","237.9","tx-hhsc-assisted-living","Texas HHSC Assisted Living Facilities","https://services1.arcgis.com/jI1j5lArZnrgFYSc/ArcGIS/rest/services/Assisted_Living/FeatureServer/0","Texas Health and Human Services Commission"
"tx-hhsc-assisted-living:102269","HERITAGE HOUSE ON THE BRAZOS","102269","assisted_living","Assisted Living","FISHER","776 STATE HWY 70 N","ROTAN","TX","79546","(325) 735-1501","(325) 735-1502","16","","","","","","","","true","32.8343","-100.4356","237.9","tx-hhsc-assisted-living","Texas HHSC Assisted Living Facilities","https://services1.arcgis.com/jI1j5lArZnrgFYSc/ArcGIS/rest/services/Assisted_Living/FeatureServer/0","Texas Health and Human Services Commission"
"tx-hhsc-assisted-living:000468","SABINE PLACE","000468","assisted_living","Assisted Living","ORANGE","5301 MEEKS DR","ORANGE","TX","77630","(936) 559-9055","(409) 883-8302","42","","","","","","","","true","30.1395","-93.7567","238.2","tx-hhsc-assisted-living","Texas HHSC Assisted Living Facilities","https://services1.arcgis.com/jI1j5lArZnrgFYSc/ArcGIS/rest/services/Assisted_Living/FeatureServer/0","Texas Health and Human Services Commission"
"tx-hhsc-assisted-living:101205","JUST LIKE HOME","101205","assisted_living","Assisted Living","GRAYSON","6313 OLD SHERMAN RD","WHITESBORO","TX","76273","(903) 564-7466","(903) 564-5405","15","","","","","","","","true","33.651","-96.8857","239.1","tx-hhsc-assisted-living","Texas HHSC Assisted Living Facilities","https://services1.arcgis.com/jI1j5lArZnrgFYSc/ArcGIS/rest/services/Assisted_Living/FeatureServer/0","Texas Health and Human Services Commission"
"tx-hhsc-assisted-living:000979","WINKLER PLACE","000979","assisted_living","Assisted Living","PANOLA","513 NORTH ADAMS","CARTHAGE","TX","75633","(903) 694-2525","(903) 694-2644","36","","","","","","","","true","32.1613","-94.3531","239.3","tx-hhsc-assisted-living","Texas HHSC Assisted Living Facilities","https://services1.arcgis.com/jI1j5lArZnrgFYSc/ArcGIS/rest/services/Assisted_Living/FeatureServer/0","Texas Health and Human Services Commission"
"tx-hhsc-assisted-living:104670","TRADITIONS SENIOR LIVING AND MEMORY CARE","104670","assisted_living","Assisted Living","GRAYSON","505 NORTH FM 1417","SHERMAN","TX","75092","(903) 893-4282","(903) 893-4262","76","","","","","","","","true","33.633","-96.6436","241.3","tx-hhsc-assisted-living","Texas HHSC Assisted Living Facilities","https://services1.arcgis.com/jI1j5lArZnrgFYSc/ArcGIS/rest/services/Assisted_Living/FeatureServer/0","Texas Health and Human Services Commission"
"tx-hhsc-assisted-living:000972","PRESTON PLACE","000972","assisted_living","Assisted Living","GRAYSON","620 BLANTON DR","SHERMAN","TX","75092","(903) 892-6937","(903) 870-0279","48","","","","","","","","true","33.6402","-96.6336","242","tx-hhsc-assisted-living","Texas HHSC Assisted Living Facilities","https://services1.arcgis.com/jI1j5lArZnrgFYSc/ArcGIS/rest/services/Assisted_Living/FeatureServer/0","Texas Health and Human Services Commission"
"tx-hhsc-assisted-living:102017","CARRIES ASSISTED LIVING CENTER","102017","assisted_living","Assisted Living","PANOLA","2625 CR 302","CARTHAGE","TX","75633","(903) 694-9290","(903) 694-9191","12","","","","","","","","true","32.232","-94.3419","242.5","tx-hhsc-assisted-living","Texas HHSC Assisted Living Facilities","https://services1.arcgis.com/jI1j5lArZnrgFYSc/ArcGIS/rest/services/Assisted_Living/FeatureServer/0","Texas Health and Human Services Commission"
"tx-hhsc-assisted-living:100415","CHERRY STREET VILLAGE","100415","assisted_living","Assisted Living","MONTAGUE","200 E CHERRY ST","NOCONA","TX","76255","(940) 825-5085","(940) 825-1032","36","","","","","","","","true","33.782","-97.7201","242.9","tx-hhsc-assisted-living","Texas HHSC Assisted Living Facilities","https://services1.arcgis.com/jI1j5lArZnrgFYSc/ArcGIS/rest/services/Assisted_Living/FeatureServer/0","Texas Health and Human Services Commission"
"tx-hhsc-assisted-living:000795","HOME TO YOU","000795","assisted_living","Assisted Living","GRAYSON","243 INDEPENDENCE SPRING DR","SHERMAN","TX","75090","(903) 893-7093","(903) 893-7093","14","","","","","","","","true","33.6309","-96.5176","243.3","tx-hhsc-assisted-living","Texas HHSC Assisted Living Facilities","https://services1.arcgis.com/jI1j5lArZnrgFYSc/ArcGIS/rest/services/Assisted_Living/FeatureServer/0","Texas Health and Human Services Commission"
"tx-hhsc-assisted-living:104492","YESTER YEAR HOME, LLC","104492","assisted_living","Assisted Living","MONTAGUE","914 FAYETTE","NOCONA","TX","76255","(940) 825-4913","(940) 825-3048","5","","","","","","","","true","33.7954","-97.7343","243.8","tx-hhsc-assisted-living","Texas HHSC Assisted Living Facilities","https://services1.arcgis.com/jI1j5lArZnrgFYSc/ArcGIS/rest/services/Assisted_Living/FeatureServer/0","Texas Health and Human Services Commission"
"tx-hhsc-assisted-living:030070","BROOKDALE WILLOWS SHERMAN","030070","assisted_living","Assisted Living","GRAYSON","3410 POST OAK CROSSING","SHERMAN","TX","75092","(903) 891-3737","(903) 891-3770","75","","","","","","","","true","33.6701","-96.6382","243.9","tx-hhsc-assisted-living","Texas HHSC Assisted Living Facilities","https://services1.arcgis.com/jI1j5lArZnrgFYSc/ArcGIS/rest/services/Assisted_Living/FeatureServer/0","Texas Health and Human Services Commission"
"tx-hhsc-assisted-living:102688","PECAN POINT ASSISTED LIVING AND MEMORY CARE COMMUNITY","102688","assisted_living","Assisted Living","GRAYSON","1011 E. PECAN GROVE RD","SHERMAN","TX","75090","903 8929100","903 8922200","70","","","","","","","","true","33.6763","-96.6033","244.8","tx-hhsc-assisted-living","Texas HHSC Assisted Living Facilities","https://services1.arcgis.com/jI1j5lArZnrgFYSc/ArcGIS/rest/services/Assisted_Living/FeatureServer/0","Texas Health and Human Services Commission"
"tx-hhsc-assisted-living:000718","HOFMANN MRAZ CARE HOME","000718","assisted_living","Assisted Living","FANNIN","1405 N CEDAR ST","BONHAM","TX","75418","(937) 361-9636","(903) 583-5049","15","","","","","","","","true","33.5879","-96.185","247","tx-hhsc-assisted-living","Texas HHSC Assisted Living Facilities","https://services1.arcgis.com/jI1j5lArZnrgFYSc/ArcGIS/rest/services/Assisted_Living/FeatureServer/0","Texas Health and Human Services Commission"
"tx-hhsc-assisted-living:001266","JUST LIKE HOME SEYMOUR LLC","001266","assisted_living","Assisted Living","BAYLOR","1137 W CALIFORNIA","SEYMOUR","TX","76380","(940) 889-3551","(940) 889-3551","7","","","","","","","","true","33.5954","-99.2838","247.1","tx-hhsc-assisted-living","Texas HHSC Assisted Living Facilities","https://services1.arcgis.com/jI1j5lArZnrgFYSc/ArcGIS/rest/services/Assisted_Living/FeatureServer/0","Texas Health and Human Services Commission"
"tx-hhsc-assisted-living:101547","WESLEY HOUSE","101547","assisted_living","Assisted Living","FANNIN","1200 W RUSSELL AVENUE","BONHAM","TX","75418","(903) 640-1200","(903) 270-6227","52","","","","","","","","true","33.5993","-96.1914","247.5","tx-hhsc-assisted-living","Texas HHSC Assisted Living Facilities","https://services1.arcgis.com/jI1j5lArZnrgFYSc/ArcGIS/rest/services/Assisted_Living/FeatureServer/0","Texas Health and Human Services Commission"
"tx-hhsc-assisted-living:110215","CELEBRATION SENIOR LIVING OF DENISON","110215","assisted_living","Assisted Living","GRAYSON","5601 WOODLANDS TRAIL","DENISON","TX","75020","(903) 224-5441","(281) 482-9705","94","","","","","","","","true","33.7263","-96.5661","248.7","tx-hhsc-assisted-living","Texas HHSC Assisted Living Facilities","https://services1.arcgis.com/jI1j5lArZnrgFYSc/ArcGIS/rest/services/Assisted_Living/FeatureServer/0","Texas Health and Human Services Commission"
"tx-hhsc-assisted-living:000765","WESLEY VILLAGE","000765","assisted_living","Assisted Living","GRAYSON","2800 LOY LAKE RD","DENISON","TX","75020","(903) 465-6463","(903) 465-6498","72","","","","","","","","true","33.7314","-96.5793","248.9","tx-hhsc-assisted-living","Texas HHSC Assisted Living Facilities","https://services1.arcgis.com/jI1j5lArZnrgFYSc/ArcGIS/rest/services/Assisted_Living/FeatureServer/0","Texas Health and Human Services Commission"
"tx-hhsc-assisted-living:000914","MOUNT VERNON HOUSE","000914","assisted_living","Assisted Living","FRANKLIN","502 MEADOW PARK","MOUNT VERNON","TX","75457","(903) 537-4857","(903) 537-2833","68","","","","","","","","true","33.1752","-95.2348","249.2","tx-hhsc-assisted-living","Texas HHSC Assisted Living Facilities","https://services1.arcgis.com/jI1j5lArZnrgFYSc/ArcGIS/rest/services/Assisted_Living/FeatureServer/0","Texas Health and Human Services Commission"
"tx-hhsc-assisted-living:102361","SOUTHERN WIND MANOR","102361","assisted_living","Assisted Living","CAMP","618 QUITMAN ST","PITTSBURG","TX","75686","(903) 855-1555","(903) 855-1585","50","","","","","","","","true","33.0003","-94.9785","249.2","tx-hhsc-assisted-living","Texas HHSC Assisted Living Facilities","https://services1.arcgis.com/jI1j5lArZnrgFYSc/ArcGIS/rest/services/Assisted_Living/FeatureServer/0","Texas Health and Human Services Commission"
"tx-hhsc-assisted-living:100516","SILVER LEAF ASSISTED LIVING, LLC","100516","assisted_living","Assisted Living","GRAYSON","4318 CRAWFORD STREET","DENISON","TX","75020","(903) 463-0400","(903) 463-0431","21","","","","","","","","true","33.7445","-96.6006","249.4","tx-hhsc-assisted-living","Texas HHSC Assisted Living Facilities","https://services1.arcgis.com/jI1j5lArZnrgFYSc/ArcGIS/rest/services/Assisted_Living/FeatureServer/0","Texas Health and Human Services Commission"
"tx-hhsc-assisted-living:107244","NANAWS PLACE 2","107244","assisted_living","Assisted Living","GRAYSON","106 HERBERTA","POTTSBORO","TX","75076","(903) 786-6234","","15","","","","","","","","true","33.7625","-96.671","249.5","tx-hhsc-assisted-living","Texas HHSC Assisted Living Facilities","https://services1.arcgis.com/jI1j5lArZnrgFYSc/ArcGIS/rest/services/Assisted_Living/FeatureServer/0","Texas Health and Human Services Commission"
"tx-hhsc-assisted-living:030363","HAPPY ACRES PERSONAL CARE","030363","assisted_living","Assisted Living","PANOLA","5154 US HWY 79 N","DE BERRY","TX","75639","(903) 622-4596","(903) 622-4806","12","","","","","","","","true","32.2546","-94.2141","249.6","tx-hhsc-assisted-living","Texas HHSC Assisted Living Facilities","https://services1.arcgis.com/jI1j5lArZnrgFYSc/ArcGIS/rest/services/Assisted_Living/FeatureServer/0","Texas Health and Human Services Commission"
"tx-hhsc-assisted-living:000999","GRAYSON PLACE","000999","assisted_living","Assisted Living","GRAYSON","3001 CRAWFORD ST","DENISON","TX","75020","(903) 463-1323","(903) 463-4780","36","","","","","","","","true","33.7486","-96.5822","250","tx-hhsc-assisted-living","Texas HHSC Assisted Living Facilities","https://services1.arcgis.com/jI1j5lArZnrgFYSc/ArcGIS/rest/services/Assisted_Living/FeatureServer/0","Texas Health and Human Services Commission"
"tx-hhsc-assisted-living:110572","AMAZING ASSISTED LIVING LLC","110572","assisted_living","Assisted Living","GRAYSON","2508 W CRAWFORD ST","DENISON","TX","75020","(903) 771-6471","(903) 337-1843","16","","","","","","","","true","33.7517","-96.5714","250.3","tx-hhsc-assisted-living","Texas HHSC Assisted Living Facilities","https://services1.arcgis.com/jI1j5lArZnrgFYSc/ArcGIS/rest/services/Assisted_Living/FeatureServer/0","Texas Health and Human Services Commission"
"tx-hhsc-assisted-living:104136","NANAWS PLACE","104136","assisted_living","Assisted Living","GRAYSON","1100 W MUNSON ST","DENISON","TX","75020","(903) 337-0006","same","9","","","","","","","","true","33.7475","-96.5517","250.4","tx-hhsc-assisted-living","Texas HHSC Assisted Living Facilities","https://services1.arcgis.com/jI1j5lArZnrgFYSc/ArcGIS/rest/services/Assisted_Living/FeatureServer/0","Texas Health and Human Services Commission"
"tx-hhsc-assisted-living:104894","GOODLIFE SENIOR LIVING AND MEMORY CARE","104894","assisted_living","Assisted Living","SCURRY","1906 MARTHA ANN BLVD, BUILDING A","SNYDER","TX","79549","(806) 418-4320","(806) 418-4323","16","","","","","","","","true","32.6858","-100.9202","250.9","tx-hhsc-assisted-living","Texas HHSC Assisted Living Facilities","https://services1.arcgis.com/jI1j5lArZnrgFYSc/ArcGIS/rest/services/Assisted_Living/FeatureServer/0","Texas Health and Human Services Commission"
"tx-hhsc-assisted-living:107010","GOODLIFE SENIOR LIVING AND MEMORY CARE","107010","assisted_living","Assisted Living","SCURRY","1906 MARTHA ANN BLVD.","SNYDER","TX","79549","(806) 418-4320","(806) 418-4323","16","","","","","","","","true","32.6858","-100.9202","250.9","tx-hhsc-assisted-living","Texas HHSC Assisted Living Facilities","https://services1.arcgis.com/jI1j5lArZnrgFYSc/ArcGIS/rest/services/Assisted_Living/FeatureServer/0","Texas Health and Human Services Commission"
"tx-hhsc-assisted-living:000840","ARBOR HOUSE","000840","assisted_living","Assisted Living","WICHITA","1525 HIGHWAY 79 SOUTH","WICHITA FALLS","TX","76302","(940) 723-5035","(940) 767-1688","58","","","","","","","","true","33.8505","-98.4978","251.5","tx-hhsc-assisted-living","Texas HHSC Assisted Living Facilities","https://services1.arcgis.com/jI1j5lArZnrgFYSc/ArcGIS/rest/services/Assisted_Living/FeatureServer/0","Texas Health and Human Services Commission"
"tx-hhsc-assisted-living:030316","ELISON ASSISTED LIVING OF LAKE WELLINGTON","030316","assisted_living","Assisted Living","WICHITA","5100 KELL W BLVD","WICHITA FALLS","TX","76310","(940) 691-8181","(940) 691-6770","85","","","","","","","","true","33.8433","-98.5565","251.6","tx-hhsc-assisted-living","Texas HHSC Assisted Living Facilities","https://services1.arcgis.com/jI1j5lArZnrgFYSc/ArcGIS/rest/services/Assisted_Living/FeatureServer/0","Texas Health and Human Services Commission"
"tx-hhsc-assisted-living:110693","EXBURY GARDEN ASSISTED LIVING COMMUNITY LLC","110693","assisted_living","Assisted Living","GRAYSON","1001 N. ARMSTRONG AVE","DENISON","TX","75020","(214) 425-8722","(214) 425-8722","47","","","","","","","","true","33.7659","-96.5463","251.7","tx-hhsc-assisted-living","Texas HHSC Assisted Living Facilities","https://services1.arcgis.com/jI1j5lArZnrgFYSc/ArcGIS/rest/services/Assisted_Living/FeatureServer/0","Texas Health and Human Services Commission"
"tx-hhsc-assisted-living:105115","LAKE POINT DENISON","105115","assisted_living","Assisted Living","GRAYSON","1100 REBA MCENTIRE LANE","DENISON","TX","75020","903 3371625","(903) 465-4985","16","","","","","","","","true","33.7702","-96.5501","251.9","tx-hhsc-assisted-living","Texas HHSC Assisted Living Facilities","https://services1.arcgis.com/jI1j5lArZnrgFYSc/ArcGIS/rest/services/Assisted_Living/FeatureServer/0","Texas Health and Human Services Commission"
"tx-hhsc-assisted-living:000463","STONE BROOK ASSISTED LIVING AND MEMORY CARE","000463","assisted_living","Assisted Living","GRAYSON","1616 LIFESEARCH WAY","DENISON","TX","75020","(903) 465-5051","(903) 465-4711","60","","","","","","","","true","33.7729","-96.5496","252.1","tx-hhsc-assisted-living","Texas HHSC Assisted Living Facilities","https://services1.arcgis.com/jI1j5lArZnrgFYSc/ArcGIS/rest/services/Assisted_Living/FeatureServer/0","Texas Health and Human Services Commission"
"tx-hhsc-assisted-living:000385","BROOKDALE SIKES LAKE","000385","assisted_living","Assisted Living","WICHITA","2649 PLAZA PKWY","WICHITA FALLS","TX","76308","(940) 696-1351","(940) 696-1785","158","","","","","","","","true","33.8669","-98.5246","252.9","tx-hhsc-assisted-living","Texas HHSC Assisted Living Facilities","https://services1.arcgis.com/jI1j5lArZnrgFYSc/ArcGIS/rest/services/Assisted_Living/FeatureServer/0","Texas Health and Human Services Commission"
"tx-hhsc-assisted-living:000861","BROOKDALE MIDWESTERN","000861","assisted_living","Assisted Living","WICHITA","918 MIDWESTERN PKWY","WICHITA FALLS","TX","76302","(940) 322-0918","(940) 322-8765","60","","","","","","","","true","33.8767","-98.4836","253.1","tx-hhsc-assisted-living","Texas HHSC Assisted Living Facilities","https://services1.arcgis.com/jI1j5lArZnrgFYSc/ArcGIS/rest/services/Assisted_Living/FeatureServer/0","Texas Health and Human Services Commission"
"tx-hhsc-assisted-living:104517","ROLLING MEADOWS","104517","assisted_living","Assisted Living","WICHITA","3006 MCNIEL","WICHITA FALLS","TX","76309","(940) 691-7511","(940) 696-5154","22","","","","","","","","true","33.8807","-98.5507","254.1","tx-hhsc-assisted-living","Texas HHSC Assisted Living Facilities","https://services1.arcgis.com/jI1j5lArZnrgFYSc/ArcGIS/rest/services/Assisted_Living/FeatureServer/0","Texas Health and Human Services Commission"
"tx-hhsc-assisted-living:030355","MSHC REUNION INN ASSISTED LIVING LLC","030355","assisted_living","Assisted Living","HARRISON","2801 E TRAVIS ST","MARSHALL","TX","75670","(903) 927-2242","(903) 927-1499","51","","","","","","","","true","32.5397","-94.3368","254.9","tx-hhsc-assisted-living","Texas HHSC Assisted Living Facilities","https://services1.arcgis.com/jI1j5lArZnrgFYSc/ArcGIS/rest/services/Assisted_Living/FeatureServer/0","Texas Health and Human Services Commission"
"tx-hhsc-assisted-living:102204","CASCE HOUSE","102204","assisted_living","Assisted Living","HARRISON","2500 KARNACK HWY","MARSHALL","TX","75672","(903) 927-1191","","12","","","","","","","","true","32.5526","-94.3414","255.3","tx-hhsc-assisted-living","Texas HHSC Assisted Living Facilities","https://services1.arcgis.com/jI1j5lArZnrgFYSc/ArcGIS/rest/services/Assisted_Living/FeatureServer/0","Texas Health and Human Services Commission"
"tx-hhsc-assisted-living:000956","OAKWOOD HOUSE","000956","assisted_living","Assisted Living","HARRISON","2907 VICTORY DR","MARSHALL","TX","75670","(903) 935-6263","(903) 935-6288","51","","","","","","","","true","32.5446","-94.3342","255.3","tx-hhsc-assisted-living","Texas HHSC Assisted Living Facilities","https://services1.arcgis.com/jI1j5lArZnrgFYSc/ArcGIS/rest/services/Assisted_Living/FeatureServer/0","Texas Health and Human Services Commission"
"tx-hhsc-assisted-living:104895","GOODLIFE SENIOR LIVING AND MEMORY CARE","104895","assisted_living","Assisted Living","SCURRY","GOODLIFE SENIOR LIVING AND MEMORY CARE B","SNYDER","TX","79549","(806) 418-4320","(325) 436-0229","16","","","","","","","","true","32.7861","-100.9177","255.4","tx-hhsc-assisted-living","Texas HHSC Assisted Living Facilities","https://services1.arcgis.com/jI1j5lArZnrgFYSc/ArcGIS/rest/services/Assisted_Living/FeatureServer/0","Texas Health and Human Services Commission"
"tx-hhsc-assisted-living:030030","WOOD LIVING CENTER OF WICHITA FALLS","030030","assisted_living","Assisted Living","WICHITA","1400 6TH ST","WICHITA FALLS","TX","76301","(940) 766-3877","(940) 767-3861","16","","","","","","","","true","33.91","-98.5014","255.6","tx-hhsc-assisted-living","Texas HHSC Assisted Living Facilities","https://services1.arcgis.com/jI1j5lArZnrgFYSc/ArcGIS/rest/services/Assisted_Living/FeatureServer/0","Texas Health and Human Services Commission"
"tx-hhsc-assisted-living:106133","THE LODGE ASSISTED LIVING AND MEMORY CARE","106133","assisted_living","Assisted Living","TITUS","1880 WEST 16TH ST","MOUNT PLEASANT","TX","75455","(903) 577-5656","(903) 577-5682","66","","","","","","","","true","33.1659","-95.0019","257","tx-hhsc-assisted-living","Texas HHSC Assisted Living Facilities","https://services1.arcgis.com/jI1j5lArZnrgFYSc/ArcGIS/rest/services/Assisted_Living/FeatureServer/0","Texas Health and Human Services Commission"
"tx-hhsc-assisted-living:000782","MOUNT PLEASANT ASSISTED LIVING","000782","assisted_living","Assisted Living","TITUS","2009 NORTH EDWARDS AVENUE","MOUNT PLEASANT","TX","75455","(903) 572-8123","(903) 577-1559","25","","","","","","","","true","33.1758","-94.9858","258.1","tx-hhsc-assisted-living","Texas HHSC Assisted Living Facilities","https://services1.arcgis.com/jI1j5lArZnrgFYSc/ArcGIS/rest/services/Assisted_Living/FeatureServer/0","Texas Health and Human Services Commission"
"tx-hhsc-assisted-living:000709","MOUNT PLEASANT ASSISTED LIVING","000709","assisted_living","Assisted Living","TITUS","2011 NORTH EDWARDS","MOUNT PLEASANT","TX","75455","(903) 572-8123","(903) 577-1559","12","","","","","","","","true","33.1758","-94.9859","258.1","tx-hhsc-assisted-living","Texas HHSC Assisted Living Facilities","https://services1.arcgis.com/jI1j5lArZnrgFYSc/ArcGIS/rest/services/Assisted_Living/FeatureServer/0","Texas Health and Human Services Commission"
"tx-hhsc-assisted-living:000580","MOUNT PLEASANT ASSISTED LIVING","000580","assisted_living","Assisted Living","TITUS","2013 NORTH EDWARDS","MOUNT PLEASANT","TX","75455","(903) 572-8123","(903) 577-1559","12","","","","","","","","true","33.1758","-94.986","258.1","tx-hhsc-assisted-living","Texas HHSC Assisted Living Facilities","https://services1.arcgis.com/jI1j5lArZnrgFYSc/ArcGIS/rest/services/Assisted_Living/FeatureServer/0","Texas Health and Human Services Commission"
"tx-hhsc-assisted-living:000428","HERITAGE PARK VILLAGE","000428","assisted_living","Assisted Living","TITUS","1714 N EDWARDS ST","MOUNT PLEASANT","TX","75455","(903) 577-0759","(903) 577-8777","51","","","","","","","","true","33.1737","-94.9811","258.2","tx-hhsc-assisted-living","Texas HHSC Assisted Living Facilities","https://services1.arcgis.com/jI1j5lArZnrgFYSc/ArcGIS/rest/services/Assisted_Living/FeatureServer/0","Texas Health and Human Services Commission"
"tx-hhsc-assisted-living:000748","HERITAGE PARK VILLAGE","000748","assisted_living","Assisted Living","TITUS","1712 NORTH EDWARDS ST","MOUNT PLEASANT","TX","75455","(903) 577-0759","(903) 215-8581","34","","","","","","","","true","33.1734","-94.9808","258.2","tx-hhsc-assisted-living","Texas HHSC Assisted Living Facilities","https://services1.arcgis.com/jI1j5lArZnrgFYSc/ArcGIS/rest/services/Assisted_Living/FeatureServer/0","Texas Health and Human Services Commission"
"tx-hhsc-assisted-living:105033","MOUNT PLEASANT HOSPITALITY HOUSE","105033","assisted_living","Assisted Living","TITUS","804 WEST 16TH ST","MOUNT PLEASANT","TX","75455","(903) 572-9893","(903) 572-8873","65","","","","","","","","true","33.1717","-94.9753","258.3","tx-hhsc-assisted-living","Texas HHSC Assisted Living Facilities","https://services1.arcgis.com/jI1j5lArZnrgFYSc/ArcGIS/rest/services/Assisted_Living/FeatureServer/0","Texas Health and Human Services Commission"
"tx-hhsc-assisted-living:000490","MARCY PLACE","000490","assisted_living","Assisted Living","HOWARD","2301 WASSON","BIG SPRING","TX","79720","(432) 268-9041","(432) 268-9092","44","","","","","","","","true","32.2145","-101.4919","259.1","tx-hhsc-assisted-living","Texas HHSC Assisted Living Facilities","https://services1.arcgis.com/jI1j5lArZnrgFYSc/ArcGIS/rest/services/Assisted_Living/FeatureServer/0","Texas Health and Human Services Commission"
"tx-hhsc-assisted-living:106946","LA JARRA RANCH MEMORY CARE","106946","assisted_living","Assisted Living","WILLACY","12595 LA MAJADAS RANCH RD","RAYMONDVILLE","TX","78580","(956) 606-4665","","16","","","","","","","","true","26.4835","-97.7684","261.4","tx-hhsc-assisted-living","Texas HHSC Assisted Living Facilities","https://services1.arcgis.com/jI1j5lArZnrgFYSc/ArcGIS/rest/services/Assisted_Living/FeatureServer/0","Texas Health and Human Services Commission"
"tx-hhsc-assisted-living:106947","LA JARRA RANCH ASSISTED LIVING","106947","assisted_living","Assisted Living","WILLACY","12615 LAS MAJADAS RANCH ROAD","RAYMONDVILLE","TX","78580","(956) 699-2179","(956) 232-2633","16","","","","","","","","true","26.4819","-97.7612","261.5","tx-hhsc-assisted-living","Texas HHSC Assisted Living Facilities","https://services1.arcgis.com/jI1j5lArZnrgFYSc/ArcGIS/rest/services/Assisted_Living/FeatureServer/0","Texas Health and Human Services Commission"
"tx-hhsc-assisted-living:030353","CYPRESS PLACE","030353","assisted_living","Assisted Living","MARION","100 W. DOUGLAS ST.","JEFFERSON","TX","75657","(903) 665-9855","(903) 665-6809","42","","","","","","","","true","32.7672","-94.3556","263.9","tx-hhsc-assisted-living","Texas HHSC Assisted Living Facilities","https://services1.arcgis.com/jI1j5lArZnrgFYSc/ArcGIS/rest/services/Assisted_Living/FeatureServer/0","Texas Health and Human Services Commission"
"tx-hhsc-assisted-living:103873","THE HOME PLACE","103873","assisted_living","Assisted Living","LAMAR","115 NE 27TH ST","PARIS","TX","75460","(903) 739-9450","(903) 783-9294","16","","","","","","","","true","33.6619","-95.5271","268.1","tx-hhsc-assisted-living","Texas HHSC Assisted Living Facilities","https://services1.arcgis.com/jI1j5lArZnrgFYSc/ArcGIS/rest/services/Assisted_Living/FeatureServer/0","Texas Health and Human Services Commission"
"tx-hhsc-assisted-living:102034","PINE TREE RANCH","102034","assisted_living","Assisted Living","LAMAR","2990 PINE MILL RD","PARIS","TX","75460","(903) 783-0652","(903) 783-0643","16","","","","","","","","true","33.666","-95.523","268.5","tx-hhsc-assisted-living","Texas HHSC Assisted Living Facilities","https://services1.arcgis.com/jI1j5lArZnrgFYSc/ArcGIS/rest/services/Assisted_Living/FeatureServer/0","Texas Health and Human Services Commission"
"tx-hhsc-assisted-living:102683","SPRING LAKE ASSISTED LIVING AND MEMORY CARE COMMUNITY","102683","assisted_living","Assisted Living","LAMAR","750 N COLLEGIATE DRIVE","PARIS","TX","75460","903 7851110","903 7851112","70","","","","","","","","true","33.6677","-95.523","268.6","tx-hhsc-assisted-living","Texas HHSC Assisted Living Facilities","https://services1.arcgis.com/jI1j5lArZnrgFYSc/ArcGIS/rest/services/Assisted_Living/FeatureServer/0","Texas Health and Human Services Commission"
"tx-hhsc-assisted-living:000593","PARIS CHALET SENIOR LIVING","000593","assisted_living","Assisted Living","LAMAR","2410 STILLHOUSE ROAD","PARIS","TX","75462","(903) 204-4182","(903) 737-1964","60","","","","","","","","true","33.6867","-95.5435","269.1","tx-hhsc-assisted-living","Texas HHSC Assisted Living Facilities","https://services1.arcgis.com/jI1j5lArZnrgFYSc/ArcGIS/rest/services/Assisted_Living/FeatureServer/0","Texas Health and Human Services Commission"
"tx-hhsc-assisted-living:102866","CROSSROADS ASSISTED LIVING","102866","assisted_living","Assisted Living","HIDALGO","9500 STATE HIGHWAY 107","MISSION","TX","78573","(956) 583-8013","(956) 583-5120","16","","","","","","","","true","26.3167","-98.3038","275.1","tx-hhsc-assisted-living","Texas HHSC Assisted Living Facilities","https://services1.arcgis.com/jI1j5lArZnrgFYSc/ArcGIS/rest/services/Assisted_Living/FeatureServer/0","Texas Health and Human Services Commission"
"tx-hhsc-assisted-living:104700","THE GOOD LIFE ASSISTED LIVING","104700","assisted_living","Assisted Living","HIDALGO","521 S 12TH AVE.","EDINBURG","TX","78539","(956) 380-0461","(956) 287-4744","16","","","","","","","","true","26.2965","-98.1624","275.5","tx-hhsc-assisted-living","Texas HHSC Assisted Living Facilities","https://services1.arcgis.com/jI1j5lArZnrgFYSc/ArcGIS/rest/services/Assisted_Living/FeatureServer/0","Texas Health and Human Services Commission"
"tx-hhsc-assisted-living:110249","AVALON MEMORY CARE  EDINBURG","110249","assisted_living","Assisted Living","HIDALGO","2825 W. CANTON RD","EDINBURG","TX","78539","(214) 752-7050","(214) 752-7054","25","","","","","","","","true","26.2803","-98.198","276.9","tx-hhsc-assisted-living","Texas HHSC Assisted Living Facilities","https://services1.arcgis.com/jI1j5lArZnrgFYSc/ArcGIS/rest/services/Assisted_Living/FeatureServer/0","Texas Health and Human Services Commission"
"tx-hhsc-assisted-living:030074","THE BRIDGES AT EDINBURG","030074","assisted_living","Assisted Living","HIDALGO","5208 S SUGAR RD","EDINBURG","TX","78539","(956) 782-9906","(956) 782-2070","16","","","","","","","","true","26.2542","-98.185","278.6","tx-hhsc-assisted-living","Texas HHSC Assisted Living Facilities","https://services1.arcgis.com/jI1j5lArZnrgFYSc/ArcGIS/rest/services/Assisted_Living/FeatureServer/0","Texas Health and Human Services Commission"
"tx-hhsc-assisted-living:010225","THE BRIDGES AT EDINBURGH BLDG B","010225","assisted_living","Assisted Living","HIDALGO","5208 S SUGAR RD","EDINBURG","TX","78539","(956) 782-9882","(956) 782-2070","16","","","","","","","","true","26.2542","-98.185","278.6","tx-hhsc-assisted-living","Texas HHSC Assisted Living Facilities","https://services1.arcgis.com/jI1j5lArZnrgFYSc/ArcGIS/rest/services/Assisted_Living/FeatureServer/0","Texas Health and Human Services Commission"
"tx-hhsc-assisted-living:101432","WOOD LIVING CENTER OF HARLINGEN 6","101432","assisted_living","Assisted Living","CAMERON","715 N AVE H","HARLINGEN","TX","78550","(956) 428-7012","(956) 440-9242","16","","","","","","","","true","26.2073","-97.6858","280.5","tx-hhsc-assisted-living","Texas HHSC Assisted Living Facilities","https://services1.arcgis.com/jI1j5lArZnrgFYSc/ArcGIS/rest/services/Assisted_Living/FeatureServer/0","Texas Health and Human Services Commission"
"tx-hhsc-assisted-living:104822","THE BUNGALOWS AT WATERFORD GARDENS LLC","104822","assisted_living","Assisted Living","HIDALGO","1522 E GRIFFIN PARKWAY","MISSION","TX","78572","(956) 584-5565","(956) 585-7314","15","","","","","","","","true","26.2262","-98.3018","281.3","tx-hhsc-assisted-living","Texas HHSC Assisted Living Facilities","https://services1.arcgis.com/jI1j5lArZnrgFYSc/ArcGIS/rest/services/Assisted_Living/FeatureServer/0","Texas Health and Human Services Commission"
"tx-hhsc-assisted-living:101938","WATERFORD GARDENS GUEST HOUSE","101938","assisted_living","Assisted Living","HIDALGO","1522 E GRIFFIN PKWY","MISSION","TX","78572","(956) 519-9064","","16","","","","","","","","true","26.2262","-98.3018","281.3","tx-hhsc-assisted-living","Texas HHSC Assisted Living Facilities","https://services1.arcgis.com/jI1j5lArZnrgFYSc/ArcGIS/rest/services/Assisted_Living/FeatureServer/0","Texas Health and Human Services Commission"
"tx-hhsc-assisted-living:100526","WATERFORD GARDENS ON GRIFFIN PARKWAY","100526","assisted_living","Assisted Living","HIDALGO","1522 E GRIFFIN PKWY","MISSION","TX","78572","(956) 584-1984","(956) 585-7314","16","","","","","","","","true","26.2262","-98.3018","281.3","tx-hhsc-assisted-living","Texas HHSC Assisted Living Facilities","https://services1.arcgis.com/jI1j5lArZnrgFYSc/ArcGIS/rest/services/Assisted_Living/FeatureServer/0","Texas Health and Human Services Commission"
"tx-hhsc-assisted-living:101249","ANGELCARE HAVEN","101249","assisted_living","Assisted Living","CAMERON","2509 CLIFFORD DR","HARLINGEN","TX","78550","(956) 564-1473","(888) 718-7869","16","","","","","","","","true","26.1814","-97.6666","282.3","tx-hhsc-assisted-living","Texas HHSC Assisted Living Facilities","https://services1.arcgis.com/jI1j5lArZnrgFYSc/ArcGIS/rest/services/Assisted_Living/FeatureServer/0","Texas Health and Human Services Commission"
"tx-hhsc-assisted-living:000721","GOLDEN PALMS REHABILITATION AND RETIREMENT","000721","assisted_living","Assisted Living","CAMERON","2101 TREASURE HILLS BOULEVARD","HARLINGEN","TX","78550","956 4303100","956 4303175","51","","","","","","","","true","26.1755","-97.667","282.8","tx-hhsc-assisted-living","Texas HHSC Assisted Living Facilities","https://services1.arcgis.com/jI1j5lArZnrgFYSc/ArcGIS/rest/services/Assisted_Living/FeatureServer/0","Texas Health and Human Services Commission"
"tx-hhsc-assisted-living:105027","BARCELONA ASSISTED LIVING","105027","assisted_living","Assisted Living","HIDALGO","712 E JACKSON AVENUE","MCALLEN","TX","78501","(956) 682-8886","(956) 682-8886","16","","","","","","","","true","26.1914","-98.2139","283.1","tx-hhsc-assisted-living","Texas HHSC Assisted Living Facilities","https://services1.arcgis.com/jI1j5lArZnrgFYSc/ArcGIS/rest/services/Assisted_Living/FeatureServer/0","Texas Health and Human Services Commission"
"tx-hhsc-assisted-living:030409","BILTMORE ASSISTED LIVING","030409","assisted_living","Assisted Living","HIDALGO","700 E JACKSON AVE","MCALLEN","TX","78501","(956) 682-5659","(956) 682-3985","16","","","","","","","","true","26.1915","-98.2142","283.1","tx-hhsc-assisted-living","Texas HHSC Assisted Living Facilities","https://services1.arcgis.com/jI1j5lArZnrgFYSc/ArcGIS/rest/services/Assisted_Living/FeatureServer/0","Texas Health and Human Services Commission"
"tx-hhsc-assisted-living:106093","DONNA ASSISTED LIVING INC","106093","assisted_living","Assisted Living","HIDALGO","522 N. MAIN STREET","DONNA","TX","78537","(956) 461-2240","(956) 948-9323","16","","","","","","","","true","26.1794","-98.0524","283.1","tx-hhsc-assisted-living","Texas HHSC Assisted Living Facilities","https://services1.arcgis.com/jI1j5lArZnrgFYSc/ArcGIS/rest/services/Assisted_Living/FeatureServer/0","Texas Health and Human Services Commission"
"tx-hhsc-assisted-living:106165","NEW LIFE ASSISTED LIVING","106165","assisted_living","Assisted Living","HIDALGO","2002 NEW LIFE DRIVE","DONNA","TX","78537","956 3775465","956 3775673","16","","","","","","","","true","26.1729","-98.0417","283.5","tx-hhsc-assisted-living","Texas HHSC Assisted Living Facilities","https://services1.arcgis.com/jI1j5lArZnrgFYSc/ArcGIS/rest/services/Assisted_Living/FeatureServer/0","Texas Health and Human Services Commission"
"tx-hhsc-assisted-living:100787","THE BRIDGES AT MISSION","100787","assisted_living","Assisted Living","HIDALGO","1201 ST CLAIRE BLVD","MISSION","TX","78572","(956) 519-9800","(956) 519-7766","61","","","","","","","","true","26.1942","-98.3165","283.6","tx-hhsc-assisted-living","Texas HHSC Assisted Living Facilities","https://services1.arcgis.com/jI1j5lArZnrgFYSc/ArcGIS/rest/services/Assisted_Living/FeatureServer/0","Texas Health and Human Services Commission"
"tx-hhsc-assisted-living:030052","VALLEY VIEW SENIOR LIVING","030052","assisted_living","Assisted Living","CAMERON","900 CAMELOT DR","HARLINGEN","TX","78550","(956) 226-0630","","129","","","","","","","","true","26.1632","-97.6743","283.6","tx-hhsc-assisted-living","Texas HHSC Assisted Living Facilities","https://services1.arcgis.com/jI1j5lArZnrgFYSc/ArcGIS/rest/services/Assisted_Living/FeatureServer/0","Texas Health and Human Services Commission"
"tx-hhsc-assisted-living:105962","THE GARDENS AT BROOK RIDGE","105962","assisted_living","Assisted Living","HIDALGO","1201 W RIDGE RD","PHARR","TX","78577","(956) 685-1520","(956) 961-4620","65","","","","","","","","true","26.1804","-98.1991","283.7","tx-hhsc-assisted-living","Texas HHSC Assisted Living Facilities","https://services1.arcgis.com/jI1j5lArZnrgFYSc/ArcGIS/rest/services/Assisted_Living/FeatureServer/0","Texas Health and Human Services Commission"
"tx-hhsc-assisted-living:110375","NEW LIFE ASSISTED LIVING","110375","assisted_living","Assisted Living","HIDALGO","1901 NEW LIFE DRIVE","DONNA","TX","78537","(956) 377-5916","(956) 377-5895","16","","","","","","","","true","26.1659","-98.0454","284","tx-hhsc-assisted-living","Texas HHSC Assisted Living Facilities","https://services1.arcgis.com/jI1j5lArZnrgFYSc/ArcGIS/rest/services/Assisted_Living/FeatureServer/0","Texas Health and Human Services Commission"
"tx-hhsc-assisted-living:030315","EAGLE FLATS VILLAGE","030315","assisted_living","Assisted Living","WILBARGER","4501 COLLEGE DR","VERNON","TX","76384","(940) 552-8181","(940) 552-6288","78","","","","","","","","true","34.1573","-99.3189","284.1","tx-hhsc-assisted-living","Texas HHSC Assisted Living Facilities","https://services1.arcgis.com/jI1j5lArZnrgFYSc/ArcGIS/rest/services/Assisted_Living/FeatureServer/0","Texas Health and Human Services Commission"
"tx-hhsc-assisted-living:100341","ANGELCARE ACRES","100341","assisted_living","Assisted Living","CAMERON","27927 SOUTH PALM BLVD","HARLINGEN","TX","78552","(956) 357-3317","(888) 718-7869","14","","","","","","","","true","26.1535","-97.7416","284.2","tx-hhsc-assisted-living","Texas HHSC Assisted Living Facilities","https://services1.arcgis.com/jI1j5lArZnrgFYSc/ArcGIS/rest/services/Assisted_Living/FeatureServer/0","Texas Health and Human Services Commission"
"tx-hhsc-assisted-living:000703","JOHN KNOX VILLAGE PERSONAL CARE","000703","assisted_living","Assisted Living","HIDALGO","1300 S BORDER","WESLACO","TX","78596","(956) 968-4575","(956) 968-4570","32","","","","","","","","true","26.1471","-98.0003","285.1","tx-hhsc-assisted-living","Texas HHSC Assisted Living Facilities","https://services1.arcgis.com/jI1j5lArZnrgFYSc/ArcGIS/rest/services/Assisted_Living/FeatureServer/0","Texas Health and Human Services Commission"
"tx-hhsc-assisted-living:000323","BROOKDALE MIDLAND","000323","assisted_living","Assisted Living","MIDLAND","1808 W LOOP 250 N","MIDLAND","TX","79705","(432) 687-0460","(432) 687-0355","87","","","","","","","","true","32.04","-102.1084","285.7","tx-hhsc-assisted-living","Texas HHSC Assisted Living Facilities","https://services1.arcgis.com/jI1j5lArZnrgFYSc/ArcGIS/rest/services/Assisted_Living/FeatureServer/0","Texas Health and Human Services Commission"
"tx-hhsc-assisted-living:000802","CIMARRON PLACE","000802","assisted_living","Assisted Living","MIDLAND","3400 CALDERA BLVD","MIDLAND","TX","79707","(432) 689-2717","(432) 689-0203","58","","","","","","","","true","32.0365","-102.1334","286.9","tx-hhsc-assisted-living","Texas HHSC Assisted Living Facilities","https://services1.arcgis.com/jI1j5lArZnrgFYSc/ArcGIS/rest/services/Assisted_Living/FeatureServer/0","Texas Health and Human Services Commission"
"tx-hhsc-assisted-living:000699","HELEN GREATHOUSE MANOR","000699","assisted_living","Assisted Living","MIDLAND","401 HELEN GREATHOUSE CIRCLE","MIDLAND","TX","79707","(432) 694-1691","(432) 699-0369","233","","","","","","","","true","32.004","-102.1521","287","tx-hhsc-assisted-living","Texas HHSC Assisted Living Facilities","https://services1.arcgis.com/jI1j5lArZnrgFYSc/ArcGIS/rest/services/Assisted_Living/FeatureServer/0","Texas Health and Human Services Commission"
"tx-hhsc-assisted-living:030365","WESLEY HOUSE","030365","assisted_living","Assisted Living","CASS","1102 S WILLIAMS","ATLANTA","TX","75551","(903) 796-6300","(903) 796-6325","50","","","","","","","","true","33.1043","-94.1657","287.5","tx-hhsc-assisted-living","Texas HHSC Assisted Living Facilities","https://services1.arcgis.com/jI1j5lArZnrgFYSc/ArcGIS/rest/services/Assisted_Living/FeatureServer/0","Texas Health and Human Services Commission"
"tx-hhsc-assisted-living:104879","LEGACY RANCH","104879","assisted_living","Assisted Living","MIDLAND","4800 BRAIRWOOD AVE","MIDLAND","TX","79707","(432) 694-5600","(432) 694-5606","66","","","","","","","","true","32.0289","-102.1527","287.7","tx-hhsc-assisted-living","Texas HHSC Assisted Living Facilities","https://services1.arcgis.com/jI1j5lArZnrgFYSc/ArcGIS/rest/services/Assisted_Living/FeatureServer/0","Texas Health and Human Services Commission"
"tx-hhsc-assisted-living:010227","PARKS ASSISTED LIVING CENTER","010227","assisted_living","Assisted Living","ECTOR","111 PARKS VILLAGE DR.","ODESSA","TX","79765","(432) 563-5707","(432) 563-0430","30","","","","","","","","true","31.9109","-102.2871","291.8","tx-hhsc-assisted-living","Texas HHSC Assisted Living Facilities","https://services1.arcgis.com/jI1j5lArZnrgFYSc/ArcGIS/rest/services/Assisted_Living/FeatureServer/0","Texas Health and Human Services Commission"
"tx-hhsc-assisted-living:105528","THE COURTYARDS ASSISTED LIVING COMMUNITY","105528","assisted_living","Assisted Living","ECTOR","201 PARKS VILLAGE DRIVE","ODESSA","TX","79765","(432) 339-1048","(432) 339-1051","90","","","","","","","","true","31.9108","-102.2856","291.8","tx-hhsc-assisted-living","Texas HHSC Assisted Living Facilities","https://services1.arcgis.com/jI1j5lArZnrgFYSc/ArcGIS/rest/services/Assisted_Living/FeatureServer/0","Texas Health and Human Services Commission"
"tx-hhsc-assisted-living:105510","ORCHARD PARK OF PERMIAN BASIN","105510","assisted_living","Assisted Living","ECTOR","8050 DR EMMET HEADLEE ST","ODESSA","TX","79765","(432) 847-4700","(432) 362-2525","80","","","","","","","","true","31.9189","-102.2876","292.1","tx-hhsc-assisted-living","Texas HHSC Assisted Living Facilities","https://services1.arcgis.com/jI1j5lArZnrgFYSc/ArcGIS/rest/services/Assisted_Living/FeatureServer/0","Texas Health and Human Services Commission"
"tx-hhsc-assisted-living:107018","AUTUMN WIND NEW BOSTON","107018","assisted_living","Assisted Living","BOWIE","1 AUTUMN CIRCLE","NEW BOSTON","TX","75570","(903) 628-0477","(903) 628-0478","75","","","","","","","","true","33.4618","-94.4092","294.9","tx-hhsc-assisted-living","Texas HHSC Assisted Living Facilities","https://services1.arcgis.com/jI1j5lArZnrgFYSc/ArcGIS/rest/services/Assisted_Living/FeatureServer/0","Texas Health and Human Services Commission"
"tx-hhsc-assisted-living:000747","BROOKDALE SHERWOOD","000747","assisted_living","Assisted Living","ECTOR","3939 E 52ND ST","ODESSA","TX","79762","(432) 362-5006","(432) 366-6456","96","","","","","","","","true","31.9012","-102.3507","295.1","tx-hhsc-assisted-living","Texas HHSC Assisted Living Facilities","https://services1.arcgis.com/jI1j5lArZnrgFYSc/ArcGIS/rest/services/Assisted_Living/FeatureServer/0","Texas Health and Human Services Commission"
"tx-hhsc-assisted-living:104513","BELLA VILLA ASSISTED LIVING","104513","assisted_living","Assisted Living","CAMERON","7385 OLD MILITARY RD","VILLA NUEVA","TX","78520","(956) 455-0501","(956) 544-8301","8","","","","","","","","true","25.9763","-97.5927","296.6","tx-hhsc-assisted-living","Texas HHSC Assisted Living Facilities","https://services1.arcgis.com/jI1j5lArZnrgFYSc/ArcGIS/rest/services/Assisted_Living/FeatureServer/0","Texas Health and Human Services Commission"
"tx-hhsc-assisted-living:000734","SPANISH MEADOWS","000734","assisted_living","Assisted Living","CAMERON","440 E RUBEN M TORRES BLVD","BROWNSVILLE","TX","78520","(956) 546-7378","(956) 546-8562","94","","","","","","","","true","25.9502","-97.514","298.6","tx-hhsc-assisted-living","Texas HHSC Assisted Living Facilities","https://services1.arcgis.com/jI1j5lArZnrgFYSc/ArcGIS/rest/services/Assisted_Living/FeatureServer/0","Texas Health and Human Services Commission"
"tx-hhsc-assisted-living:103079","BEEHIVE HOMES OF LAMESA","103079","assisted_living","Assisted Living","DAWSON","101 NE 27TH ST","LAMESA","TX","79331","(806) 872-0629","(806) 872-0651","16","","","","","","","","true","32.7587","-101.9469","301.5","tx-hhsc-assisted-living","Texas HHSC Assisted Living Facilities","https://services1.arcgis.com/jI1j5lArZnrgFYSc/ArcGIS/rest/services/Assisted_Living/FeatureServer/0","Texas Health and Human Services Commission"
"tx-hhsc-assisted-living:104153","BEEHIVE HOMES OF LAMESA 2","104153","assisted_living","Assisted Living","DAWSON","109 NE 27TH STREET","LAMESA","TX","79331","(806) 872-0629","(806) 872-0651","16","","","","","","","","true","32.7588","-101.9471","301.5","tx-hhsc-assisted-living","Texas HHSC Assisted Living Facilities","https://services1.arcgis.com/jI1j5lArZnrgFYSc/ArcGIS/rest/services/Assisted_Living/FeatureServer/0","Texas Health and Human Services Commission"
"tx-hhsc-assisted-living:106200","THE RETREAT AT KENWOOD","106200","assisted_living","Assisted Living","BOWIE","210 N. KENWOOD","TEXARKANA","TX","75501","(903) 336-6134","(903) 336-6135","128","","","","","","","","true","33.4432","-94.089","306.8","tx-hhsc-assisted-living","Texas HHSC Assisted Living Facilities","https://services1.arcgis.com/jI1j5lArZnrgFYSc/ArcGIS/rest/services/Assisted_Living/FeatureServer/0","Texas Health and Human Services Commission"
"tx-hhsc-assisted-living:104639","MAGNOLIA ASSISTED LIVING LLC","104639","assisted_living","Assisted Living","BOWIE","4205 RICHMOND MEADOWS","TEXARKANA","TX","75503","(940) 783-2760","(214) 594-7127","40","","","","","","","","true","33.4629","-94.0956","307.5","tx-hhsc-assisted-living","Texas HHSC Assisted Living Facilities","https://services1.arcgis.com/jI1j5lArZnrgFYSc/ArcGIS/rest/services/Assisted_Living/FeatureServer/0","Texas Health and Human Services Commission"
"tx-hhsc-assisted-living:106791","MSHC THE OAKS ASSISTED LIVING LLC","106791","assisted_living","Assisted Living","BOWIE","4317 B MCKNIGHT RD","TEXARKANA","TX","75503","(903) 838-5001","(903) 838-4898","16","","","","","","","","true","33.4641","-94.0968","307.5","tx-hhsc-assisted-living","Texas HHSC Assisted Living Facilities","https://services1.arcgis.com/jI1j5lArZnrgFYSc/ArcGIS/rest/services/Assisted_Living/FeatureServer/0","Texas Health and Human Services Commission"
"tx-hhsc-assisted-living:000937","MSHC THE OAKS ASSISTED LIVING LLC","000937","assisted_living","Assisted Living","BOWIE","4317 MCKNIGHT RD","TEXARKANA","TX","75503","(903) 838-5001","(903) 838-4898","80","","","","","","","","true","33.4641","-94.0968","307.5","tx-hhsc-assisted-living","Texas HHSC Assisted Living Facilities","https://services1.arcgis.com/jI1j5lArZnrgFYSc/ArcGIS/rest/services/Assisted_Living/FeatureServer/0","Texas Health and Human Services Commission"
"tx-hhsc-assisted-living:000759","BROOKDALE TEXARKANA","000759","assisted_living","Assisted Living","BOWIE","4204 MOORES LN","TEXARKANA","TX","75503","(903) 838-3562","(903) 832-8787","50","","","","","","","","true","33.4719","-94.0954","307.9","tx-hhsc-assisted-living","Texas HHSC Assisted Living Facilities","https://services1.arcgis.com/jI1j5lArZnrgFYSc/ArcGIS/rest/services/Assisted_Living/FeatureServer/0","Texas Health and Human Services Commission"
"tx-hhsc-assisted-living:000326","CORNERSTONE RETIREMENT COMMUNITY","000326","assisted_living","Assisted Living","BOWIE","4100 MOORES LANE","TEXARKANA","TX","75503","(903) 832-5515","(903) 832-5553","66","","","","","","","","true","33.4742","-94.0945","308.1","tx-hhsc-assisted-living","Texas HHSC Assisted Living Facilities","https://services1.arcgis.com/jI1j5lArZnrgFYSc/ArcGIS/rest/services/Assisted_Living/FeatureServer/0","Texas Health and Human Services Commission"
"tx-hhsc-assisted-living:030066","MSHC COLONIAL LODGE OF TEXARKANA LLC","030066","assisted_living","Assisted Living","BOWIE","5001 N ELIZABETH","TEXARKANA","TX","75503","(903) 792-0838","(903) 793-4562","45","","","","","","","","true","33.4679","-94.0497","309.6","tx-hhsc-assisted-living","Texas HHSC Assisted Living Facilities","https://services1.arcgis.com/jI1j5lArZnrgFYSc/ArcGIS/rest/services/Assisted_Living/FeatureServer/0","Texas Health and Human Services Commission"
"tx-hhsc-assisted-living:030351","MSHC WHISPERING PINES OF TEXARKANA LLC","030351","assisted_living","Assisted Living","BOWIE","5002 N ELIZABETH","TEXARKANA","TX","75503","(903) 792-8014","(903) 792-6689","45","","","","","","","","true","33.4684","-94.0489","309.6","tx-hhsc-assisted-living","Texas HHSC Assisted Living Facilities","https://services1.arcgis.com/jI1j5lArZnrgFYSc/ArcGIS/rest/services/Assisted_Living/FeatureServer/0","Texas Health and Human Services Commission"
"tx-hhsc-assisted-living:100713","LYNNWOOD","100713","assisted_living","Assisted Living","LYNN","1801 COUNTRY CLUB ROAD","TAHOKA","TX","79373","(806) 998-1226","(806) 561-4049","40","","","","","","","","true","33.1684","-101.8153","312.1","tx-hhsc-assisted-living","Texas HHSC Assisted Living Facilities","https://services1.arcgis.com/jI1j5lArZnrgFYSc/ArcGIS/rest/services/Assisted_Living/FeatureServer/0","Texas Health and Human Services Commission"
"tx-hhsc-assisted-living:110140","BEEHIVE HOMES OF ANDREWS","110140","assisted_living","Assisted Living","ANDREWS","2512 NW MUSTANG DRIVE","ANDREWS","TX","79714","(432) 217-0123","(505) 821-1834","16","","","","","","","","true","32.334","-102.5563","318","tx-hhsc-assisted-living","Texas HHSC Assisted Living Facilities","https://services1.arcgis.com/jI1j5lArZnrgFYSc/ArcGIS/rest/services/Assisted_Living/FeatureServer/0","Texas Health and Human Services Commission"
"tx-hhsc-assisted-living:104807","LIBRARY OF LEGACIES II","104807","assisted_living","Assisted Living","LUBBOCK","1420 WOODROW RD","SLATON","TX","79364","(806) 828-4200","(806) 828-6641","12","","","","","","","","true","33.4492","-101.6602","318","tx-hhsc-assisted-living","Texas HHSC Assisted Living Facilities","https://services1.arcgis.com/jI1j5lArZnrgFYSc/ArcGIS/rest/services/Assisted_Living/FeatureServer/0","Texas Health and Human Services Commission"
"tx-hhsc-assisted-living:103867","LIBRARY OF LEGACIES LLC","103867","assisted_living","Assisted Living","LUBBOCK","1420 WOODROW RD","SLATON","TX","79364","(806) 828-4200","(806) 828-6641","16","","","","","","","","true","33.4492","-101.6602","318","tx-hhsc-assisted-living","Texas HHSC Assisted Living Facilities","https://services1.arcgis.com/jI1j5lArZnrgFYSc/ArcGIS/rest/services/Assisted_Living/FeatureServer/0","Texas Health and Human Services Commission"
"tx-hhsc-assisted-living:000982","COTTAGE VILLAGE","000982","assisted_living","Assisted Living","CHILDRESS","204 FIFTH ST N E","CHILDRESS","TX","79201","(940) 937-2045","(940) 937-2517","16","","","","","","","","true","34.4212","-100.2023","320.9","tx-hhsc-assisted-living","Texas HHSC Assisted Living Facilities","https://services1.arcgis.com/jI1j5lArZnrgFYSc/ArcGIS/rest/services/Assisted_Living/FeatureServer/0","Texas Health and Human Services Commission"
"tx-hhsc-assisted-living:030068","LIBRARY OF LEGACIES IDALOU LLC","030068","assisted_living","Assisted Living","LUBBOCK","910 FRONTAGE RD","IDALOU","TX","79329","(806) 892-2011","(806) 892-2001","16","","","","","","","","true","33.6616","-101.6954","329.6","tx-hhsc-assisted-living","Texas HHSC Assisted Living Facilities","https://services1.arcgis.com/jI1j5lArZnrgFYSc/ArcGIS/rest/services/Assisted_Living/FeatureServer/0","Texas Health and Human Services Commission"
"tx-hhsc-assisted-living:106862","LEGACY AT SOUTH PLAINS","106862","assisted_living","Assisted Living","LUBBOCK","10711 INDIANA AVENUE","LUBBOCK","TX","79423","(806) 686-4786","","110","","","","","","","","true","33.4968","-101.8867","329.9","tx-hhsc-assisted-living","Texas HHSC Assisted Living Facilities","https://services1.arcgis.com/jI1j5lArZnrgFYSc/ArcGIS/rest/services/Assisted_Living/FeatureServer/0","Texas Health and Human Services Commission"
"tx-hhsc-assisted-living:000820","MACKENZIE PLACE","000820","assisted_living","Assisted Living","LUBBOCK","8609 BOSTON AVE","LUBBOCK","TX","79423","(806) 745-7770","(806) 745-8117","58","","","","","","","","true","33.5154","-101.8724","330.2","tx-hhsc-assisted-living","Texas HHSC Assisted Living Facilities","https://services1.arcgis.com/jI1j5lArZnrgFYSc/ArcGIS/rest/services/Assisted_Living/FeatureServer/0","Texas Health and Human Services Commission"
"tx-hhsc-assisted-living:104941","PROMISELAND ASSISTED LIVING III LLC","104941","assisted_living","Assisted Living","LUBBOCK","3012 81ST ST","LUBBOCK","TX","79423","(806) 445-0039","(806) 445-0049","6","","","","","","","","true","33.5212","-101.8803","330.8","tx-hhsc-assisted-living","Texas HHSC Assisted Living Facilities","https://services1.arcgis.com/jI1j5lArZnrgFYSc/ArcGIS/rest/services/Assisted_Living/FeatureServer/0","Texas Health and Human Services Commission"
"tx-hhsc-assisted-living:105603","PROMISELAND ASSISTED LIVING  KINGSGATE","105603","assisted_living","Assisted Living","LUBBOCK","4003 - 87TH STREET","LUBBOCK","TX","79423","(806) 698-0064","(806) 445-0049","6","","","","","","","","true","33.5141","-101.8985","331.2","tx-hhsc-assisted-living","Texas HHSC Assisted Living Facilities","https://services1.arcgis.com/jI1j5lArZnrgFYSc/ArcGIS/rest/services/Assisted_Living/FeatureServer/0","Texas Health and Human Services Commission"
"tx-hhsc-assisted-living:030081","WEDGEWOOD SOUTH","030081","assisted_living","Assisted Living","LUBBOCK","9812 VINTON AVE","LUBBOCK","TX","79424","(806) 798-1011","(806) 794-0234","14","","","","","","","","true","33.5039","-101.9189","331.6","tx-hhsc-assisted-living","Texas HHSC Assisted Living Facilities","https://services1.arcgis.com/jI1j5lArZnrgFYSc/ArcGIS/rest/services/Assisted_Living/FeatureServer/0","Texas Health and Human Services Commission"
"tx-hhsc-assisted-living:030082","WEDGEWOOD SOUTH","030082","assisted_living","Assisted Living","LUBBOCK","9812 VINTON AVE","LUBBOCK","TX","79424","(806) 798-1011","(806) 794-0234","14","","","","","","","","true","33.5039","-101.9189","331.6","tx-hhsc-assisted-living","Texas HHSC Assisted Living Facilities","https://services1.arcgis.com/jI1j5lArZnrgFYSc/ArcGIS/rest/services/Assisted_Living/FeatureServer/0","Texas Health and Human Services Commission"
"tx-hhsc-assisted-living:030086","WEDGEWOOD SOUTH","030086","assisted_living","Assisted Living","LUBBOCK","9812 VINTON AVE","LUBBOCK","TX","79424","(806) 798-1011","(806) 794-0234","14","","","","","","","","true","33.5039","-101.9189","331.6","tx-hhsc-assisted-living","Texas HHSC Assisted Living Facilities","https://services1.arcgis.com/jI1j5lArZnrgFYSc/ArcGIS/rest/services/Assisted_Living/FeatureServer/0","Texas Health and Human Services Commission"
"tx-hhsc-assisted-living:100083","WEDGEWOOD SOUTH","100083","assisted_living","Assisted Living","LUBBOCK","9812 VINTON AVE","LUBBOCK","TX","79424","(806) 798-1011","(806) 794-0234","26","","","","","","","","true","33.5039","-101.9189","331.6","tx-hhsc-assisted-living","Texas HHSC Assisted Living Facilities","https://services1.arcgis.com/jI1j5lArZnrgFYSc/ArcGIS/rest/services/Assisted_Living/FeatureServer/0","Texas Health and Human Services Commission"
"tx-hhsc-assisted-living:000595","THE CALLANDER HOUSESOUTH","000595","assisted_living","Assisted Living","LUBBOCK","11902 FRANKFORD AVENUE","LUBBOCK","TX","79424","(806) 794-7603","(806) 794-7603","16","","","","","","","","true","33.4851","-101.9403","331.7","tx-hhsc-assisted-living","Texas HHSC Assisted Living Facilities","https://services1.arcgis.com/jI1j5lArZnrgFYSc/ArcGIS/rest/services/Assisted_Living/FeatureServer/0","Texas Health and Human Services Commission"
"tx-hhsc-assisted-living:102572","BEEHIVE HOMES AT SHEPHERD'S MEADOW","102572","assisted_living","Assisted Living","FLOYD","1230 S. RALLS HWY","FLOYDADA","TX","79235","(806) 983-8177","","16","","","","","","","","true","33.9716","-101.3516","331.8","tx-hhsc-assisted-living","Texas HHSC Assisted Living Facilities","https://services1.arcgis.com/jI1j5lArZnrgFYSc/ArcGIS/rest/services/Assisted_Living/FeatureServer/0","Texas Health and Human Services Commission"
"tx-hhsc-assisted-living:100571","IVY HOUSE","100571","assisted_living","Assisted Living","LUBBOCK","1701 30TH ST","LUBBOCK","TX","79411","(806) 368-7438","(806) 368-8512","12","","","","","","","","true","33.5669","-101.8557","331.8","tx-hhsc-assisted-living","Texas HHSC Assisted Living Facilities","https://services1.arcgis.com/jI1j5lArZnrgFYSc/ArcGIS/rest/services/Assisted_Living/FeatureServer/0","Texas Health and Human Services Commission"
"tx-hhsc-assisted-living:030161","BROOKDALE MONTEREY","030161","assisted_living","Assisted Living","LUBBOCK","5204 ELGIN AVE","LUBBOCK","TX","79413","(806) 788-1919","(806) 785-7088","56","","","","","","","","true","33.5471","-101.8796","331.9","tx-hhsc-assisted-living","Texas HHSC Assisted Living Facilities","https://services1.arcgis.com/jI1j5lArZnrgFYSc/ArcGIS/rest/services/Assisted_Living/FeatureServer/0","Texas Health and Human Services Commission"
"tx-hhsc-assisted-living:110237","SILVERTOP ASSISTED LIVING","110237","assisted_living","Assisted Living","LUBBOCK","3711 69 TH STREET","LUBBOCK","TX","79413","(806) 777-7675","","6","","","","","","","","true","33.5316","-101.8957","331.9","tx-hhsc-assisted-living","Texas HHSC Assisted Living Facilities","https://services1.arcgis.com/jI1j5lArZnrgFYSc/ArcGIS/rest/services/Assisted_Living/FeatureServer/0","Texas Health and Human Services Commission"
"tx-hhsc-assisted-living:103705","THE PORCH SWING","103705","assisted_living","Assisted Living","LUBBOCK","3315 55TH ST","LUBBOCK","TX","79413","(806) 797-7672","(806) 797-7610","6","","","","","","","","true","33.544","-101.8865","332.1","tx-hhsc-assisted-living","Texas HHSC Assisted Living Facilities","https://services1.arcgis.com/jI1j5lArZnrgFYSc/ArcGIS/rest/services/Assisted_Living/FeatureServer/0","Texas Health and Human Services Commission"
"tx-hhsc-assisted-living:030026","COTTAGE VILLAGE","030026","assisted_living","Assisted Living","TERRY","1202 CHERYL DR","BROWNFIELD","TX","79316","(806) 637-9066","(806) 637-6305","16","","","","","","","","true","33.1679","-102.2517","332.2","tx-hhsc-assisted-living","Texas HHSC Assisted Living Facilities","https://services1.arcgis.com/jI1j5lArZnrgFYSc/ArcGIS/rest/services/Assisted_Living/FeatureServer/0","Texas Health and Human Services Commission"
"tx-hhsc-assisted-living:104551","THE CALLANDER HOUSE LLC","104551","assisted_living","Assisted Living","LUBBOCK","4524 77TH ST","LUBBOCK","TX","79424","(806) 784-2417","","6","","","","","","","","true","33.5251","-101.9121","332.3","tx-hhsc-assisted-living","Texas HHSC Assisted Living Facilities","https://services1.arcgis.com/jI1j5lArZnrgFYSc/ArcGIS/rest/services/Assisted_Living/FeatureServer/0","Texas Health and Human Services Commission"
"tx-hhsc-assisted-living:101630","ASHTON OF SOUTHHAVEN INC","101630","assisted_living","Assisted Living","LUBBOCK","4611 66TH","LUBBOCK","TX","79414","(806) 799-6363","(806) 281-9969","16","","","","","","","","true","33.5339","-101.9105","332.7","tx-hhsc-assisted-living","Texas HHSC Assisted Living Facilities","https://services1.arcgis.com/jI1j5lArZnrgFYSc/ArcGIS/rest/services/Assisted_Living/FeatureServer/0","Texas Health and Human Services Commission"
"tx-hhsc-assisted-living:102208","ANGEL'S ARMS ASSISTED LIVING","102208","assisted_living","Assisted Living","LUBBOCK","3305 38TH STREET","LUBBOCK","TX","79413","(806) 785-0021","(806) 445-0049","14","","","","","","","","true","33.5594","-101.8864","332.8","tx-hhsc-assisted-living","Texas HHSC Assisted Living Facilities","https://services1.arcgis.com/jI1j5lArZnrgFYSc/ArcGIS/rest/services/Assisted_Living/FeatureServer/0","Texas Health and Human Services Commission"
"tx-hhsc-assisted-living:106838","FOUNTAIN HILLS ASSISTED LIVING & MEMORY CARE","106838","assisted_living","Assisted Living","LUBBOCK","6317 112TH ST.","LUBBOCK","TX","79424","(806) 794-1600","(806) 783-0090","16","","","","","","","","true","33.4926","-101.9563","332.8","tx-hhsc-assisted-living","Texas HHSC Assisted Living Facilities","https://services1.arcgis.com/jI1j5lArZnrgFYSc/ArcGIS/rest/services/Assisted_Living/FeatureServer/0","Texas Health and Human Services Commission"
"tx-hhsc-assisted-living:101518","PROMISELAND ASSISTED LIVING","101518","assisted_living","Assisted Living","LUBBOCK","3314 40TH ST","LUBBOCK","TX","79413","(806) 687-5118","(806) 445-0049","14","","","","","","","","true","33.5581","-101.8875","332.8","tx-hhsc-assisted-living","Texas HHSC Assisted Living Facilities","https://services1.arcgis.com/jI1j5lArZnrgFYSc/ArcGIS/rest/services/Assisted_Living/FeatureServer/0","Texas Health and Human Services Commission"
"tx-hhsc-assisted-living:104026","PROMISELAND ASSISTED LIVING II LLC","104026","assisted_living","Assisted Living","LUBBOCK","3416 43RD STREET","LUBBOCK","TX","79413","(806) 368-0830","(806) 445-0049","6","","","","","","","","true","33.5554","-101.8897","332.8","tx-hhsc-assisted-living","Texas HHSC Assisted Living Facilities","https://services1.arcgis.com/jI1j5lArZnrgFYSc/ArcGIS/rest/services/Assisted_Living/FeatureServer/0","Texas Health and Human Services Commission"
"tx-hhsc-assisted-living:000376","CALLANDER HOUSE PHOENIX","000376","assisted_living","Assisted Living","LUBBOCK","3319 35TH STREET","LUBBOCK","TX","79413","(806) 789-4615","(806) 784-0603","10","","","","","","","","true","33.5622","-101.8875","333","tx-hhsc-assisted-living","Texas HHSC Assisted Living Facilities","https://services1.arcgis.com/jI1j5lArZnrgFYSc/ArcGIS/rest/services/Assisted_Living/FeatureServer/0","Texas Health and Human Services Commission"
"tx-hhsc-assisted-living:001250","ABIDING CARE","001250","assisted_living","Assisted Living","LUBBOCK","5720 79TH ST","LUBBOCK","TX","79424","(806) 698-9105","(806) 698-9105","10","","","","","","","","true","33.5226","-101.9383","333.3","tx-hhsc-assisted-living","Texas HHSC Assisted Living Facilities","https://services1.arcgis.com/jI1j5lArZnrgFYSc/ArcGIS/rest/services/Assisted_Living/FeatureServer/0","Texas Health and Human Services Commission"
"tx-hhsc-assisted-living:000311","BROOKDALE REMINGTON PARK","000311","assisted_living","Assisted Living","LUBBOCK","5301 66TH ST","LUBBOCK","TX","79424","(806) 798-9871","(806) 798-1120","117","","","","","","","","true","33.5336","-101.9281","333.4","tx-hhsc-assisted-living","Texas HHSC Assisted Living Facilities","https://services1.arcgis.com/jI1j5lArZnrgFYSc/ArcGIS/rest/services/Assisted_Living/FeatureServer/0","Texas Health and Human Services Commission"
"tx-hhsc-assisted-living:100762","BELLECOURT SOUTH","100762","assisted_living","Assisted Living","LUBBOCK","1717 NORFOLK AVE","LUBBOCK","TX","79416","(806) 281-6000","(806) 281-6043","37","","","","","","","","true","33.581","-101.8988","334.3","tx-hhsc-assisted-living","Texas HHSC Assisted Living Facilities","https://services1.arcgis.com/jI1j5lArZnrgFYSc/ArcGIS/rest/services/Assisted_Living/FeatureServer/0","Texas Health and Human Services Commission"
"tx-hhsc-assisted-living:030382","CARILLON ASSISTED LIVING","030382","assisted_living","Assisted Living","LUBBOCK","1717 NORFOLK AVE","LUBBOCK","TX","79416","(806) 281-6253","(806) 281-6043","50","","","","","","","","true","33.581","-101.8988","334.3","tx-hhsc-assisted-living","Texas HHSC Assisted Living Facilities","https://services1.arcgis.com/jI1j5lArZnrgFYSc/ArcGIS/rest/services/Assisted_Living/FeatureServer/0","Texas Health and Human Services Commission"
"tx-hhsc-assisted-living:000568","ADAMS ASSISTED LIVING COMMUNITY","000568","assisted_living","Assisted Living","LUBBOCK","8824 FM 1585","WOLFFORTH","TX","79382","(806) 863-3663","(806) 863-3951","16","","","","","","","","true","33.4768","-102.0128","334.5","tx-hhsc-assisted-living","Texas HHSC Assisted Living Facilities","https://services1.arcgis.com/jI1j5lArZnrgFYSc/ArcGIS/rest/services/Assisted_Living/FeatureServer/0","Texas Health and Human Services Commission"
"tx-hhsc-assisted-living:102566","TANGLEWOOD ESTATE","102566","assisted_living","Assisted Living","LUBBOCK","4505 20TH ST","LUBBOCK","TX","79407","(806) 239-3800","(806) 687-3069","7","","","","","","","","true","33.576","-101.9083","334.5","tx-hhsc-assisted-living","Texas HHSC Assisted Living Facilities","https://services1.arcgis.com/jI1j5lArZnrgFYSc/ArcGIS/rest/services/Assisted_Living/FeatureServer/0","Texas Health and Human Services Commission"
"tx-hhsc-assisted-living:000844","SISTERS LOVING ARMS","000844","assisted_living","Assisted Living","LUBBOCK","4713 22ND ST","LUBBOCK","TX","79407","(806) 799-7944","(806) 799-5173","8","","","","","","","","true","33.5733","-101.916","334.7","tx-hhsc-assisted-living","Texas HHSC Assisted Living Facilities","https://services1.arcgis.com/jI1j5lArZnrgFYSc/ArcGIS/rest/services/Assisted_Living/FeatureServer/0","Texas Health and Human Services Commission"
"tx-hhsc-assisted-living:000816","TANGLEWOOD VILLAGE","000816","assisted_living","Assisted Living","LUBBOCK","5501 34TH","LUBBOCK","TX","79407","(806) 791-5851","(806) 791-5851","14","","","","","","","","true","33.563","-101.9314","334.9","tx-hhsc-assisted-living","Texas HHSC Assisted Living Facilities","https://services1.arcgis.com/jI1j5lArZnrgFYSc/ArcGIS/rest/services/Assisted_Living/FeatureServer/0","Texas Health and Human Services Commission"
"tx-hhsc-assisted-living:000655","MANNA ACRES","000655","assisted_living","Assisted Living","LUBBOCK","2510 SLIDE RD","LUBBOCK","TX","79407","(806) 799-7911","(806) 368-3175","14","","","","","","","","true","33.5716","-101.9241","335","tx-hhsc-assisted-living","Texas HHSC Assisted Living Facilities","https://services1.arcgis.com/jI1j5lArZnrgFYSc/ArcGIS/rest/services/Assisted_Living/FeatureServer/0","Texas Health and Human Services Commission"
"tx-hhsc-assisted-living:100794","MEMORIAL PLACE","100794","assisted_living","Assisted Living","GAINES","300 NW 8TH ST","SEMINOLE","TX","79360","(432) 758-5802","(432) 955-0568","16","","","","","","","","true","32.7218","-102.6532","335.3","tx-hhsc-assisted-living","Texas HHSC Assisted Living Facilities","https://services1.arcgis.com/jI1j5lArZnrgFYSc/ArcGIS/rest/services/Assisted_Living/FeatureServer/0","Texas Health and Human Services Commission"
"tx-hhsc-assisted-living:103688","SERENDIPITY SUITES","103688","assisted_living","Assisted Living","LUBBOCK","5321 19TH STREET","LUBBOCK","TX","79407","(806) 781-3268","(806) 368-6202","10","","","","","","","","true","33.5774","-101.9278","335.4","tx-hhsc-assisted-living","Texas HHSC Assisted Living Facilities","https://services1.arcgis.com/jI1j5lArZnrgFYSc/ArcGIS/rest/services/Assisted_Living/FeatureServer/0","Texas Health and Human Services Commission"
"tx-hhsc-assisted-living:000628","VILLA RESIDENTIAL CARE OF WOLFFORTH III","000628","assisted_living","Assisted Living","LUBBOCK","301 E 5TH ST","WOLFFORTH","TX","79382","(806) 866-4666","(806) 866-4111","16","","","","","","","","true","33.5051","-102.0061","335.5","tx-hhsc-assisted-living","Texas HHSC Assisted Living Facilities","https://services1.arcgis.com/jI1j5lArZnrgFYSc/ArcGIS/rest/services/Assisted_Living/FeatureServer/0","Texas Health and Human Services Commission"
"tx-hhsc-assisted-living:102482","BEEHIVE HOMES","102482","assisted_living","Assisted Living","LUBBOCK","2105 W LOOP 289","LUBBOCK","TX","79407","(806) 793-4483","(806) 793-4482","14","","","","","","","","true","33.5742","-101.9433","335.9","tx-hhsc-assisted-living","Texas HHSC Assisted Living Facilities","https://services1.arcgis.com/jI1j5lArZnrgFYSc/ArcGIS/rest/services/Assisted_Living/FeatureServer/0","Texas Health and Human Services Commission"
"tx-hhsc-assisted-living:106684","BEEHIVE HOMES II","106684","assisted_living","Assisted Living","LUBBOCK","2109 WEST LOOP 289","LUBBOCK","TX","79407","(806) 788-1497","(806) 788-1498","16","","","","","","","","true","33.5762","-101.9434","336","tx-hhsc-assisted-living","Texas HHSC Assisted Living Facilities","https://services1.arcgis.com/jI1j5lArZnrgFYSc/ArcGIS/rest/services/Assisted_Living/FeatureServer/0","Texas Health and Human Services Commission"
"tx-hhsc-assisted-living:106044","THE CALLANDER HOUSE LLC","106044","assisted_living","Assisted Living","LUBBOCK","808 MAIN ST.","WOLFFORTH","TX","79382","(806) 855-4699","(806) 855-4622","10","","","","","","","","true","33.5049","-102.0173","336","tx-hhsc-assisted-living","Texas HHSC Assisted Living Facilities","https://services1.arcgis.com/jI1j5lArZnrgFYSc/ArcGIS/rest/services/Assisted_Living/FeatureServer/0","Texas Health and Human Services Commission"
"tx-hhsc-assisted-living:103812","THE ISLE AT RAIDER RANCH","103812","assisted_living","Assisted Living","LUBBOCK","6806 43RD ST","LUBBOCK","TX","79407","(806) 368-6565","(806) 797-0200","160","","","","","","","","true","33.5578","-101.9635","336","tx-hhsc-assisted-living","Texas HHSC Assisted Living Facilities","https://services1.arcgis.com/jI1j5lArZnrgFYSc/ArcGIS/rest/services/Assisted_Living/FeatureServer/0","Texas Health and Human Services Commission"
"tx-hhsc-assisted-living:110174","TRANSITIONAL LEARNING CENTER AT LUBBOCK","110174","assisted_living","Assisted Living","LUBBOCK","1808 N. QUAKER","LUBBOCK","TX","79415","(806) 281-5400","(806) 281-5436","24","","","","","","","","true","33.6185","-101.9049","336.3","tx-hhsc-assisted-living","Texas HHSC Assisted Living Facilities","https://services1.arcgis.com/jI1j5lArZnrgFYSc/ArcGIS/rest/services/Assisted_Living/FeatureServer/0","Texas Health and Human Services Commission"
"tx-hhsc-assisted-living:000784","VILLA RESIDENTIAL CARE OF WOLFFORTH I","000784","assisted_living","Assisted Living","LUBBOCK","301 EAST 5TH STREET","WOLFFORTH","TX","79382","(806) 866-4666","(806) 866-4111","16","","","","","","","","true","33.5247","-102.0083","336.5","tx-hhsc-assisted-living","Texas HHSC Assisted Living Facilities","https://services1.arcgis.com/jI1j5lArZnrgFYSc/ArcGIS/rest/services/Assisted_Living/FeatureServer/0","Texas Health and Human Services Commission"
"tx-hhsc-assisted-living:000625","VILLA RESIDENTIAL CARE OF WOLFFORTH II","000625","assisted_living","Assisted Living","LUBBOCK","301 EAST 5TH STREET","WOLFFORTH","TX","79382","(806) 866-4666","(806) 866-4111","16","","","","","","","","true","33.5247","-102.0083","336.5","tx-hhsc-assisted-living","Texas HHSC Assisted Living Facilities","https://services1.arcgis.com/jI1j5lArZnrgFYSc/ArcGIS/rest/services/Assisted_Living/FeatureServer/0","Texas Health and Human Services Commission"
"tx-hhsc-assisted-living:000471","BROOKDALE SHADOW HILLS","000471","assisted_living","Assisted Living","LUBBOCK","110 FRANKFORD AVE","LUBBOCK","TX","79416","(806) 799-4225","(806) 799-4597","48","","","","","","","","true","33.5984","-101.9406","336.9","tx-hhsc-assisted-living","Texas HHSC Assisted Living Facilities","https://services1.arcgis.com/jI1j5lArZnrgFYSc/ArcGIS/rest/services/Assisted_Living/FeatureServer/0","Texas Health and Human Services Commission"
"tx-hhsc-assisted-living:050716","WILSHIRE ON 4TH","050716","assisted_living","Assisted Living","LUBBOCK","6514 4TH ST","LUBBOCK","TX","79416","(806) 791-0002","(806) 791-3627","16","","","","","","","","true","33.5928","-101.9589","337.4","tx-hhsc-assisted-living","Texas HHSC Assisted Living Facilities","https://services1.arcgis.com/jI1j5lArZnrgFYSc/ArcGIS/rest/services/Assisted_Living/FeatureServer/0","Texas Health and Human Services Commission"
"tx-hhsc-assisted-living:030040","WILSHIRE ON 4TH LLC","030040","assisted_living","Assisted Living","LUBBOCK","6508 4TH ST","LUBBOCK","TX","79416","(806) 791-0002","(806) 791-3627","16","","","","","","","","true","33.5928","-101.9582","337.4","tx-hhsc-assisted-living","Texas HHSC Assisted Living Facilities","https://services1.arcgis.com/jI1j5lArZnrgFYSc/ArcGIS/rest/services/Assisted_Living/FeatureServer/0","Texas Health and Human Services Commission"
"tx-hhsc-assisted-living:000930","WILSHIRE ON 4TH LLC","000930","assisted_living","Assisted Living","LUBBOCK","6502 4TH ST","LUBBOCK","TX","79416","(806) 791-0002","(806) 791-3627","16","","","","","","","","true","33.5928","-101.9585","337.4","tx-hhsc-assisted-living","Texas HHSC Assisted Living Facilities","https://services1.arcgis.com/jI1j5lArZnrgFYSc/ArcGIS/rest/services/Assisted_Living/FeatureServer/0","Texas Health and Human Services Commission"
"tx-hhsc-assisted-living:104342","WILSHIRE PLACE SENIOR LIVING","104342","assisted_living","Assisted Living","LUBBOCK","6410 ERSKINE","LUBBOCK","TX","79416","(806) 793-1616","(806) 589-4986","16","","","","","","","","true","33.6075","-101.9559","338","tx-hhsc-assisted-living","Texas HHSC Assisted Living Facilities","https://services1.arcgis.com/jI1j5lArZnrgFYSc/ArcGIS/rest/services/Assisted_Living/FeatureServer/0","Texas Health and Human Services Commission"
"tx-hhsc-assisted-living:103433","WILSHIRE PLACE SENIOR LIVING","103433","assisted_living","Assisted Living","LUBBOCK","6410 ERSKINE","LUBBOCK","TX","79416","(806) 793-1616","(806) 589-4986","66","","","","","","","","true","33.6075","-101.9559","338","tx-hhsc-assisted-living","Texas HHSC Assisted Living Facilities","https://services1.arcgis.com/jI1j5lArZnrgFYSc/ArcGIS/rest/services/Assisted_Living/FeatureServer/0","Texas Health and Human Services Commission"
"tx-hhsc-assisted-living:000801","HEARTLAND HOUSE INC","000801","assisted_living","Assisted Living","LUBBOCK","2605 N COUNTY RD 1700","LUBBOCK","TX","79416","(806) 765-6480","(806) 771-3603","16","","","","","","","","true","33.6246","-101.958","338.9","tx-hhsc-assisted-living","Texas HHSC Assisted Living Facilities","https://services1.arcgis.com/jI1j5lArZnrgFYSc/ArcGIS/rest/services/Assisted_Living/FeatureServer/0","Texas Health and Human Services Commission"
"tx-hhsc-assisted-living:101264","PARK VIEW MANOR ASSISTED LIVING","101264","assisted_living","Assisted Living","COLLINGSWORTH","1016 16TH ST","WELLINGTON","TX","79095","(806) 447-1186","(806) 447-1416","16","","","","","","","","true","34.8486","-100.2115","347.6","tx-hhsc-assisted-living","Texas HHSC Assisted Living Facilities","https://services1.arcgis.com/jI1j5lArZnrgFYSc/ArcGIS/rest/services/Assisted_Living/FeatureServer/0","Texas Health and Human Services Commission"
"tx-hhsc-assisted-living:102916","BEEHIVE HOMES OF LEVELLAND","102916","assisted_living","Assisted Living","HOCKLEY","140 COUNTY ROAD","LEVELLAND","TX","79336","(806) 897-0206","(806) 897-0491","14","","","","","","","","true","33.5974","-102.33","353.9","tx-hhsc-assisted-living","Texas HHSC Assisted Living Facilities","https://services1.arcgis.com/jI1j5lArZnrgFYSc/ArcGIS/rest/services/Assisted_Living/FeatureServer/0","Texas Health and Human Services Commission"
"tx-hhsc-assisted-living:000511","HICKORY PLACE","000511","assisted_living","Assisted Living","HOCKLEY","717 SOUTH ALAMO RD","LEVELLAND","TX","79336","(806) 894-1722","(806) 894-3330","36","","","","","","","","true","33.5842","-102.3477","354.1","tx-hhsc-assisted-living","Texas HHSC Assisted Living Facilities","https://services1.arcgis.com/jI1j5lArZnrgFYSc/ArcGIS/rest/services/Assisted_Living/FeatureServer/0","Texas Health and Human Services Commission"
"tx-hhsc-assisted-living:000774","SANTA FE PLACE","000774","assisted_living","Assisted Living","HALE","3404 SW 5TH","PLAINVIEW","TX","79072","(806) 291-0151","(806) 293-1345","43","","","","","","","","true","34.1738","-101.7449","357.1","tx-hhsc-assisted-living","Texas HHSC Assisted Living Facilities","https://services1.arcgis.com/jI1j5lArZnrgFYSc/ArcGIS/rest/services/Assisted_Living/FeatureServer/0","Texas Health and Human Services Commission"
"tx-hhsc-assisted-living:106950","BEEHIVE HOMES OF PLAINVIEW","106950","assisted_living","Assisted Living","HALE","1435 LOMETA DRIVE","PLAINVIEW","TX","79072","(505) 480-1445","(505) 821-1834","16","","","","","","","","true","34.1942","-101.7537","358.5","tx-hhsc-assisted-living","Texas HHSC Assisted Living Facilities","https://services1.arcgis.com/jI1j5lArZnrgFYSc/ArcGIS/rest/services/Assisted_Living/FeatureServer/0","Texas Health and Human Services Commission"
"tx-hhsc-assisted-living:100381","LIBRARY OF LEGACIES LITTLEFIELD LLC","100381","assisted_living","Assisted Living","LAMB","1303 MARSHALL HOWARD BLVD","LITTLEFIELD","TX","79339","(806) 385-0364","(806) 385-0365","16","","","","","","","","true","33.9039","-102.3184","367.2","tx-hhsc-assisted-living","Texas HHSC Assisted Living Facilities","https://services1.arcgis.com/jI1j5lArZnrgFYSc/ArcGIS/rest/services/Assisted_Living/FeatureServer/0","Texas Health and Human Services Commission"
"tx-hhsc-assisted-living:001006","SUZIE D RHINEHART","001006","assisted_living","Assisted Living","DONLEY","216 EAST 4TH","CLARENDON","TX","79226","(806) 874-5000","(806) 874-5010","4","","","","","","","","true","34.9352","-100.8879","370.8","tx-hhsc-assisted-living","Texas HHSC Assisted Living Facilities","https://services1.arcgis.com/jI1j5lArZnrgFYSc/ArcGIS/rest/services/Assisted_Living/FeatureServer/0","Texas Health and Human Services Commission"
"tx-hhsc-assisted-living:030256","SANDHILLS VILLAGE","030256","assisted_living","Assisted Living","LAMB","1200 AVE I","OLTON","TX","79064","(806) 285-3356","(806) 285-2506","20","","","","","","","","true","34.1771","-102.1395","372.8","tx-hhsc-assisted-living","Texas HHSC Assisted Living Facilities","https://services1.arcgis.com/jI1j5lArZnrgFYSc/ArcGIS/rest/services/Assisted_Living/FeatureServer/0","Texas Health and Human Services Commission"
"tx-hhsc-assisted-living:101627","SWISHER MEMORIAL HOSPITAL RESIDENTIAL LIVING CENTER","101627","assisted_living","Assisted Living","SWISHER","539 S E 2ND ST","TULIA","TX","79088","(806) 995-8211","(806) 995-2277","9","","","","","","","","true","34.5361","-101.7558","376.5","tx-hhsc-assisted-living","Texas HHSC Assisted Living Facilities","https://services1.arcgis.com/jI1j5lArZnrgFYSc/ArcGIS/rest/services/Assisted_Living/FeatureServer/0","Texas Health and Human Services Commission"
"tx-hhsc-assisted-living:101195","NORTH WHEELER COUNTY HOSPITAL DISTRICT","101195","assisted_living","Assisted Living","WHEELER","901 S SWEETWATER","WHEELER","TX","79096","(806) 826-5581","(806) 826-3201","12","","","","","","","","true","35.4393","-100.2703","386.3","tx-hhsc-assisted-living","Texas HHSC Assisted Living Facilities","https://services1.arcgis.com/jI1j5lArZnrgFYSc/ArcGIS/rest/services/Assisted_Living/FeatureServer/0","Texas Health and Human Services Commission"
"tx-hhsc-assisted-living:030075","HUDSON HOUSE CLAUDE INC","030075","assisted_living","Assisted Living","ARMSTRONG","301 TRICE ST","CLAUDE","TX","79019","(806) 226-4011","(806) 226-7037","20","","","","","","","","true","35.1076","-101.3602","395","tx-hhsc-assisted-living","Texas HHSC Assisted Living Facilities","https://services1.arcgis.com/jI1j5lArZnrgFYSc/ArcGIS/rest/services/Assisted_Living/FeatureServer/0","Texas Health and Human Services Commission"
"tx-hhsc-assisted-living:000762","SKYWEST ASSISTED LIVING CENTER BY SHAW","000762","assisted_living","Assisted Living","RANDALL","2623 12TH AVE","CANYON","TX","79015","(806) 655-2911","(806) 655-1077","16","","","","","","","","true","34.9719","-101.9114","405.5","tx-hhsc-assisted-living","Texas HHSC Assisted Living Facilities","https://services1.arcgis.com/jI1j5lArZnrgFYSc/ArcGIS/rest/services/Assisted_Living/FeatureServer/0","Texas Health and Human Services Commission"
"tx-hhsc-assisted-living:101051","HUDSON HOUSE CANYON MANAGEMENT COMPANY, LLC","101051","assisted_living","Assisted Living","RANDALL","3210 RUSSELL LONG BLVD","CANYON","TX","79015","(806) 655-4244","(806) 655-7001","33","","","","","","","","true","34.9831","-101.906","405.9","tx-hhsc-assisted-living","Texas HHSC Assisted Living Facilities","https://services1.arcgis.com/jI1j5lArZnrgFYSc/ArcGIS/rest/services/Assisted_Living/FeatureServer/0","Texas Health and Human Services Commission"
"tx-hhsc-assisted-living:000497","CONNER PLACE","000497","assisted_living","Assisted Living","RANDALL","2 COTTONWOOD LN","CANYON","TX","79015","(806) 655-5965","(806) 655-8213","36","","","","","","","","true","34.9883","-101.9226","406.8","tx-hhsc-assisted-living","Texas HHSC Assisted Living Facilities","https://services1.arcgis.com/jI1j5lArZnrgFYSc/ArcGIS/rest/services/Assisted_Living/FeatureServer/0","Texas Health and Human Services Commission"
"tx-hhsc-assisted-living:000434","MEREDITH PLACE","000434","assisted_living","Assisted Living","GRAY","812 W 25TH ST","PAMPA","TX","79065","(806) 665-5668","(806) 665-2599","43","","","","","","","","true","35.5657","-100.9713","411.1","tx-hhsc-assisted-living","Texas HHSC Assisted Living Facilities","https://services1.arcgis.com/jI1j5lArZnrgFYSc/ArcGIS/rest/services/Assisted_Living/FeatureServer/0","Texas Health and Human Services Commission"
"tx-hhsc-assisted-living:010218","SKYWEST ASSISTED LIVING CENTER BY SHAWAMARILLO","010218","assisted_living","Assisted Living","RANDALL","6301 BLAKE AVE","AMARILLO","TX","79119","(806) 351-0686","(806) 467-1359","11","","","","","","","","true","35.1291","-101.9064","414","tx-hhsc-assisted-living","Texas HHSC Assisted Living Facilities","https://services1.arcgis.com/jI1j5lArZnrgFYSc/ArcGIS/rest/services/Assisted_Living/FeatureServer/0","Texas Health and Human Services Commission"
"tx-hhsc-assisted-living:104152","HILLSIDE HAVEN CARE LLC","104152","assisted_living","Assisted Living","RANDALL","5230 ROYCE DRIVE","AMARILLO","TX","79110","(806) 358-7996","(806) 358-7958","4","","","","","","","","true","35.1514","-101.8776","414.2","tx-hhsc-assisted-living","Texas HHSC Assisted Living Facilities","https://services1.arcgis.com/jI1j5lArZnrgFYSc/ArcGIS/rest/services/Assisted_Living/FeatureServer/0","Texas Health and Human Services Commission"
"tx-hhsc-assisted-living:107088","BEEHIVE HOMES OF AMARILLO","107088","assisted_living","Assisted Living","POTTER","5800 SW 54TH ST","AMARILLO","TX","79109","(505) 480-1445","(505) 821-1834","16","","","","","","","","true","35.1507","-101.9079","415.2","tx-hhsc-assisted-living","Texas HHSC Assisted Living Facilities","https://services1.arcgis.com/jI1j5lArZnrgFYSc/ArcGIS/rest/services/Assisted_Living/FeatureServer/0","Texas Health and Human Services Commission"
"tx-hhsc-assisted-living:106578","THE RESERVE AT AMARILLO","106578","assisted_living","Assisted Living","RANDALL","7480 HILLSIDE ROAD","AMARILLO","TX","79119","(806) 731-8713","(806) 731-8712","56","","","","","","","","true","35.1473","-101.9225","415.5","tx-hhsc-assisted-living","Texas HHSC Assisted Living Facilities","https://services1.arcgis.com/jI1j5lArZnrgFYSc/ArcGIS/rest/services/Assisted_Living/FeatureServer/0","Texas Health and Human Services Commission"
"tx-hhsc-assisted-living:110333","DR WINFRED AND ELIZABETH MOORE ASSISTED LIVING CENTER","110333","assisted_living","Assisted Living","POTTER","400 S. W. 14TH ST.","AMARILLO","TX","79101","(806) 337-4181","(806) 337-5073","107","","","","","","","","true","35.2","-101.8416","415.7","tx-hhsc-assisted-living","Texas HHSC Assisted Living Facilities","https://services1.arcgis.com/jI1j5lArZnrgFYSc/ArcGIS/rest/services/Assisted_Living/FeatureServer/0","Texas Health and Human Services Commission"
"tx-hhsc-assisted-living:106783","THE SYCAMORE","106783","assisted_living","Assisted Living","POTTER","1511 SOUTH VAN BUREN","AMARILLO","TX","79101","(806) 337-4500","(806) 803-9776","56","","","","","","","","true","35.1984","-101.8423","415.7","tx-hhsc-assisted-living","Texas HHSC Assisted Living Facilities","https://services1.arcgis.com/jI1j5lArZnrgFYSc/ArcGIS/rest/services/Assisted_Living/FeatureServer/0","Texas Health and Human Services Commission"
"tx-hhsc-assisted-living:000327","BROOKDALE SLEEPY HOLLOW","000327","assisted_living","Assisted Living","RANDALL","7401 SEVILLE DRIVE","AMARILLO","TX","79121","806 3512105","806 3510143","65","","","","","","","","true","35.1649","-101.922","416.5","tx-hhsc-assisted-living","Texas HHSC Assisted Living Facilities","https://services1.arcgis.com/jI1j5lArZnrgFYSc/ArcGIS/rest/services/Assisted_Living/FeatureServer/0","Texas Health and Human Services Commission"
"tx-hhsc-assisted-living:110179","THE LEGACY AT TOWN SQUARE","110179","assisted_living","Assisted Living","POTTER","9700 HILLSIDE RD","AMARILLO","TX","79119","(806) 208-4440","","104","","","","","","","","true","35.1475","-101.9502","416.5","tx-hhsc-assisted-living","Texas HHSC Assisted Living Facilities","https://services1.arcgis.com/jI1j5lArZnrgFYSc/ArcGIS/rest/services/Assisted_Living/FeatureServer/0","Texas Health and Human Services Commission"
"tx-hhsc-assisted-living:105612","MESA VIEW ASSISTED LIVING","105612","assisted_living","Assisted Living","HEMPHILL","1 TEAS CIRCLE","CANADIAN","TX","79014","(806) 323-9228","(086) 323-9238","40","","","","","","","","true","35.8971","-100.3837","417.9","tx-hhsc-assisted-living","Texas HHSC Assisted Living Facilities","https://services1.arcgis.com/jI1j5lArZnrgFYSc/ArcGIS/rest/services/Assisted_Living/FeatureServer/0","Texas Health and Human Services Commission"
"tx-hhsc-assisted-living:000393","SAGECREEK ASSISTED LIVING","000393","assisted_living","Assisted Living","POTTER","5500 SW 9TH AVENUE","AMARILLO","TX","79106","(806) 352-7244","(806) 467-7473","52","","","","","","","","true","35.2085","-101.8998","418.1","tx-hhsc-assisted-living","Texas HHSC Assisted Living Facilities","https://services1.arcgis.com/jI1j5lArZnrgFYSc/ArcGIS/rest/services/Assisted_Living/FeatureServer/0","Texas Health and Human Services Commission"
"tx-hhsc-assisted-living:050721","BROOKDALE MEDI PARK WEST","050721","assisted_living","Assisted Living","POTTER","7404 WALLACE BLVD","AMARILLO","TX","79106","(806) 356-8346","(806) 355-7043","80","","","","","","","","true","35.1955","-101.9246","418.2","tx-hhsc-assisted-living","Texas HHSC Assisted Living Facilities","https://services1.arcgis.com/jI1j5lArZnrgFYSc/ArcGIS/rest/services/Assisted_Living/FeatureServer/0","Texas Health and Human Services Commission"
"tx-hhsc-assisted-living:106345","BRISTOL PARK AT AMARILLO","106345","assisted_living","Assisted Living","POTTER","1610 RESEARCH STREET","AMARILLO","TX","79106","(806) 353-1900","","96","","","","","","","","true","35.1965","-101.9262","418.4","tx-hhsc-assisted-living","Texas HHSC Assisted Living Facilities","https://services1.arcgis.com/jI1j5lArZnrgFYSc/ArcGIS/rest/services/Assisted_Living/FeatureServer/0","Texas Health and Human Services Commission"
"tx-hhsc-assisted-living:010318","THE COTTAGES AT QUAIL CREEK I","010318","assisted_living","Assisted Living","POTTER","6811 PLUM CREEK DR","AMARILLO","TX","79124","(806) 351-2271","(806) 351-1310","16","","","","","","","","true","35.2113","-101.913","418.7","tx-hhsc-assisted-living","Texas HHSC Assisted Living Facilities","https://services1.arcgis.com/jI1j5lArZnrgFYSc/ArcGIS/rest/services/Assisted_Living/FeatureServer/0","Texas Health and Human Services Commission"
"tx-hhsc-assisted-living:010324","THE COTTAGES AT QUAIL CREEK I I","010324","assisted_living","Assisted Living","POTTER","6811 PLUM CREEK DRIVE","AMARILLO","TX","79124","(806) 351-2271","(806) 351-1310","16","","","","","","","","true","35.2113","-101.913","418.7","tx-hhsc-assisted-living","Texas HHSC Assisted Living Facilities","https://services1.arcgis.com/jI1j5lArZnrgFYSc/ArcGIS/rest/services/Assisted_Living/FeatureServer/0","Texas Health and Human Services Commission"
"tx-hhsc-assisted-living:000505","PLUM CREEK PLACE","000505","assisted_living","Assisted Living","POTTER","6800 PLUM CREEK DR","AMARILLO","TX","79124","(806) 353-5185","(806) 353-6912","58","","","","","","","","true","35.213","-101.9107","418.8","tx-hhsc-assisted-living","Texas HHSC Assisted Living Facilities","https://services1.arcgis.com/jI1j5lArZnrgFYSc/ArcGIS/rest/services/Assisted_Living/FeatureServer/0","Texas Health and Human Services Commission"
"tx-hhsc-assisted-living:103381","GOODLIFE SENIOR LIVING AND MEMORY CARE","103381","assisted_living","Assisted Living","POTTER","928 WESTWOOD DR","AMARILLO","TX","79124","(806) 418-4320","(806) 418-4323","16","","","","","","","","true","35.2189","-101.9076","419","tx-hhsc-assisted-living","Texas HHSC Assisted Living Facilities","https://services1.arcgis.com/jI1j5lArZnrgFYSc/ArcGIS/rest/services/Assisted_Living/FeatureServer/0","Texas Health and Human Services Commission"
"tx-hhsc-assisted-living:110158","GOOD LIFE SENIOR LIVING AND MEMORY CARE","110158","assisted_living","Assisted Living","POTTER","928 WESTWOOD DR. B","AMARILLO","TX","79124","","","16","","","","","","","","true","35.2491","-101.9785","423","tx-hhsc-assisted-living","Texas HHSC Assisted Living Facilities","https://services1.arcgis.com/jI1j5lArZnrgFYSc/ArcGIS/rest/services/Assisted_Living/FeatureServer/0","Texas Health and Human Services Commission"
"tx-hhsc-assisted-living:000957","ROBBINS NEST ASSISTED LIVING","000957","assisted_living","Assisted Living","HUTCHINSON","100 NORTH BRYAN STREET","BORGER","TX","79007","(806) 290-7181","(806) 274-5992","16","","","","","","","","true","35.6662","-101.3953","428.8","tx-hhsc-assisted-living","Texas HHSC Assisted Living Facilities","https://services1.arcgis.com/jI1j5lArZnrgFYSc/ArcGIS/rest/services/Assisted_Living/FeatureServer/0","Texas Health and Human Services Commission"
"tx-hhsc-assisted-living:100949","THE SEASONS","100949","assisted_living","Assisted Living","OCHILTREE","401 SW 24TH AVE","PERRYTON","TX","79070","(806) 648-1884","(806) 648-1878","54","","","","","","","","true","36.3758","-100.8081","457.6","tx-hhsc-assisted-living","Texas HHSC Assisted Living Facilities","https://services1.arcgis.com/jI1j5lArZnrgFYSc/ArcGIS/rest/services/Assisted_Living/FeatureServer/0","Texas Health and Human Services Commission"
"tx-hhsc-assisted-living:102470","LEGACY ASSISTED LIVING COMMUNITY","102470","assisted_living","Assisted Living","HARTLEY","301 TEXAS BLVD","DALHART","TX","79022","(806) 244-1450","(806) 244-1665","40","","","","","","","","true","36.0526","-102.5204","485.8","tx-hhsc-assisted-living","Texas HHSC Assisted Living Facilities","https://services1.arcgis.com/jI1j5lArZnrgFYSc/ArcGIS/rest/services/Assisted_Living/FeatureServer/0","Texas Health and Human Services Commission"
"tx-hhsc-assisted-living:106887","VIBRALIFE OF EL PASO SENIOR LIVING","106887","assisted_living","Assisted Living","EL PASO","3421 JOE BATTLE BOULEVARD","EL PASO","TX","79936","(915) 599-5500","","32","","","","","","","","true","31.7942","-106.2692","515.6","tx-hhsc-assisted-living","Texas HHSC Assisted Living Facilities","https://services1.arcgis.com/jI1j5lArZnrgFYSc/ArcGIS/rest/services/Assisted_Living/FeatureServer/0","Texas Health and Human Services Commission"
"tx-hhsc-assisted-living:000728","SIMPATICO EAST ASSISTED LIVING AND MEMORY CARE","000728","assisted_living","Assisted Living","EL PASO","1991 SAUL KLEINFELD","EL PASO","TX","79936","(915) 857-5487","(915) 755-7191","129","","","","","","","","true","31.7698","-106.2859","516.2","tx-hhsc-assisted-living","Texas HHSC Assisted Living Facilities","https://services1.arcgis.com/jI1j5lArZnrgFYSc/ArcGIS/rest/services/Assisted_Living/FeatureServer/0","Texas Health and Human Services Commission"
"tx-hhsc-assisted-living:106563","THE ETERNAL YOUTH HOME #2","106563","assisted_living","Assisted Living","EL PASO","11651 CLEAR LAKE","EL PASO","TX","79936","(915) 545-3780","(915) 633-1994","8","","","","","","","","true","31.7639","-106.2902","516.4","tx-hhsc-assisted-living","Texas HHSC Assisted Living Facilities","https://services1.arcgis.com/jI1j5lArZnrgFYSc/ArcGIS/rest/services/Assisted_Living/FeatureServer/0","Texas Health and Human Services Commission"
"tx-hhsc-assisted-living:102864","THE FOREST ASSISTED LIVING","102864","assisted_living","Assisted Living","EL PASO","9355 NORTH LOOP","EL PASO","TX","79907","(915) 329-1897","(915) 271-9001","13","","","","","","","","true","31.6932","-106.3065","516.6","tx-hhsc-assisted-living","Texas HHSC Assisted Living Facilities","https://services1.arcgis.com/jI1j5lArZnrgFYSc/ArcGIS/rest/services/Assisted_Living/FeatureServer/0","Texas Health and Human Services Commission"
"tx-hhsc-assisted-living:000936","DREAM HAVEN INC","000936","assisted_living","Assisted Living","EL PASO","1609 BESSEMER","EL PASO","TX","79936","(915) 593-0431","","8","","","","","","","","true","31.7544","-106.3134","517.7","tx-hhsc-assisted-living","Texas HHSC Assisted Living Facilities","https://services1.arcgis.com/jI1j5lArZnrgFYSc/ArcGIS/rest/services/Assisted_Living/FeatureServer/0","Texas Health and Human Services Commission"
"tx-hhsc-assisted-living:001140","MARIA C RUVALCABA","001140","assisted_living","Assisted Living","EL PASO","11217 QUINTANA DR","EL PASO","TX","79936","(915) 592-2304","915 592 2304","4","","","","","","","","true","31.7928","-106.3063","517.7","tx-hhsc-assisted-living","Texas HHSC Assisted Living Facilities","https://services1.arcgis.com/jI1j5lArZnrgFYSc/ArcGIS/rest/services/Assisted_Living/FeatureServer/0","Texas Health and Human Services Commission"
"tx-hhsc-assisted-living:104538","THE ETERNAL YOUTH HOME","104538","assisted_living","Assisted Living","EL PASO","2218 MERMAID DR","EL PASO","TX","79936","(915) 249-6079","(915) 633-1994","14","","","","","","","","true","31.7749","-106.3115","517.8","tx-hhsc-assisted-living","Texas HHSC Assisted Living Facilities","https://services1.arcgis.com/jI1j5lArZnrgFYSc/ArcGIS/rest/services/Assisted_Living/FeatureServer/0","Texas Health and Human Services Commission"
"tx-hhsc-assisted-living:010280","LOVING AGE","010280","assisted_living","Assisted Living","EL PASO","2029 ANISE DR","EL PASO","TX","79935","(915) 591-2017","(915) 591-2017","4","","","","","","","","true","31.7704","-106.3243","518.5","tx-hhsc-assisted-living","Texas HHSC Assisted Living Facilities","https://services1.arcgis.com/jI1j5lArZnrgFYSc/ArcGIS/rest/services/Assisted_Living/FeatureServer/0","Texas Health and Human Services Commission"
"tx-hhsc-assisted-living:100626","NUNEZ FOSTER HOME","100626","assisted_living","Assisted Living","EL PASO","10763 LIMAS","EL PASO","TX","79935","(915) 594-9418","","4","","","","","","","","true","31.7756","-106.3244","518.5","tx-hhsc-assisted-living","Texas HHSC Assisted Living Facilities","https://services1.arcgis.com/jI1j5lArZnrgFYSc/ArcGIS/rest/services/Assisted_Living/FeatureServer/0","Texas Health and Human Services Commission"
"tx-hhsc-assisted-living:050473","SCOTTSDALE PERSONAL CARE FACILITY","050473","assisted_living","Assisted Living","EL PASO","3113 FORNEY LN","EL PASO","TX","79935","(915) 260-8789","(915) 260-8789","14","","","","","","","","true","31.7847","-106.3253","518.7","tx-hhsc-assisted-living","Texas HHSC Assisted Living Facilities","https://services1.arcgis.com/jI1j5lArZnrgFYSc/ArcGIS/rest/services/Assisted_Living/FeatureServer/0","Texas Health and Human Services Commission"
"tx-hhsc-assisted-living:106042","ROSEDALE ADULT FOSTER HOME","106042","assisted_living","Assisted Living","EL PASO","3111 EDGEROCK","EL PASO","TX","79935","(915) 540-0805","(915) 540-0805","10","","","","","","","","true","31.7849","-106.3328","519.1","tx-hhsc-assisted-living","Texas HHSC Assisted Living Facilities","https://services1.arcgis.com/jI1j5lArZnrgFYSc/ArcGIS/rest/services/Assisted_Living/FeatureServer/0","Texas Health and Human Services Commission"
"tx-hhsc-assisted-living:050647","MAILLAND FOSTER CARE","050647","assisted_living","Assisted Living","EL PASO","10541 KINROSS","EL PASO","TX","79925","(915) 227-3410","(915) 595-5905","6","","","","","","","","true","31.7901","-106.3344","519.3","tx-hhsc-assisted-living","Texas HHSC Assisted Living Facilities","https://services1.arcgis.com/jI1j5lArZnrgFYSc/ArcGIS/rest/services/Assisted_Living/FeatureServer/0","Texas Health and Human Services Commission"
"tx-hhsc-assisted-living:106683","CASA EVERAY","106683","assisted_living","Assisted Living","EL PASO","10557 JANWAY DR","EL PASO","TX","79925","(915) 588-1727","(915) 594-4992","12","","","","","","","","true","31.7681","-106.3402","519.4","tx-hhsc-assisted-living","Texas HHSC Assisted Living Facilities","https://services1.arcgis.com/jI1j5lArZnrgFYSc/ArcGIS/rest/services/Assisted_Living/FeatureServer/0","Texas Health and Human Services Commission"
"tx-hhsc-assisted-living:105105","CASA EVERAY #3","105105","assisted_living","Assisted Living","EL PASO","10548 JANWAY DR","EL PASO","TX","79925","(915) 588-1727","(915) 594-4992","8","","","","","","","","true","31.7676","-106.3408","519.4","tx-hhsc-assisted-living","Texas HHSC Assisted Living Facilities","https://services1.arcgis.com/jI1j5lArZnrgFYSc/ArcGIS/rest/services/Assisted_Living/FeatureServer/0","Texas Health and Human Services Commission"
"tx-hhsc-assisted-living:106897","LA PAZ ASSISTED LIVING","106897","assisted_living","Assisted Living","EL PASO","10336 SUEWOOD CR.","EL PASO","TX","79925","(915) 449-4872","","7","","","","","","","","true","31.7823","-106.3411","519.6","tx-hhsc-assisted-living","Texas HHSC Assisted Living Facilities","https://services1.arcgis.com/jI1j5lArZnrgFYSc/ArcGIS/rest/services/Assisted_Living/FeatureServer/0","Texas Health and Human Services Commission"
"tx-hhsc-assisted-living:100351","RODRIGUEZ ASSISTED LIVING","100351","assisted_living","Assisted Living","EL PASO","10165 BERMUDA AVE","EL PASO","TX","79925","(915) 598-1727","(915) 592-6707","7","","","","","","","","true","31.7777","-106.346","519.8","tx-hhsc-assisted-living","Texas HHSC Assisted Living Facilities","https://services1.arcgis.com/jI1j5lArZnrgFYSc/ArcGIS/rest/services/Assisted_Living/FeatureServer/0","Texas Health and Human Services Commission"
"tx-hhsc-assisted-living:107243","VILLAS DEL SOL ASSISTED LIVING LLC","107243","assisted_living","Assisted Living","EL PASO","520 EAST RD","EL PASO","TX","79915","(915) 307-2011","(915) 261-7585","75","","","","","","","","true","31.7361","-106.3579","520","tx-hhsc-assisted-living","Texas HHSC Assisted Living Facilities","https://services1.arcgis.com/jI1j5lArZnrgFYSc/ArcGIS/rest/services/Assisted_Living/FeatureServer/0","Texas Health and Human Services Commission"
"tx-hhsc-assisted-living:101674","LOVING CARE ASSISTED LIVING COMMUNITY, INC","101674","assisted_living","Assisted Living","EL PASO","180 C.R. CROOM RD","EL PASO","TX","79915","(915) 778-1112","(915) 772-2291","37","","","","","","","","true","31.7454","-106.3701","520.9","tx-hhsc-assisted-living","Texas HHSC Assisted Living Facilities","https://services1.arcgis.com/jI1j5lArZnrgFYSc/ArcGIS/rest/services/Assisted_Living/FeatureServer/0","Texas Health and Human Services Commission"
"tx-hhsc-assisted-living:106138","CASA DE BELLAMIE ASSISTED LIVING FACILITY","106138","assisted_living","Assisted Living","EL PASO","7235 NORTH LOOP DRIVE","EL PASO","TX","79915","(915) 775-1965","(915) 772-7798","16","","","","","","","","true","31.7536","-106.3779","521.4","tx-hhsc-assisted-living","Texas HHSC Assisted Living Facilities","https://services1.arcgis.com/jI1j5lArZnrgFYSc/ArcGIS/rest/services/Assisted_Living/FeatureServer/0","Texas Health and Human Services Commission"
"tx-hhsc-assisted-living:030193","SIMPATICO CIELO VISTA ASSISTED LIVING AND MEMORY CARE","030193","assisted_living","Assisted Living","EL PASO","7949 SUNMOUNT DR","EL PASO","TX","79925","(915) 772-4036","(915) 755-7191","114","","","","","","","","true","31.7811","-106.3834","522","tx-hhsc-assisted-living","Texas HHSC Assisted Living Facilities","https://services1.arcgis.com/jI1j5lArZnrgFYSc/ArcGIS/rest/services/Assisted_Living/FeatureServer/0","Texas Health and Human Services Commission"
"tx-hhsc-assisted-living:106359","HOGAR ESPERANZA","106359","assisted_living","Assisted Living","EL PASO","6520 NAVAJO","EL PASO","TX","79925","(915) 703-8269","(915) 258-1681","7","","","","","","","","true","31.7851","-106.4005","523.1","tx-hhsc-assisted-living","Texas HHSC Assisted Living Facilities","https://services1.arcgis.com/jI1j5lArZnrgFYSc/ArcGIS/rest/services/Assisted_Living/FeatureServer/0","Texas Health and Human Services Commission"
"tx-hhsc-assisted-living:106265","GOOD LIFE SENIOR LIVING & MEMORY CARE","106265","assisted_living","Assisted Living","EL PASO","10400 RAILROAD DRIVE B","EL PASO","TX","79924","(915) 309-5822","","16","","","","","","","","true","31.918","-106.3774","523.3","tx-hhsc-assisted-living","Texas HHSC Assisted Living Facilities","https://services1.arcgis.com/jI1j5lArZnrgFYSc/ArcGIS/rest/services/Assisted_Living/FeatureServer/0","Texas Health and Human Services Commission"
"tx-hhsc-assisted-living:106225","GOOD LIFE SENIOR LIVING AND MEMORY CARE A","106225","assisted_living","Assisted Living","EL PASO","10400 RAILROAD DRIVE","EL PASO","TX","79924","(915) 309-5822","","16","","","","","","","","true","31.918","-106.3774","523.3","tx-hhsc-assisted-living","Texas HHSC Assisted Living Facilities","https://services1.arcgis.com/jI1j5lArZnrgFYSc/ArcGIS/rest/services/Assisted_Living/FeatureServer/0","Texas Health and Human Services Commission"
"tx-hhsc-assisted-living:100200","LOS ABUELOS ASSISTED LIVING","100200","assisted_living","Assisted Living","EL PASO","8230 MT LATONA DR","EL PASO","TX","79904","(915) 755-1613","(915) 751-8672","15","","","","","","","","true","31.8549","-106.4299","525.6","tx-hhsc-assisted-living","Texas HHSC Assisted Living Facilities","https://services1.arcgis.com/jI1j5lArZnrgFYSc/ArcGIS/rest/services/Assisted_Living/FeatureServer/0","Texas Health and Human Services Commission"
"tx-hhsc-assisted-living:103203","GENESIS HOME CARE","103203","assisted_living","Assisted Living","EL PASO","3607 E YANDELL","EL PASO","TX","79903","(915) 564-0604","","8","","","","","","","","true","31.7819","-106.4504","525.9","tx-hhsc-assisted-living","Texas HHSC Assisted Living Facilities","https://services1.arcgis.com/jI1j5lArZnrgFYSc/ArcGIS/rest/services/Assisted_Living/FeatureServer/0","Texas Health and Human Services Commission"
"tx-hhsc-assisted-living:000778","EDEN NORTH ASSISTED LIVING CENTER","000778","assisted_living","Assisted Living","EL PASO","8961 ANKERSON","EL PASO","TX","79904","(915) 755-8543","(915) 500-5345","16","","","","","","","","true","31.8667","-106.4372","526.1","tx-hhsc-assisted-living","Texas HHSC Assisted Living Facilities","https://services1.arcgis.com/jI1j5lArZnrgFYSc/ArcGIS/rest/services/Assisted_Living/FeatureServer/0","Texas Health and Human Services Commission"
"tx-hhsc-assisted-living:100810","LOS ANOS DORADOS","100810","assisted_living","Assisted Living","EL PASO","10417 PERSEPHONE DR","EL PASO","TX","79924","(915) 821-4429","(915) 249-6727","5","","","","","","","","true","31.9155","-106.4259","526.1","tx-hhsc-assisted-living","Texas HHSC Assisted Living Facilities","https://services1.arcgis.com/jI1j5lArZnrgFYSc/ArcGIS/rest/services/Assisted_Living/FeatureServer/0","Texas Health and Human Services Commission"
"tx-hhsc-assisted-living:103784","SERENITY HOUSE ASSISTED LIVING, INC","103784","assisted_living","Assisted Living","EL PASO","4200 SKYLINE AVE","EL PASO","TX","79904","(915) 751-0300","(915) 751-0315","16","","","","","","","","true","31.8679","-106.4426","526.4","tx-hhsc-assisted-living","Texas HHSC Assisted Living Facilities","https://services1.arcgis.com/jI1j5lArZnrgFYSc/ArcGIS/rest/services/Assisted_Living/FeatureServer/0","Texas Health and Human Services Commission"
"tx-hhsc-assisted-living:030084","ROYAL ESTATES OF EL PASO","030084","assisted_living","Assisted Living","EL PASO","435 S MESA HILLS DR","EL PASO","TX","79912","(915) 833-3332","(915) 833-3346","70","","","","","","","","true","31.8194","-106.5306","531","tx-hhsc-assisted-living","Texas HHSC Assisted Living Facilities","https://services1.arcgis.com/jI1j5lArZnrgFYSc/ArcGIS/rest/services/Assisted_Living/FeatureServer/0","Texas Health and Human Services Commission"
"tx-hhsc-assisted-living:001284","RICCI'S FOSTER HOME","001284","assisted_living","Assisted Living","EL PASO","6621 SOUTHWIND","EL PASO","TX","79912","(915) 584-2048","(915) 584-2048","4","","","","","","","","true","31.8426","-106.5389","531.7","tx-hhsc-assisted-living","Texas HHSC Assisted Living Facilities","https://services1.arcgis.com/jI1j5lArZnrgFYSc/ArcGIS/rest/services/Assisted_Living/FeatureServer/0","Texas Health and Human Services Commission"
"tx-hhsc-assisted-living:101738","PINO REAL ADULT FOSTER HOME","101738","assisted_living","Assisted Living","EL PASO","6724 PINO REAL DR","EL PASO","TX","79912","(915) 584-1247","(915) 832-0083","4","","","","","","","","true","31.8449","-106.5412","531.9","tx-hhsc-assisted-living","Texas HHSC Assisted Living Facilities","https://services1.arcgis.com/jI1j5lArZnrgFYSc/ArcGIS/rest/services/Assisted_Living/FeatureServer/0","Texas Health and Human Services Commission"
"tx-hhsc-assisted-living:050642","GOOD SAMARITAN SOCIETY  WHITE ACRES","050642","assisted_living","Assisted Living","EL PASO","7304 GOOD SAMARITAN CT BLDG 300","EL PASO","TX","79912","(915) 581-4683","(915) 581-5198","76","","","","","","","","true","31.8456","-106.5598","533","tx-hhsc-assisted-living","Texas HHSC Assisted Living Facilities","https://services1.arcgis.com/jI1j5lArZnrgFYSc/ArcGIS/rest/services/Assisted_Living/FeatureServer/0","Texas Health and Human Services Commission"
"tx-hhsc-assisted-living:106827","LEGACY AT CIMARRON","106827","assisted_living","Assisted Living","EL PASO","6201 NORTHERN PASS DR","EL PASO","TX","79911","(915) 706-2320","","110","","","","","","","","true","31.8842","-106.5561","533.2","tx-hhsc-assisted-living","Texas HHSC Assisted Living Facilities","https://services1.arcgis.com/jI1j5lArZnrgFYSc/ArcGIS/rest/services/Assisted_Living/FeatureServer/0","Texas Health and Human Services Commission"
"tx-hhsc-assisted-living:101720","M & L LOVING HANDS","101720","assisted_living","Assisted Living","EL PASO","7308 DESIERTO AZUL DR","EL PASO","TX","79912","(915) 581-4285","(915) 585-7672","7","","","","","","","","true","31.8713","-106.5595","533.2","tx-hhsc-assisted-living","Texas HHSC Assisted Living Facilities","https://services1.arcgis.com/jI1j5lArZnrgFYSc/ArcGIS/rest/services/Assisted_Living/FeatureServer/0","Texas Health and Human Services Commission"
"tx-hhsc-assisted-living:106227","MENTIS NEURO HEALTH","106227","assisted_living","Assisted Living","EL PASO","4360 DONIPHAN DR","EL PASO","TX","79922","(915) 351-4441","(915) 351-3646","24","","","","","","","","true","31.8254","-106.5673","533.2","tx-hhsc-assisted-living","Texas HHSC Assisted Living Facilities","https://services1.arcgis.com/jI1j5lArZnrgFYSc/ArcGIS/rest/services/Assisted_Living/FeatureServer/0","Texas Health and Human Services Commission"
"tx-hhsc-assisted-living:000370","THE BARTLETT REHABILITATION SKILLED CARE AND ASSISTED LIVING","000370","assisted_living","Assisted Living","EL PASO","221 BARTLETT DR","EL PASO","TX","79912","(915) 584-8438","(915) 584-5115","70","","","","","","","","true","31.8422","-106.5676","533.4","tx-hhsc-assisted-living","Texas HHSC Assisted Living Facilities","https://services1.arcgis.com/jI1j5lArZnrgFYSc/ArcGIS/rest/services/Assisted_Living/FeatureServer/0","Texas Health and Human Services Commission"
"tx-hhsc-assisted-living:104658","HARMONY SUN CITY CARE LLC","104658","assisted_living","Assisted Living","EL PASO","801 RUSTY BUCKET CT","EL PASO","TX","79932","915 877 2414","(915) 877-2314","11","","","","","","","","true","31.8926","-106.6158","536.8","tx-hhsc-assisted-living","Texas HHSC Assisted Living Facilities","https://services1.arcgis.com/jI1j5lArZnrgFYSc/ArcGIS/rest/services/Assisted_Living/FeatureServer/0","Texas Health and Human Services Commission"
"tx-hhsc-assisted-living:110337","AGAPE ASSISTED LIVING","110337","assisted_living","Assisted Living","FORT BEND","5111 CASEY ROAD","TX","ROSHARON","77583","(832) 661-8306","(281) 561-9341","12","","","","","","","","true","0","0","6680.2","tx-hhsc-assisted-living","Texas HHSC Assisted Living Facilities","https://services1.arcgis.com/jI1j5lArZnrgFYSc/ArcGIS/rest/services/Assisted_Living/FeatureServer/0","Texas Health and Human Services Commission"
"tx-hhsc-assisted-living:106019","HERITAGE RETREAT ATASCA WOODS","106019","assisted_living","Assisted Living","HARRIS","7105 HOT CREEK TRACE","HUMBLE","TEXAS - TX","77346","(936) 777-5967","(281) 354-1237","10","","","","","","","","true","0","0","6680.2","tx-hhsc-assisted-living","Texas HHSC Assisted Living Facilities","https://services1.arcgis.com/jI1j5lArZnrgFYSc/ArcGIS/rest/services/Assisted_Living/FeatureServer/0","Texas Health and Human Services Commission"
"tx-hhsc-assisted-living:102984","RAFIKIHOMES UCGP LLC","102984","assisted_living","Assisted Living","HARRIS","21050 NORMANDY FOREST DR","SPRING","TEXAS (TX)","77389","(281) 924-7173","(844) 201-0621","6","","","","","","","","true","0","0","6680.2","tx-hhsc-assisted-living","Texas HHSC Assisted Living Facilities","https://services1.arcgis.com/jI1j5lArZnrgFYSc/ArcGIS/rest/services/Assisted_Living/FeatureServer/0","Texas Health and Human Services Commission"
"tx-hhsc-assisted-living:110583","ROYAL OAKS ASSISTED LIVING","110583","assisted_living","Assisted Living","MCCULLOCH","1900 NINE RD","BRADY","TX","76825","(325) 597-1641","","25","","","","","","","","true","0","0","6680.2","tx-hhsc-assisted-living","Texas HHSC Assisted Living Facilities","https://services1.arcgis.com/jI1j5lArZnrgFYSc/ArcGIS/rest/services/Assisted_Living/FeatureServer/0","Texas Health and Human Services Commission"
"tx-hhsc-assisted-living:000643","SILVER CREEK ASSISTED LIVING","000643","assisted_living","Assisted Living","TARRANT","1300 SILVER CREEK AZLE RD","AZLE","TEXAS (TX)","76020","(817) 238-8126","(817) 238-8784","16","","","","","","","","true","0","0","6680.2","tx-hhsc-assisted-living","Texas HHSC Assisted Living Facilities","https://services1.arcgis.com/jI1j5lArZnrgFYSc/ArcGIS/rest/services/Assisted_Living/FeatureServer/0","Texas Health and Human Services Commission"
