facility_key,facility_name,source_facility_id,care_category,program_type,county,address,city,state,zip,phone,fax,capacity,licensee,administrator,facility_status,license_first_date,closed_date,regional_office,source_file_date,is_active,latitude,longitude,distance_miles_from_center,source_id,source_name,source_url,source_owner
"tx-hhsc-assisted-living:000745","BROOKDALE WESTLAKE HILLS","000745","assisted_living","Assisted Living","TRAVIS","1034 LIBERTY PARK DR","AUSTIN","TX","78746","(512) 328-3775","(512) 329-6533","36","","","","","","","","true","30.2675","-97.7876","2.7","tx-hhsc-assisted-living","Texas HHSC Assisted Living Facilities","https://services1.arcgis.com/jI1j5lArZnrgFYSc/ArcGIS/rest/services/Assisted_Living/FeatureServer/0","Texas Health and Human Services Commission"
"tx-hhsc-assisted-living:110472","SOCO VILLAGE","110472","assisted_living","Assisted Living","TRAVIS","3700 PAYLOAD PASS","AUSTIN","TX","78704","512 6531430","","129","","","","","","","","true","30.2232","-97.7552","3.1","tx-hhsc-assisted-living","Texas HHSC Assisted Living Facilities","https://services1.arcgis.com/jI1j5lArZnrgFYSc/ArcGIS/rest/services/Assisted_Living/FeatureServer/0","Texas Health and Human Services Commission"
"tx-hhsc-assisted-living:107288","THE VILLAGE AT THE TRIANGLE","107288","assisted_living","Assisted Living","TRAVIS","4517 TRIANGLE AVENUE","AUSTIN","TX","78751","(512) 323-0933","(512) 489-0956","98","","","","","","","","true","30.3134","-97.7342","3.2","tx-hhsc-assisted-living","Texas HHSC Assisted Living Facilities","https://services1.arcgis.com/jI1j5lArZnrgFYSc/ArcGIS/rest/services/Assisted_Living/FeatureServer/0","Texas Health and Human Services Commission"
"tx-hhsc-assisted-living:105071","WESTMINSTER MANOR ASSISTED LIVING","105071","assisted_living","Assisted Living","TRAVIS","4200 JACKSON AVENUE","AUSTIN","TX","78731","(512) 454-2140","(512) 454-5713","37","","","","","","","","true","30.3154","-97.7552","3.4","tx-hhsc-assisted-living","Texas HHSC Assisted Living Facilities","https://services1.arcgis.com/jI1j5lArZnrgFYSc/ArcGIS/rest/services/Assisted_Living/FeatureServer/0","Texas Health and Human Services Commission"
"tx-hhsc-assisted-living:050404","HOME OF SOUTHERN HOSPITALITY LLC","050404","assisted_living","Assisted Living","TRAVIS","5000 SHOALWOOD AVE","AUSTIN","TX","78756","(512) 451-8400","(512) 451-7972","15","","","","","","","","true","30.3229","-97.743","3.8","tx-hhsc-assisted-living","Texas HHSC Assisted Living Facilities","https://services1.arcgis.com/jI1j5lArZnrgFYSc/ArcGIS/rest/services/Assisted_Living/FeatureServer/0","Texas Health and Human Services Commission"
"tx-hhsc-assisted-living:105870","BELMONT VILLAGE WEST LAKE HILLS TENANT LLC","105870","assisted_living","Assisted Living","TRAVIS","4310 BEE CAVE ROAD","WEST LAKE HILLS","TX","78746","(512) 347-1700","(512) 347-1701","183","","","","","","","","true","30.2875","-97.8129","4.4","tx-hhsc-assisted-living","Texas HHSC Assisted Living Facilities","https://services1.arcgis.com/jI1j5lArZnrgFYSc/ArcGIS/rest/services/Assisted_Living/FeatureServer/0","Texas Health and Human Services Commission"
"tx-hhsc-assisted-living:030416","BROOKDALE GAINES RANCH","030416","assisted_living","Assisted Living","TRAVIS","4409 GAINES RANCH LOOP","AUSTIN","TX","78735","(512) 721-3100","(512) 899-1711","58","","","","","","","","true","30.2417","-97.8166","4.7","tx-hhsc-assisted-living","Texas HHSC Assisted Living Facilities","https://services1.arcgis.com/jI1j5lArZnrgFYSc/ArcGIS/rest/services/Assisted_Living/FeatureServer/0","Texas Health and Human Services Commission"
"tx-hhsc-assisted-living:000785","PARSONS HOUSE AUSTIN","000785","assisted_living","Assisted Living","TRAVIS","1130 CAMINO LA COSTA","AUSTIN","TX","78752","(512) 454-0524","(512) 454-5502","120","","","","","","","","true","30.3246","-97.6964","4.8","tx-hhsc-assisted-living","Texas HHSC Assisted Living Facilities","https://services1.arcgis.com/jI1j5lArZnrgFYSc/ArcGIS/rest/services/Assisted_Living/FeatureServer/0","Texas Health and Human Services Commission"
"tx-hhsc-assisted-living:050750","BROOKDALE NORTHWEST HILLS","050750","assisted_living","Assisted Living","TRAVIS","5715 MESA DR","AUSTIN","TX","78731","(512) 454-5900","(512) 652-0004","240","","","","","","","","true","30.3415","-97.7695","5.4","tx-hhsc-assisted-living","Texas HHSC Assisted Living Facilities","https://services1.arcgis.com/jI1j5lArZnrgFYSc/ArcGIS/rest/services/Assisted_Living/FeatureServer/0","Texas Health and Human Services Commission"
"tx-hhsc-assisted-living:100114","SODALIS AUSTIN","100114","assisted_living","Assisted Living","TRAVIS","7017 MENCHACA RD","AUSTIN","TX","78745","(512) 916-4095","(512) 916-9239","133","","","","","","","","true","30.201","-97.807","6","tx-hhsc-assisted-living","Texas HHSC Assisted Living Facilities","https://services1.arcgis.com/jI1j5lArZnrgFYSc/ArcGIS/rest/services/Assisted_Living/FeatureServer/0","Texas Health and Human Services Commission"
"tx-hhsc-assisted-living:110292","NEURORESTORATIVE TEXAS","110292","assisted_living","Assisted Living","TRAVIS","8600 CROSS PARK DR.","AUSTIN","TX","78754","(512) 648-8276","","12","","","","","","","","true","30.341","-97.6778","6.4","tx-hhsc-assisted-living","Texas HHSC Assisted Living Facilities","https://services1.arcgis.com/jI1j5lArZnrgFYSc/ArcGIS/rest/services/Assisted_Living/FeatureServer/0","Texas Health and Human Services Commission"
"tx-hhsc-assisted-living:100331","TEXAS NEURO REHAB CENTER","100331","assisted_living","Assisted Living","TRAVIS","1106 W DITTMAR RD","AUSTIN","TX","78745","(512) 444-4835","(512) 462-6709","8","","","","","","","","true","30.189","-97.8058","6.6","tx-hhsc-assisted-living","Texas HHSC Assisted Living Facilities","https://services1.arcgis.com/jI1j5lArZnrgFYSc/ArcGIS/rest/services/Assisted_Living/FeatureServer/0","Texas Health and Human Services Commission"
"tx-hhsc-assisted-living:110425","TEXAS NEUROREHAB CENTER","110425","assisted_living","Assisted Living","TRAVIS","1106 W. DITTMAR ROAD","AUSTIN","TX","78745","(512) 444-4835","(512) 462-6709","14","","","","","","","","true","30.189","-97.8058","6.6","tx-hhsc-assisted-living","Texas HHSC Assisted Living Facilities","https://services1.arcgis.com/jI1j5lArZnrgFYSc/ArcGIS/rest/services/Assisted_Living/FeatureServer/0","Texas Health and Human Services Commission"
"tx-hhsc-assisted-living:010266","THE COLLINFIELD HOUSE","010266","assisted_living","Assisted Living","TRAVIS","9205 COLLINFIELD DR","AUSTIN","TX","78758","(512) 619-4366","512 3584851","8","","","","","","","","true","30.3642","-97.702","7.1","tx-hhsc-assisted-living","Texas HHSC Assisted Living Facilities","https://services1.arcgis.com/jI1j5lArZnrgFYSc/ArcGIS/rest/services/Assisted_Living/FeatureServer/0","Texas Health and Human Services Commission"
"tx-hhsc-assisted-living:000958","JUNIPER VILLAGE AT SPICEWOOD SUMMIT","000958","assisted_living","Assisted Living","TRAVIS","4401 SPICEWOOD SPRINGS RD","AUSTIN","TX","78759","(512) 418-8822","(512) 418-8825","109","","","","","","","","true","30.3719","-97.7591","7.3","tx-hhsc-assisted-living","Texas HHSC Assisted Living Facilities","https://services1.arcgis.com/jI1j5lArZnrgFYSc/ArcGIS/rest/services/Assisted_Living/FeatureServer/0","Texas Health and Human Services Commission"
"tx-hhsc-assisted-living:110749","THE RESERVE AT LAKE AUSTIN","110749","assisted_living","Assisted Living","TRAVIS","6401 RR 2222","AUSTIN","TX","78730","(512) 961-7789","","156","","","","","","","","true","30.3654","-97.7973","7.5","tx-hhsc-assisted-living","Texas HHSC Assisted Living Facilities","https://services1.arcgis.com/jI1j5lArZnrgFYSc/ArcGIS/rest/services/Assisted_Living/FeatureServer/0","Texas Health and Human Services Commission"
"tx-hhsc-assisted-living:106662","THE WATERMARK AT SOUTHPARK MEADOWS","106662","assisted_living","Assisted Living","TRAVIS","9320 ALICE MAE LANE","AUSTIN","TX","78748","(512) 222-3224","(512) 649-1514","122","","","","","","","","true","30.1664","-97.7939","7.6","tx-hhsc-assisted-living","Texas HHSC Assisted Living Facilities","https://services1.arcgis.com/jI1j5lArZnrgFYSc/ArcGIS/rest/services/Assisted_Living/FeatureServer/0","Texas Health and Human Services Commission"
"tx-hhsc-assisted-living:103118","QUERENCIA AT BARTON CREEK","103118","assisted_living","Assisted Living","TRAVIS","2500 BARTON CREEK BOULEVARD","AUSTIN","TX","78735","(512) 610-9400","(512) 610-9427","73","","","","","","","","true","30.2901","-97.8688","7.7","tx-hhsc-assisted-living","Texas HHSC Assisted Living Facilities","https://services1.arcgis.com/jI1j5lArZnrgFYSc/ArcGIS/rest/services/Assisted_Living/FeatureServer/0","Texas Health and Human Services Commission"
"tx-hhsc-assisted-living:010282","BROOKDALE BECKETT MEADOWS","010282","assisted_living","Assisted Living","TRAVIS","7709 BECKETT RD","AUSTIN","TX","78749","(512) 891-9544","(512) 892-8980","95","","","","","","","","true","30.2176","-97.8603","7.8","tx-hhsc-assisted-living","Texas HHSC Assisted Living Facilities","https://services1.arcgis.com/jI1j5lArZnrgFYSc/ArcGIS/rest/services/Assisted_Living/FeatureServer/0","Texas Health and Human Services Commission"
"tx-hhsc-assisted-living:106821","SILVERADO BARTON SPRINGS","106821","assisted_living","Assisted Living","TRAVIS","5200A DAVIS LANE","AUSTIN","TX","78749","(512) 301-8747","(512) 717-0329","56","","","","","","","","true","30.2089","-97.8623","8.2","tx-hhsc-assisted-living","Texas HHSC Assisted Living Facilities","https://services1.arcgis.com/jI1j5lArZnrgFYSc/ArcGIS/rest/services/Assisted_Living/FeatureServer/0","Texas Health and Human Services Commission"
"tx-hhsc-assisted-living:107111","SILVERLEAF ELDERCARE AT THE ARBORETUM","107111","assisted_living","Assisted Living","TRAVIS","9004 WILDRIDGE DR","AUSTIN","TX","78759","(512) 831-5600","","12","","","","","","","","true","30.3872","-97.7507","8.3","tx-hhsc-assisted-living","Texas HHSC Assisted Living Facilities","https://services1.arcgis.com/jI1j5lArZnrgFYSc/ArcGIS/rest/services/Assisted_Living/FeatureServer/0","Texas Health and Human Services Commission"
"tx-hhsc-assisted-living:106179","LIVE OAK ESTATES","106179","assisted_living","Assisted Living","TRAVIS","10212 ENGLISH OAK DR.","AUSTIN","TX","78748","(512) 551-9331","(512) 861-5799","9","","","","","","","","true","30.1564","-97.8012","8.4","tx-hhsc-assisted-living","Texas HHSC Assisted Living Facilities","https://services1.arcgis.com/jI1j5lArZnrgFYSc/ArcGIS/rest/services/Assisted_Living/FeatureServer/0","Texas Health and Human Services Commission"
"tx-hhsc-assisted-living:000417","MARILYN M CAMPBELL CENTER","000417","assisted_living","Assisted Living","TRAVIS","11110 TOM ADAMS DR","AUSTIN","TX","78753","(512) 836-1515","(512) 836-1951","80","","","","","","","","true","30.3723","-97.6713","8.4","tx-hhsc-assisted-living","Texas HHSC Assisted Living Facilities","https://services1.arcgis.com/jI1j5lArZnrgFYSc/ArcGIS/rest/services/Assisted_Living/FeatureServer/0","Texas Health and Human Services Commission"
"tx-hhsc-assisted-living:107237","ACCESSION ESTATES ASSISTED LIVING HOMES","107237","assisted_living","Assisted Living","TRAVIS","10301 ENGLISH OAK DRIVE","AUSTIN","TX","78748","(512) 800-7405","(512) 800-7617","10","","","","","","","","true","30.1552","-97.8008","8.5","tx-hhsc-assisted-living","Texas HHSC Assisted Living Facilities","https://services1.arcgis.com/jI1j5lArZnrgFYSc/ArcGIS/rest/services/Assisted_Living/FeatureServer/0","Texas Health and Human Services Commission"
"tx-hhsc-assisted-living:103370","SOUTH AUSTIN ASSISTED LIVING INC","103370","assisted_living","Assisted Living","TRAVIS","4601 CHESNEY RIDGE DR","AUSTIN","TX","78749","(512) 436-8004","(512) 436-8004","6","","","","","","","","true","30.196","-97.8612","8.6","tx-hhsc-assisted-living","Texas HHSC Assisted Living Facilities","https://services1.arcgis.com/jI1j5lArZnrgFYSc/ArcGIS/rest/services/Assisted_Living/FeatureServer/0","Texas Health and Human Services Commission"
"tx-hhsc-assisted-living:106219","THE CROSSING AT OAK HILL ASSISTED LIVING & MEMORY CARE","106219","assisted_living","Assisted Living","TRAVIS","7501 W HWY 290","AUSTIN","TX","78736","(512) 288-8300","(512) 767-1844","122","","","","","","","","true","30.2285","-97.8806","8.6","tx-hhsc-assisted-living","Texas HHSC Assisted Living Facilities","https://services1.arcgis.com/jI1j5lArZnrgFYSc/ArcGIS/rest/services/Assisted_Living/FeatureServer/0","Texas Health and Human Services Commission"
"tx-hhsc-assisted-living:106824","THREE RIVERS ASSISTED LIVING  HUNTERS LANE","106824","assisted_living","Assisted Living","TRAVIS","11300 HUNTERS LANE & 11302","AUSTIN","TX","78753","(512) 900-3306","","12","","","","","","","","true","30.3787","-97.6772","8.6","tx-hhsc-assisted-living","Texas HHSC Assisted Living Facilities","https://services1.arcgis.com/jI1j5lArZnrgFYSc/ArcGIS/rest/services/Assisted_Living/FeatureServer/0","Texas Health and Human Services Commission"
"tx-hhsc-assisted-living:105080","SOUTH AUSTIN ASSISTED LIVING INC","105080","assisted_living","Assisted Living","TRAVIS","4816 CHESNEY RIDGE DR","AUSTIN","TX","78749","(512) 243-8476","(512) 436-8004","6","","","","","","","","true","30.1978","-97.8637","8.7","tx-hhsc-assisted-living","Texas HHSC Assisted Living Facilities","https://services1.arcgis.com/jI1j5lArZnrgFYSc/ArcGIS/rest/services/Assisted_Living/FeatureServer/0","Texas Health and Human Services Commission"
"tx-hhsc-assisted-living:105478","THE AUBERGE AT ONION CREEK  A MEMORY CARE COMMUNITY","105478","assisted_living","Assisted Living","TRAVIS","11330 FARRAH LANE","AUSTIN","TX","78748","512 2802030","","92","","","","","","","","true","30.1403","-97.8021","9.4","tx-hhsc-assisted-living","Texas HHSC Assisted Living Facilities","https://services1.arcgis.com/jI1j5lArZnrgFYSc/ArcGIS/rest/services/Assisted_Living/FeatureServer/0","Texas Health and Human Services Commission"
"tx-hhsc-assisted-living:106216","VILLAGE ON THE PARKONION CREEK","106216","assisted_living","Assisted Living","TRAVIS","11300 FARRAH LANE BLDG 6","AUSTIN","TX","78748","(512) 280-5500","(281) 996-1141","38","","","","","","","","true","30.1415","-97.8011","9.4","tx-hhsc-assisted-living","Texas HHSC Assisted Living Facilities","https://services1.arcgis.com/jI1j5lArZnrgFYSc/ArcGIS/rest/services/Assisted_Living/FeatureServer/0","Texas Health and Human Services Commission"
"tx-hhsc-assisted-living:110291","MARAVILLA AT THE DOMAIN","110291","assisted_living","Assisted Living","TRAVIS","11001 AUSTIN LANE","AUSTIN","TX","78758","(512) 598-4100","","108","","","","","","","","true","30.4046","-97.7189","9.6","tx-hhsc-assisted-living","Texas HHSC Assisted Living Facilities","https://services1.arcgis.com/jI1j5lArZnrgFYSc/ArcGIS/rest/services/Assisted_Living/FeatureServer/0","Texas Health and Human Services Commission"
"tx-hhsc-assisted-living:103390","LIVE OAK DRIVE","103390","assisted_living","Assisted Living","TRAVIS","11611 CIRCLE DR","SAN LEANNA","TX","78748","(512) 906-0377","(512) 373-8838","13","","","","","","","","true","30.1431","-97.8177","9.7","tx-hhsc-assisted-living","Texas HHSC Assisted Living Facilities","https://services1.arcgis.com/jI1j5lArZnrgFYSc/ArcGIS/rest/services/Assisted_Living/FeatureServer/0","Texas Health and Human Services Commission"
"tx-hhsc-assisted-living:102254","SHADY HOLLOW II ASSISTED LIVING","102254","assisted_living","Assisted Living","TRAVIS","11303 ALOYSIA DR","AUSTIN","TX","78748","(512) 292-4796","(512) 292-4796","5","","","","","","","","true","30.1667","-97.8576","9.7","tx-hhsc-assisted-living","Texas HHSC Assisted Living Facilities","https://services1.arcgis.com/jI1j5lArZnrgFYSc/ArcGIS/rest/services/Assisted_Living/FeatureServer/0","Texas Health and Human Services Commission"
"tx-hhsc-assisted-living:101766","SHADY HOLLOW ASSISTED LIVING","101766","assisted_living","Assisted Living","TRAVIS","11315 MENODORA DR","AUSTIN","TX","78748","(512) 280-8861","(512) 292-4796","5","","","","","","","","true","30.1651","-97.8569","9.8","tx-hhsc-assisted-living","Texas HHSC Assisted Living Facilities","https://services1.arcgis.com/jI1j5lArZnrgFYSc/ArcGIS/rest/services/Assisted_Living/FeatureServer/0","Texas Health and Human Services Commission"
"tx-hhsc-assisted-living:000733","RENAISSANCE  AUSTIN","000733","assisted_living","Assisted Living","TRAVIS","11279 TAYLOR DRAPER LANE","AUSTIN","TX","78759-3953","(512) 338-0995","(512) 794-8687","44","","","","","","","","true","30.4117","-97.7532","10","tx-hhsc-assisted-living","Texas HHSC Assisted Living Facilities","https://services1.arcgis.com/jI1j5lArZnrgFYSc/ArcGIS/rest/services/Assisted_Living/FeatureServer/0","Texas Health and Human Services Commission"
"tx-hhsc-assisted-living:107005","TECH RIDGE OAKS ASSISTED LIVING AND MEMORY CARE","107005","assisted_living","Assisted Living","TRAVIS","400 E YAGER LANE","AUSTIN","TX","78753","(512) 339-9700","","131","","","","","","","","true","30.3973","-97.6656","10.1","tx-hhsc-assisted-living","Texas HHSC Assisted Living Facilities","https://services1.arcgis.com/jI1j5lArZnrgFYSc/ArcGIS/rest/services/Assisted_Living/FeatureServer/0","Texas Health and Human Services Commission"
"tx-hhsc-assisted-living:104789","LIVE OAK WEST","104789","assisted_living","Assisted Living","TRAVIS","3123 SUNLAND DR","AUSTIN","TX","78748","(512) 351-9446","(512) 916-8623","10","","","","","","","","true","30.1583","-97.8578","10.2","tx-hhsc-assisted-living","Texas HHSC Assisted Living Facilities","https://services1.arcgis.com/jI1j5lArZnrgFYSc/ArcGIS/rest/services/Assisted_Living/FeatureServer/0","Texas Health and Human Services Commission"
"tx-hhsc-assisted-living:030176","PARMER WOODS AT NORTH AUSTIN","030176","assisted_living","Assisted Living","TRAVIS","12429 SCOFIELD FARMS DRIVE","AUSTIN","TX","78758","(512) 835-9080","(512) 410-2688","36","","","","","","","","true","30.4101","-97.6866","10.4","tx-hhsc-assisted-living","Texas HHSC Assisted Living Facilities","https://services1.arcgis.com/jI1j5lArZnrgFYSc/ArcGIS/rest/services/Assisted_Living/FeatureServer/0","Texas Health and Human Services Commission"
"tx-hhsc-assisted-living:030175","PARMER WOODS AT NORTH AUSTIN","030175","assisted_living","Assisted Living","TRAVIS","12429 SCOFIELD FARMS DRIVE","AUSTIN","TX","78758","(512) 835-1316","(512) 410-2688","112","","","","","","","","true","30.4101","-97.6866","10.4","tx-hhsc-assisted-living","Texas HHSC Assisted Living Facilities","https://services1.arcgis.com/jI1j5lArZnrgFYSc/ArcGIS/rest/services/Assisted_Living/FeatureServer/0","Texas Health and Human Services Commission"
"tx-hhsc-assisted-living:010257","AUSTIN SENIOR CARE","010257","assisted_living","Assisted Living","TRAVIS","1414 CARDINAL HILL DR","AUSTIN","TX","78758","(512) 853-9503","(512) 692-7648","6","","","","","","","","true","30.41","-97.6849","10.5","tx-hhsc-assisted-living","Texas HHSC Assisted Living Facilities","https://services1.arcgis.com/jI1j5lArZnrgFYSc/ArcGIS/rest/services/Assisted_Living/FeatureServer/0","Texas Health and Human Services Commission"
"tx-hhsc-assisted-living:000948","BROOKDALE NORTH AUSTIN","000948","assisted_living","Assisted Living","TRAVIS","5310 DUVAL RD","AUSTIN","TX","78727","(512) 418-8228","(512) 418-9211","112","","","","","","","","true","30.4191","-97.7441","10.5","tx-hhsc-assisted-living","Texas HHSC Assisted Living Facilities","https://services1.arcgis.com/jI1j5lArZnrgFYSc/ArcGIS/rest/services/Assisted_Living/FeatureServer/0","Texas Health and Human Services Commission"
"tx-hhsc-assisted-living:000482","COLONIAL GARDENS OF AUSTIN A1","000482","assisted_living","Assisted Living","TRAVIS","3700 ADELPHI LN","AUSTIN","TX","78727","(512) 833-0114","(512) 833-3235","32","","","","","","","","true","30.4217","-97.7145","10.8","tx-hhsc-assisted-living","Texas HHSC Assisted Living Facilities","https://services1.arcgis.com/jI1j5lArZnrgFYSc/ArcGIS/rest/services/Assisted_Living/FeatureServer/0","Texas Health and Human Services Commission"
"tx-hhsc-assisted-living:030112","COLONIAL GARDENS OF AUSTIN A2","030112","assisted_living","Assisted Living","TRAVIS","3706 ADELPHI LN","AUSTIN","TX","78727","(512) 833-0114","(512) 833-3235","32","","","","","","","","true","30.4219","-97.715","10.8","tx-hhsc-assisted-living","Texas HHSC Assisted Living Facilities","https://services1.arcgis.com/jI1j5lArZnrgFYSc/ArcGIS/rest/services/Assisted_Living/FeatureServer/0","Texas Health and Human Services Commission"
"tx-hhsc-assisted-living:104336","PAVILION AT GREAT HILLS","104336","assisted_living","Assisted Living","TRAVIS","11819 PAVILION BLVD","AUSTIN","TX","78759","(512) 249-0500","(512) 249-0567","35","","","","","","","","true","30.424","-97.7551","10.9","tx-hhsc-assisted-living","Texas HHSC Assisted Living Facilities","https://services1.arcgis.com/jI1j5lArZnrgFYSc/ArcGIS/rest/services/Assisted_Living/FeatureServer/0","Texas Health and Human Services Commission"
"tx-hhsc-assisted-living:104337","THE PAVILION AT GREAT HILLS","104337","assisted_living","Assisted Living","TRAVIS","11819 PAVILION BLVD","AUSTIN","TX","78759","(512) 249-0500","(512) 249-0567","130","","","","","","","","true","30.424","-97.7551","10.9","tx-hhsc-assisted-living","Texas HHSC Assisted Living Facilities","https://services1.arcgis.com/jI1j5lArZnrgFYSc/ArcGIS/rest/services/Assisted_Living/FeatureServer/0","Texas Health and Human Services Commission"
"tx-hhsc-assisted-living:100279","GRACE HOUSE ASSISTED LIVING","100279","assisted_living","Assisted Living","TRAVIS","11825 BEE CAVE RD","AUSTIN","TX","78738","(512) 402-0968","(512) 402-0950","16","","","","","","","","true","30.3081","-97.9215","11","tx-hhsc-assisted-living","Texas HHSC Assisted Living Facilities","https://services1.arcgis.com/jI1j5lArZnrgFYSc/ArcGIS/rest/services/Assisted_Living/FeatureServer/0","Texas Health and Human Services Commission"
"tx-hhsc-assisted-living:100113","GRACE HOUSE ASSISTED LIVING","100113","assisted_living","Assisted Living","TRAVIS","11825 BEE CAVE RD","AUSTIN","TX","78738","(512) 402-0968","(512) 402-0950","16","","","","","","","","true","30.3081","-97.9215","11","tx-hhsc-assisted-living","Texas HHSC Assisted Living Facilities","https://services1.arcgis.com/jI1j5lArZnrgFYSc/ArcGIS/rest/services/Assisted_Living/FeatureServer/0","Texas Health and Human Services Commission"
"tx-hhsc-assisted-living:000377","BROOKSIDE FARM","000377","assisted_living","Assisted Living","TRAVIS","2213 E HOWARD LN","MANOR","TX","78653","(512) 251-6997","(512) 251-7003","10","","","","","","","","true","30.3975","-97.634","11.1","tx-hhsc-assisted-living","Texas HHSC Assisted Living Facilities","https://services1.arcgis.com/jI1j5lArZnrgFYSc/ArcGIS/rest/services/Assisted_Living/FeatureServer/0","Texas Health and Human Services Commission"
"tx-hhsc-assisted-living:000706","MABEE VILLAGE AT MARBRIDGE","000706","assisted_living","Assisted Living","TRAVIS","2310 BLISS SPILLAR RD","MANCHACA","TX","78652","(512) 282-3163","(512) 282-5279","96","","","","","","","","true","30.1369","-97.856","11.2","tx-hhsc-assisted-living","Texas HHSC Assisted Living Facilities","https://services1.arcgis.com/jI1j5lArZnrgFYSc/ArcGIS/rest/services/Assisted_Living/FeatureServer/0","Texas Health and Human Services Commission"
"tx-hhsc-assisted-living:000520","MARBRIDGE RANCH","000520","assisted_living","Assisted Living","TRAVIS","2310 BLISS SPILLAR RD","MANCHACA","TX","78652","(512) 282-1144","(512) 282-3723","99","","","","","","","","true","30.1369","-97.856","11.2","tx-hhsc-assisted-living","Texas HHSC Assisted Living Facilities","https://services1.arcgis.com/jI1j5lArZnrgFYSc/ArcGIS/rest/services/Assisted_Living/FeatureServer/0","Texas Health and Human Services Commission"
"tx-hhsc-assisted-living:103952","LONGHORN VILLAGE","103952","assisted_living","Assisted Living","TRAVIS","12001 LONGHORN PARKWAY","AUSTIN","TX","78732","(512) 266-5600","(512) 628-6170","40","","","","","","","","true","30.3508","-97.9116","11.6","tx-hhsc-assisted-living","Texas HHSC Assisted Living Facilities","https://services1.arcgis.com/jI1j5lArZnrgFYSc/ArcGIS/rest/services/Assisted_Living/FeatureServer/0","Texas Health and Human Services Commission"
"tx-hhsc-assisted-living:104169","LONGHORN VILLAGE","104169","assisted_living","Assisted Living","TRAVIS","12001 LONGHORN PARKWAY","AUSTIN","TX","78732","(512) 266-5600","(512) 628-6170","16","","","","","","","","true","30.3508","-97.9116","11.6","tx-hhsc-assisted-living","Texas HHSC Assisted Living Facilities","https://services1.arcgis.com/jI1j5lArZnrgFYSc/ArcGIS/rest/services/Assisted_Living/FeatureServer/0","Texas Health and Human Services Commission"
"tx-hhsc-assisted-living:100262","ARDEN COURTS AUSTIN","100262","assisted_living","Assisted Living","TRAVIS","11630 FOUR IRON DR","AUSTIN","TX","78750","(512) 918-2800","(512) 918-2862","60","","","","","","","","true","30.433","-97.7795","11.7","tx-hhsc-assisted-living","Texas HHSC Assisted Living Facilities","https://services1.arcgis.com/jI1j5lArZnrgFYSc/ArcGIS/rest/services/Assisted_Living/FeatureServer/0","Texas Health and Human Services Commission"
"tx-hhsc-assisted-living:110596","LONGLEAF BEE CAVE","110596","assisted_living","Assisted Living","TRAVIS","3936 SOUTH FM 620 RD.","BEE CAVE","TX","78738","(512) 877-5323","","120","","","","","","","","true","30.3116","-97.9465","12.5","tx-hhsc-assisted-living","Texas HHSC Assisted Living Facilities","https://services1.arcgis.com/jI1j5lArZnrgFYSc/ArcGIS/rest/services/Assisted_Living/FeatureServer/0","Texas Health and Human Services Commission"
"tx-hhsc-assisted-living:106074","PECAN RIDGE MEMORY CARE","106074","assisted_living","Assisted Living","TRAVIS","10025 ANDERSON MILL RD","AUSTIN","TX","78750","(512) 487-5243","(512) 487-5972","50","","","","","","","","true","30.4465","-97.8005","12.9","tx-hhsc-assisted-living","Texas HHSC Assisted Living Facilities","https://services1.arcgis.com/jI1j5lArZnrgFYSc/ArcGIS/rest/services/Assisted_Living/FeatureServer/0","Texas Health and Human Services Commission"
"tx-hhsc-assisted-living:110681","SPRINGS OF AUSTIN MEMORY CARE","110681","assisted_living","Assisted Living","TRAVIS","1020 E. WELLS BRANCH PARKWAY, BUILDING 2","PFLUGERVILLE","TX","78660","(512) 626-1212","","16","","","","","","","","true","30.4296","-97.636","12.9","tx-hhsc-assisted-living","Texas HHSC Assisted Living Facilities","https://services1.arcgis.com/jI1j5lArZnrgFYSc/ArcGIS/rest/services/Assisted_Living/FeatureServer/0","Texas Health and Human Services Commission"
"tx-hhsc-assisted-living:110779","THE SPRINGS OF AUSTIN ASSISTED LIVING","110779","assisted_living","Assisted Living","TRAVIS","1020 E. WELLS BRANCH PARKWAY, BUILDING 1","PFLUGERVILLE","TX","78660","(512) 626-1212","","16","","","","","","","","true","30.4295","-97.6366","12.9","tx-hhsc-assisted-living","Texas HHSC Assisted Living Facilities","https://services1.arcgis.com/jI1j5lArZnrgFYSc/ArcGIS/rest/services/Assisted_Living/FeatureServer/0","Texas Health and Human Services Commission"
"tx-hhsc-assisted-living:104144","FAMILY TREE ASSISTED LIVING LLC","104144","assisted_living","Assisted Living","TRAVIS","15309 DELAHUNTY","PFLUGERVILLE","TX","78660","(512) 721-5352","(512) 251-1811","11","","","","","","","","true","30.441","-97.6503","13.2","tx-hhsc-assisted-living","Texas HHSC Assisted Living Facilities","https://services1.arcgis.com/jI1j5lArZnrgFYSc/ArcGIS/rest/services/Assisted_Living/FeatureServer/0","Texas Health and Human Services Commission"
"tx-hhsc-assisted-living:110718","MILLHOUSE ASSISTED LIVING","110718","assisted_living","Assisted Living","TRAVIS","11005 ANDERSON MILL RD","AUSTIN","TX","78750","(512) 731-3633","","8","","","","","","","","true","30.4493","-97.8161","13.3","tx-hhsc-assisted-living","Texas HHSC Assisted Living Facilities","https://services1.arcgis.com/jI1j5lArZnrgFYSc/ArcGIS/rest/services/Assisted_Living/FeatureServer/0","Texas Health and Human Services Commission"
"tx-hhsc-assisted-living:110647","NORTH AUSTIN SENIOR LIVING, LLC","110647","assisted_living","Assisted Living","TRAVIS","728 STANSTED MANOR DR","PFLUGERVILLE","TX","78660","","(512) 712-4757","10","","","","","","","","true","30.4297","-97.6162","13.5","tx-hhsc-assisted-living","Texas HHSC Assisted Living Facilities","https://services1.arcgis.com/jI1j5lArZnrgFYSc/ArcGIS/rest/services/Assisted_Living/FeatureServer/0","Texas Health and Human Services Commission"
"tx-hhsc-assisted-living:110310","BUDA OAKS ASSISTED LIVING AND MEMORY CARE","110310","assisted_living","Assisted Living","HAYS","1250 CABELAS DRIVE","BUDA","TX","78610","(512) 906-2225","","132","","","","","","","","true","30.0851","-97.8274","13.6","tx-hhsc-assisted-living","Texas HHSC Assisted Living Facilities","https://services1.arcgis.com/jI1j5lArZnrgFYSc/ArcGIS/rest/services/Assisted_Living/FeatureServer/0","Texas Health and Human Services Commission"
"tx-hhsc-assisted-living:030159","RUBY'S HOME AT ANDERSON MILL LLC","030159","assisted_living","Assisted Living","WILLIAMSON","11009 EL SALIDO PKWY","AUSTIN","TX","78750","(512) 550-1767","(512) 250-1853","10","","","","","","","","true","30.4543","-97.8125","13.6","tx-hhsc-assisted-living","Texas HHSC Assisted Living Facilities","https://services1.arcgis.com/jI1j5lArZnrgFYSc/ArcGIS/rest/services/Assisted_Living/FeatureServer/0","Texas Health and Human Services Commission"
"tx-hhsc-assisted-living:105945","THE AUBERGE AT BEE CAVE  A MEMORY CARE COMMUNITY","105945","assisted_living","Assisted Living","TRAVIS","14058 A BEE CAVE PARKWAY","BEE CAVE","TX","78738","512 2632544","512 2632944","92","","","","","","","","true","30.3124","-97.9643","13.6","tx-hhsc-assisted-living","Texas HHSC Assisted Living Facilities","https://services1.arcgis.com/jI1j5lArZnrgFYSc/ArcGIS/rest/services/Assisted_Living/FeatureServer/0","Texas Health and Human Services Commission"
"tx-hhsc-assisted-living:100306","WELLS POINT LODGE","100306","assisted_living","Assisted Living","TRAVIS","401 SOUTH HEATHERWILDE BLVD","PFLUGERVILLE","TX","78660","(512) 251-1640","(512) 251-1642","40","","","","","","","","true","30.4439","-97.6412","13.6","tx-hhsc-assisted-living","Texas HHSC Assisted Living Facilities","https://services1.arcgis.com/jI1j5lArZnrgFYSc/ArcGIS/rest/services/Assisted_Living/FeatureServer/0","Texas Health and Human Services Commission"
"tx-hhsc-assisted-living:000896","WELLS POINT LODGE","000896","assisted_living","Assisted Living","TRAVIS","401 SOUTH HEATHERWILDE BLVD","PFLUGERVILLE","TX","78660","(512) 251-1640","(512) 251-1642","20","","","","","","","","true","30.4439","-97.6412","13.6","tx-hhsc-assisted-living","Texas HHSC Assisted Living Facilities","https://services1.arcgis.com/jI1j5lArZnrgFYSc/ArcGIS/rest/services/Assisted_Living/FeatureServer/0","Texas Health and Human Services Commission"
"tx-hhsc-assisted-living:103685","PROVIDENT MEMORY CARE CENTER DBA SODALIS DRIPPING SPRINGS","103685","assisted_living","Assisted Living","TRAVIS","11013 SIGNAL HILL DR","AUSTIN","TX","78737","(512) 637-5400","(512) 637-5404","22","","","","","","","","true","30.211","-97.9663","13.9","tx-hhsc-assisted-living","Texas HHSC Assisted Living Facilities","https://services1.arcgis.com/jI1j5lArZnrgFYSc/ArcGIS/rest/services/Assisted_Living/FeatureServer/0","Texas Health and Human Services Commission"
"tx-hhsc-assisted-living:107193","SODALIS BUDA ASSISTED LIVING, LLC","107193","assisted_living","Assisted Living","HAYS","645 FM 967, STE 300","BUDA","TX","78610","(512) 637-5400","(512) 637-5404","48","","","","","","","","true","30.0887","-97.8519","13.9","tx-hhsc-assisted-living","Texas HHSC Assisted Living Facilities","https://services1.arcgis.com/jI1j5lArZnrgFYSc/ArcGIS/rest/services/Assisted_Living/FeatureServer/0","Texas Health and Human Services Commission"
"tx-hhsc-assisted-living:103686","SODALIS BUDA LLC","103686","assisted_living","Assisted Living","HAYS","645 FM 967","BUDA","TX","78610","(512) 295-5600","(512) 296-5633","22","","","","","","","","true","30.0887","-97.8519","13.9","tx-hhsc-assisted-living","Texas HHSC Assisted Living Facilities","https://services1.arcgis.com/jI1j5lArZnrgFYSc/ArcGIS/rest/services/Assisted_Living/FeatureServer/0","Texas Health and Human Services Commission"
"tx-hhsc-assisted-living:103582","RUBY'S HOME AT LAKELINE LLC","103582","assisted_living","Assisted Living","WILLIAMSON","11206 POWDER MILL TRAIL","AUSTIN","TX","78750","(512) 550-1767","(512) 465-2157","15","","","","","","","","true","30.4614","-97.8117","14","tx-hhsc-assisted-living","Texas HHSC Assisted Living Facilities","https://services1.arcgis.com/jI1j5lArZnrgFYSc/ArcGIS/rest/services/Assisted_Living/FeatureServer/0","Texas Health and Human Services Commission"
"tx-hhsc-assisted-living:110190","THE ENCLAVE AT CEDAR PARK SENIOR LIVING","110190","assisted_living","Assisted Living","WILLIAMSON","3405 EL SALIDO PARKWAY","CEDAR PARK","TX","78613","512 4025040","","65","","","","","","","","true","30.4585","-97.8257","14.1","tx-hhsc-assisted-living","Texas HHSC Assisted Living Facilities","https://services1.arcgis.com/jI1j5lArZnrgFYSc/ArcGIS/rest/services/Assisted_Living/FeatureServer/0","Texas Health and Human Services Commission"
"tx-hhsc-assisted-living:110184","THE ENCLAVE AT CEDAR PARK SENIOR LIVING","110184","assisted_living","Assisted Living","WILLIAMSON","3405 EL SALIDO PARKWAY","CEDAR PARK","TX","78613","512 4025040","","46","","","","","","","","true","30.4585","-97.8257","14.1","tx-hhsc-assisted-living","Texas HHSC Assisted Living Facilities","https://services1.arcgis.com/jI1j5lArZnrgFYSc/ArcGIS/rest/services/Assisted_Living/FeatureServer/0","Texas Health and Human Services Commission"
"tx-hhsc-assisted-living:106031","ARBOR TERRACE LAKEWAY","106031","assisted_living","Assisted Living","TRAVIS","300 MEDICAL PARKWAY","LAKEWAY","TX","78738","(512) 402-1222","(512) 263-4289","226","","","","","","","","true","30.3308","-97.9695","14.2","tx-hhsc-assisted-living","Texas HHSC Assisted Living Facilities","https://services1.arcgis.com/jI1j5lArZnrgFYSc/ArcGIS/rest/services/Assisted_Living/FeatureServer/0","Texas Health and Human Services Commission"
"tx-hhsc-assisted-living:107187","BELMONT VILLAGE LAKEWAY, LLC","107187","assisted_living","Assisted Living","TRAVIS","107 BELLA MONTAGNA CIRCLE","LAKEWAY","TX","78734","(512) 402-1800","(512) 402-1803","215","","","","","","","","true","30.3588","-97.9586","14.3","tx-hhsc-assisted-living","Texas HHSC Assisted Living Facilities","https://services1.arcgis.com/jI1j5lArZnrgFYSc/ArcGIS/rest/services/Assisted_Living/FeatureServer/0","Texas Health and Human Services Commission"
"tx-hhsc-assisted-living:105497","SERENITY SENIOR LIVING","105497","assisted_living","Assisted Living","TRAVIS","900 RAMBLE CREEK DRIVE","PFLUGERVILLE","TX","78660","(512) 989-5816","(512) 989-5816","11","","","","","","","","true","30.4568","-97.6427","14.4","tx-hhsc-assisted-living","Texas HHSC Assisted Living Facilities","https://services1.arcgis.com/jI1j5lArZnrgFYSc/ArcGIS/rest/services/Assisted_Living/FeatureServer/0","Texas Health and Human Services Commission"
"tx-hhsc-assisted-living:110553","HERITAGE LAKES ASSISTED LIVING","110553","assisted_living","Assisted Living","TRAVIS","19005 PLEASANT BAY DR.","PFLUGERVILLE","TX","78660","(737) 224-1057","","56","","","","","","","","true","30.4501","-97.6152","14.8","tx-hhsc-assisted-living","Texas HHSC Assisted Living Facilities","https://services1.arcgis.com/jI1j5lArZnrgFYSc/ArcGIS/rest/services/Assisted_Living/FeatureServer/0","Texas Health and Human Services Commission"
"tx-hhsc-assisted-living:030272","BROOKDALE LAKEWAY","030272","assisted_living","Assisted Living","TRAVIS","1915 LOHMANS CROSSING RD","LAKEWAY","TX","78734","(512) 261-7146","(512) 261-7149","132","","","","","","","","true","30.3477","-97.9765","15","tx-hhsc-assisted-living","Texas HHSC Assisted Living Facilities","https://services1.arcgis.com/jI1j5lArZnrgFYSc/ArcGIS/rest/services/Assisted_Living/FeatureServer/0","Texas Health and Human Services Commission"
"tx-hhsc-assisted-living:030273","BROOKDALE LAKEWAY ALMC","030273","assisted_living","Assisted Living","TRAVIS","1915 LOHMANS CROSSING RD","LAKEWAY","TX","78734","(512) 261-7146","(512) 261-7149","16","","","","","","","","true","30.3477","-97.9765","15","tx-hhsc-assisted-living","Texas HHSC Assisted Living Facilities","https://services1.arcgis.com/jI1j5lArZnrgFYSc/ArcGIS/rest/services/Assisted_Living/FeatureServer/0","Texas Health and Human Services Commission"
"tx-hhsc-assisted-living:106696","LEDGESTONE SENIOR LIVING","106696","assisted_living","Assisted Living","HAYS","13150 FOUR STAR BLVD","AUSTIN","TX","78737","(512) 767-1800","","92","","","","","","","","true","30.2069","-97.9851","15","tx-hhsc-assisted-living","Texas HHSC Assisted Living Facilities","https://services1.arcgis.com/jI1j5lArZnrgFYSc/ArcGIS/rest/services/Assisted_Living/FeatureServer/0","Texas Health and Human Services Commission"
"tx-hhsc-assisted-living:106829","SPANISH OAK ASSISTED LIVING LLC","106829","assisted_living","Assisted Living","TRAVIS","1417 E PFENNIG LN","PFLUGERVILLE","TX","78660","(940) 736-0532","(737) 203-5206","16","","","","","","","","true","30.453","-97.6121","15","tx-hhsc-assisted-living","Texas HHSC Assisted Living Facilities","https://services1.arcgis.com/jI1j5lArZnrgFYSc/ArcGIS/rest/services/Assisted_Living/FeatureServer/0","Texas Health and Human Services Commission"
"tx-hhsc-assisted-living:105483","GRACELAND SENIOR LIVING","105483","assisted_living","Assisted Living","TRAVIS","17228 SANDWICK DRIVE","PFLUGERVILLE","TX","78660","(512) 736-6206","(512) 857-0353","8","","","","","","","","true","30.4676","-97.642","15.1","tx-hhsc-assisted-living","Texas HHSC Assisted Living Facilities","https://services1.arcgis.com/jI1j5lArZnrgFYSc/ArcGIS/rest/services/Assisted_Living/FeatureServer/0","Texas Health and Human Services Commission"
"tx-hhsc-assisted-living:101583","SHENANDOAH VILLA","101583","assisted_living","Assisted Living","WILLIAMSON","1623 SHENANDOAH DR.","CEDAR PARK","TX","78613","(512) 257-7526","(512) 257-1673","16","","","","","","","","true","30.4746","-97.822","15.1","tx-hhsc-assisted-living","Texas HHSC Assisted Living Facilities","https://services1.arcgis.com/jI1j5lArZnrgFYSc/ArcGIS/rest/services/Assisted_Living/FeatureServer/0","Texas Health and Human Services Commission"
"tx-hhsc-assisted-living:106027","AVALON MEMORY CARE CEDAR PARK","106027","assisted_living","Assisted Living","WILLIAMSON","2215 S LAKELINE","CEDAR PARK","TX","78613","(214) 752-7050","(214) 752-7054","25","","","","","","","","true","30.4784","-97.8203","15.3","tx-hhsc-assisted-living","Texas HHSC Assisted Living Facilities","https://services1.arcgis.com/jI1j5lArZnrgFYSc/ArcGIS/rest/services/Assisted_Living/FeatureServer/0","Texas Health and Human Services Commission"
"tx-hhsc-assisted-living:030267","BROOKDALE LOHMANS CROSSING","030267","assisted_living","Assisted Living","TRAVIS","1604 LOHMANS CROSSING","AUSTIN","TX","78734","(512) 261-6653","(512) 261-2699","75","","","","","","","","true","30.3553","-97.9785","15.3","tx-hhsc-assisted-living","Texas HHSC Assisted Living Facilities","https://services1.arcgis.com/jI1j5lArZnrgFYSc/ArcGIS/rest/services/Assisted_Living/FeatureServer/0","Texas Health and Human Services Commission"
"tx-hhsc-assisted-living:104870","ISLE AT CEDAR RIDGE","104870","assisted_living","Assisted Living","WILLIAMSON","2200 S LAKELINE BLVD","CEDAR PARK","TX","78613","(512) 219-0200","(512) 219-0466","98","","","","","","","","true","30.48","-97.822","15.4","tx-hhsc-assisted-living","Texas HHSC Assisted Living Facilities","https://services1.arcgis.com/jI1j5lArZnrgFYSc/ArcGIS/rest/services/Assisted_Living/FeatureServer/0","Texas Health and Human Services Commission"
"tx-hhsc-assisted-living:030374","BROOKDALE ROUND ROCK","030374","assisted_living","Assisted Living","WILLIAMSON","8005 CORNERWOOD DR","AUSTIN","TX","78717","(512) 238-7200","(512) 238-8593","16","","","","","","","","true","30.4909","-97.7351","15.5","tx-hhsc-assisted-living","Texas HHSC Assisted Living Facilities","https://services1.arcgis.com/jI1j5lArZnrgFYSc/ArcGIS/rest/services/Assisted_Living/FeatureServer/0","Texas Health and Human Services Commission"
"tx-hhsc-assisted-living:030306","BROOKDALE ROUND ROCK","030306","assisted_living","Assisted Living","WILLIAMSON","8005 CORNERWOOD DR","AUSTIN","TX","78717","(512) 238-7200","(512) 238-8593","74","","","","","","","","true","30.4909","-97.7351","15.5","tx-hhsc-assisted-living","Texas HHSC Assisted Living Facilities","https://services1.arcgis.com/jI1j5lArZnrgFYSc/ArcGIS/rest/services/Assisted_Living/FeatureServer/0","Texas Health and Human Services Commission"
"tx-hhsc-assisted-living:110578","CNS  ROCKIES RUN","110578","assisted_living","Assisted Living","TRAVIS","16300 ROCKIES RUN SUMMIT","BEE CAVE","TX","78738","512 8873883","512 8873873","6","","","","","","","","true","30.3215","-97.9965","15.6","tx-hhsc-assisted-living","Texas HHSC Assisted Living Facilities","https://services1.arcgis.com/jI1j5lArZnrgFYSc/ArcGIS/rest/services/Assisted_Living/FeatureServer/0","Texas Health and Human Services Commission"
"tx-hhsc-assisted-living:106613","ROUND ROCK ASSISTED LIVING, LLC","106613","assisted_living","Assisted Living","WILLIAMSON","16708 MARSALA SPRINGS DRIVE","ROUND ROCK","TX","78681","(512) 218-5952","(844) 272-2643","11","","","","","","","","true","30.5022","-97.732","16.3","tx-hhsc-assisted-living","Texas HHSC Assisted Living Facilities","https://services1.arcgis.com/jI1j5lArZnrgFYSc/ArcGIS/rest/services/Assisted_Living/FeatureServer/0","Texas Health and Human Services Commission"
"tx-hhsc-assisted-living:107007","DOUBLE CREEK ASSISTED LIVING","107007","assisted_living","Assisted Living","WILLIAMSON","2300 LOUIS HENNA BLVD","ROUND ROCK","TX","78664","(512) 839-2823","","122","","","","","","","","true","30.4891","-97.6416","16.5","tx-hhsc-assisted-living","Texas HHSC Assisted Living Facilities","https://services1.arcgis.com/jI1j5lArZnrgFYSc/ArcGIS/rest/services/Assisted_Living/FeatureServer/0","Texas Health and Human Services Commission"
"tx-hhsc-assisted-living:106896","LAUREL'S HOUSE","106896","assisted_living","Assisted Living","HAYS","13701 TRAUTWEIN ROAD","AUSTIN","TX","78737","(512) 858-0211","(866) 731-7135","16","","","","","","","","true","30.2124","-98.0193","16.9","tx-hhsc-assisted-living","Texas HHSC Assisted Living Facilities","https://services1.arcgis.com/jI1j5lArZnrgFYSc/ArcGIS/rest/services/Assisted_Living/FeatureServer/0","Texas Health and Human Services Commission"
"tx-hhsc-assisted-living:105170","THE ROSE AT ROUND ROCK","105170","assisted_living","Assisted Living","WILLIAMSON","7230 WYOMING SPRINGS DRIVE","ROUND ROCK","TX","78681","(855) 840-7257","(512) 218-0073","114","","","","","","","","true","30.5144","-97.7145","17.2","tx-hhsc-assisted-living","Texas HHSC Assisted Living Facilities","https://services1.arcgis.com/jI1j5lArZnrgFYSc/ArcGIS/rest/services/Assisted_Living/FeatureServer/0","Texas Health and Human Services Commission"
"tx-hhsc-assisted-living:106346","SERENITY SENIOR LIVING","106346","assisted_living","Assisted Living","WILLIAMSON","100 SHADY TRAILS PASS","CEDAR PARK","TX","78613","(512) 250-9108","(512) 727-6038","10","","","","","","","","true","30.5045","-97.8405","17.4","tx-hhsc-assisted-living","Texas HHSC Assisted Living Facilities","https://services1.arcgis.com/jI1j5lArZnrgFYSc/ArcGIS/rest/services/Assisted_Living/FeatureServer/0","Texas Health and Human Services Commission"
"tx-hhsc-assisted-living:106075","SUNDANCE AT BRUSHY CREEK","106075","assisted_living","Assisted Living","WILLIAMSON","3000 GLACIER PASS LN.","CEDAR PARK","TX","78613","(713) 542-6700","","52","","","","","","","","true","30.5186","-97.7767","17.5","tx-hhsc-assisted-living","Texas HHSC Assisted Living Facilities","https://services1.arcgis.com/jI1j5lArZnrgFYSc/ArcGIS/rest/services/Assisted_Living/FeatureServer/0","Texas Health and Human Services Commission"
"tx-hhsc-assisted-living:110682","THE PRIMROSE","110682","assisted_living","Assisted Living","WILLIAMSON","3602 WINDING WAY","ROUND ROCK","TX","78664","(617) 688-7549","","11","","","","","","","","true","30.4933","-97.6112","17.5","tx-hhsc-assisted-living","Texas HHSC Assisted Living Facilities","https://services1.arcgis.com/jI1j5lArZnrgFYSc/ArcGIS/rest/services/Assisted_Living/FeatureServer/0","Texas Health and Human Services Commission"
"tx-hhsc-assisted-living:030013","A TOUCH OF HOME","030013","assisted_living","Assisted Living","WILLIAMSON","4301 CRESTRIDGE DR","ROUND ROCK","TX","78681","(512) 218-0042","(512) 218-0039","16","","","","","","","","true","30.5215","-97.744","17.6","tx-hhsc-assisted-living","Texas HHSC Assisted Living Facilities","https://services1.arcgis.com/jI1j5lArZnrgFYSc/ArcGIS/rest/services/Assisted_Living/FeatureServer/0","Texas Health and Human Services Commission"
"tx-hhsc-assisted-living:107093","FAMILY TREE ASSITED LIVING","107093","assisted_living","Assisted Living","WILLIAMSON","124 SILK TREE LANE","ROUND ROCK","TX","78664","(703) 283-6397","","15","","","","","","","","true","30.4947","-97.6102","17.6","tx-hhsc-assisted-living","Texas HHSC Assisted Living Facilities","https://services1.arcgis.com/jI1j5lArZnrgFYSc/ArcGIS/rest/services/Assisted_Living/FeatureServer/0","Texas Health and Human Services Commission"
"tx-hhsc-assisted-living:107060","SUNDARA OF ROUND ROCK","107060","assisted_living","Assisted Living","WILLIAMSON","1000-1 RUSK ROAD","ROUND ROCK","TX","78665","(512) 400-0488","","16","","","","","","","","true","30.5082","-97.6304","18","tx-hhsc-assisted-living","Texas HHSC Assisted Living Facilities","https://services1.arcgis.com/jI1j5lArZnrgFYSc/ArcGIS/rest/services/Assisted_Living/FeatureServer/0","Texas Health and Human Services Commission"
"tx-hhsc-assisted-living:107062","SUNDARA ROUND ROCK","107062","assisted_living","Assisted Living","WILLIAMSON","1000-2 RUSK ROAD","ROUND ROCK","TX","78665","(512) 400-0488","","16","","","","","","","","true","30.5082","-97.6304","18","tx-hhsc-assisted-living","Texas HHSC Assisted Living Facilities","https://services1.arcgis.com/jI1j5lArZnrgFYSc/ArcGIS/rest/services/Assisted_Living/FeatureServer/0","Texas Health and Human Services Commission"
"tx-hhsc-assisted-living:101068","A SERENE SETTING","101068","assisted_living","Assisted Living","WILLIAMSON","2101 CROSS CREEK TRL","ROUND ROCK","TX","78681","(512) 716-0108","(512) 716-0108","10","","","","","","","","true","30.5291","-97.7198","18.1","tx-hhsc-assisted-living","Texas HHSC Assisted Living Facilities","https://services1.arcgis.com/jI1j5lArZnrgFYSc/ArcGIS/rest/services/Assisted_Living/FeatureServer/0","Texas Health and Human Services Commission"
"tx-hhsc-assisted-living:030240","POINTE AT CEDAR PARK","030240","assisted_living","Assisted Living","WILLIAMSON","450 DISCOVERY BLVD","CEDAR PARK","TX","78613","(512) 259-6525","(512) 260-7365","60","","","","","","","","true","30.5188","-97.8248","18.1","tx-hhsc-assisted-living","Texas HHSC Assisted Living Facilities","https://services1.arcgis.com/jI1j5lArZnrgFYSc/ArcGIS/rest/services/Assisted_Living/FeatureServer/0","Texas Health and Human Services Commission"
"tx-hhsc-assisted-living:106257","THE AUBERGE AT CEDAR PARK  A MEMORY CARE COMMUNITY","106257","assisted_living","Assisted Living","WILLIAMSON","800 C-BAR RANCH TRAIL","CEDAR PARK","TX","78613","512 9867202","512 9867140","90","","","","","","","","true","30.5245","-97.8096","18.2","tx-hhsc-assisted-living","Texas HHSC Assisted Living Facilities","https://services1.arcgis.com/jI1j5lArZnrgFYSc/ArcGIS/rest/services/Assisted_Living/FeatureServer/0","Texas Health and Human Services Commission"
"tx-hhsc-assisted-living:106171","TRAN'S SENIOR OASIS LLC","106171","assisted_living","Assisted Living","WILLIAMSON","2304 LIVE OAK CIRCLE","ROUND ROCK","TX","78681","(512) 310-8727","(512) 792-9893","10","","","","","","","","true","30.5346","-97.7445","18.5","tx-hhsc-assisted-living","Texas HHSC Assisted Living Facilities","https://services1.arcgis.com/jI1j5lArZnrgFYSc/ArcGIS/rest/services/Assisted_Living/FeatureServer/0","Texas Health and Human Services Commission"
"tx-hhsc-assisted-living:106804","POET'S WALK CEDAR PARK","106804","assisted_living","Assisted Living","WILLIAMSON","1503 MEDICAL PARKWAY","CEDAR PARK","TX","78613","(512) 725-8288","(512) 738-8289","70","","","","","","","","true","30.5307","-97.8089","18.6","tx-hhsc-assisted-living","Texas HHSC Assisted Living Facilities","https://services1.arcgis.com/jI1j5lArZnrgFYSc/ArcGIS/rest/services/Assisted_Living/FeatureServer/0","Texas Health and Human Services Commission"
"tx-hhsc-assisted-living:105695","ORCHARD PARK OF KYLE","105695","assisted_living","Assisted Living","HAYS","4701 RATCLIFFE DRIVE","KYLE","TX","78640","(512) 920-6400","(512) 268-5304","141","","","","","","","","true","30.0199","-97.8733","18.8","tx-hhsc-assisted-living","Texas HHSC Assisted Living Facilities","https://services1.arcgis.com/jI1j5lArZnrgFYSc/ArcGIS/rest/services/Assisted_Living/FeatureServer/0","Texas Health and Human Services Commission"
"tx-hhsc-assisted-living:104692","THE COTTAGES AT CHANDLER CREEK III","104692","assisted_living","Assisted Living","WILLIAMSON","2351 NORTH A.W. GRIMES BLVD","ROUND ROCK","TX","78665","(512) 218-9757","(512) 218-8768","54","","","","","","","","true","30.5328","-97.6514","19.1","tx-hhsc-assisted-living","Texas HHSC Assisted Living Facilities","https://services1.arcgis.com/jI1j5lArZnrgFYSc/ArcGIS/rest/services/Assisted_Living/FeatureServer/0","Texas Health and Human Services Commission"
"tx-hhsc-assisted-living:030118","THE COTTAGES AT CHANDLER CREEK I","030118","assisted_living","Assisted Living","WILLIAMSON","2401 NORTH A W GRIMES BLVD","ROUND ROCK","TX","78665","(512) 218-9757","(512) 218-9759","16","","","","","","","","true","30.5335","-97.6515","19.2","tx-hhsc-assisted-living","Texas HHSC Assisted Living Facilities","https://services1.arcgis.com/jI1j5lArZnrgFYSc/ArcGIS/rest/services/Assisted_Living/FeatureServer/0","Texas Health and Human Services Commission"
"tx-hhsc-assisted-living:030119","THE COTTAGES AT CHANDLER CREEK II","030119","assisted_living","Assisted Living","WILLIAMSON","2401 N AW GRIMES BLVD","ROUND ROCK","TX","78665","(512) 218-9757","(512) 218-9759","16","","","","","","","","true","30.5335","-97.6515","19.2","tx-hhsc-assisted-living","Texas HHSC Assisted Living Facilities","https://services1.arcgis.com/jI1j5lArZnrgFYSc/ArcGIS/rest/services/Assisted_Living/FeatureServer/0","Texas Health and Human Services Commission"
"tx-hhsc-assisted-living:102655","CEDAR RIDGE ALZHEIMER'S SPECIAL CARE CENTER","102655","assisted_living","Assisted Living","WILLIAMSON","2100 LAKELINE BLVD","CEDAR PARK","TX","78613","(512) 258-5157","(512) 258-5157","66","","","","","","","","true","30.5294","-97.8567","19.3","tx-hhsc-assisted-living","Texas HHSC Assisted Living Facilities","https://services1.arcgis.com/jI1j5lArZnrgFYSc/ArcGIS/rest/services/Assisted_Living/FeatureServer/0","Texas Health and Human Services Commission"
"tx-hhsc-assisted-living:030121","COURT AT ROUND ROCK ASSISTED LIVING COMMUNITY","030121","assisted_living","Assisted Living","WILLIAMSON","2700 SUNRISE RD","ROUND ROCK","TX","78664","(512) 310-0002","(512) 310-0002","123","","","","","","","","true","30.5401","-97.6707","19.3","tx-hhsc-assisted-living","Texas HHSC Assisted Living Facilities","https://services1.arcgis.com/jI1j5lArZnrgFYSc/ArcGIS/rest/services/Assisted_Living/FeatureServer/0","Texas Health and Human Services Commission"
"tx-hhsc-assisted-living:110250","THE PHILOMENA ASSISTED LIVING AND MEMORY CARE","110250","assisted_living","Assisted Living","HAYS","350 PHILOMENA DRIVE","KYLE","TX","78640","(512) 382-0996","","132","","","","","","","","true","29.9948","-97.8675","20.2","tx-hhsc-assisted-living","Texas HHSC Assisted Living Facilities","https://services1.arcgis.com/jI1j5lArZnrgFYSc/ArcGIS/rest/services/Assisted_Living/FeatureServer/0","Texas Health and Human Services Commission"
"tx-hhsc-assisted-living:110368","THE ENCLAVE AT ROUND ROCK SENIOR LIVING","110368","assisted_living","Assisted Living","WILLIAMSON","2351 OAKMONT DRIVE","ROUND ROCK","TX","78665","(512) 693-2420","(512) 255-6414","116","","","","","","","","true","30.5554","-97.6793","20.3","tx-hhsc-assisted-living","Texas HHSC Assisted Living Facilities","https://services1.arcgis.com/jI1j5lArZnrgFYSc/ArcGIS/rest/services/Assisted_Living/FeatureServer/0","Texas Health and Human Services Commission"
"tx-hhsc-assisted-living:106513","POET'S WALK ROUND ROCK","106513","assisted_living","Assisted Living","WILLIAMSON","4050 SUNRISE ROAD","ROUND ROCK","TX","78665","(512) 255-6009","(512) 255-6039","70","","","","","","","","true","30.5576","-97.6796","20.4","tx-hhsc-assisted-living","Texas HHSC Assisted Living Facilities","https://services1.arcgis.com/jI1j5lArZnrgFYSc/ArcGIS/rest/services/Assisted_Living/FeatureServer/0","Texas Health and Human Services Commission"
"tx-hhsc-assisted-living:107248","PRECIOUS GROUP HOME CARE LLC","107248","assisted_living","Assisted Living","WILLIAMSON","2200 SOUTH BAGDAD ROAD","LEANDER","TX","78641","(512) 541-1606","(512) 221-2927","16","","","","","","","","true","30.5465","-97.8516","20.4","tx-hhsc-assisted-living","Texas HHSC Assisted Living Facilities","https://services1.arcgis.com/jI1j5lArZnrgFYSc/ArcGIS/rest/services/Assisted_Living/FeatureServer/0","Texas Health and Human Services Commission"
"tx-hhsc-assisted-living:106164","LEGACY AT CRYSTAL FALLS","106164","assisted_living","Assisted Living","WILLIAMSON","1841 CRYSTAL FALLS PARKWAY","LEANDER","TX","78641","(512) 487-7049","","138","","","","","","","","true","30.546","-97.866","20.6","tx-hhsc-assisted-living","Texas HHSC Assisted Living Facilities","https://services1.arcgis.com/jI1j5lArZnrgFYSc/ArcGIS/rest/services/Assisted_Living/FeatureServer/0","Texas Health and Human Services Commission"
"tx-hhsc-assisted-living:102973","FAIRWAY VISTA","102973","assisted_living","Assisted Living","WILLIAMSON","1017 HIDDEN VIEW PLACE","ROUND ROCK","TX","78665","(512) 220-7316","(512) 220-7317","8","","","","","","","","true","30.5666","-97.6754","21.1","tx-hhsc-assisted-living","Texas HHSC Assisted Living Facilities","https://services1.arcgis.com/jI1j5lArZnrgFYSc/ArcGIS/rest/services/Assisted_Living/FeatureServer/0","Texas Health and Human Services Commission"
"tx-hhsc-assisted-living:104424","FAIRWAY VISTA II","104424","assisted_living","Assisted Living","WILLIAMSON","1019 HIDDEN VIEW PL","ROUND ROCK","TX","78665","(512) 220-7316","(512) 220-7317","9","","","","","","","","true","30.5667","-97.6753","21.1","tx-hhsc-assisted-living","Texas HHSC Assisted Living Facilities","https://services1.arcgis.com/jI1j5lArZnrgFYSc/ArcGIS/rest/services/Assisted_Living/FeatureServer/0","Texas Health and Human Services Commission"
"tx-hhsc-assisted-living:106733","FRANKLIN PARK TERAVISTA ASSISTED LIVING","106733","assisted_living","Assisted Living","WILLIAMSON","4155 TERAVISTA CLUB DRIVE","ROUND ROCK","TX","78665","(512) 388-6076","(512) 388-6087","88","","","","","","","","true","30.5678","-97.6684","21.2","tx-hhsc-assisted-living","Texas HHSC Assisted Living Facilities","https://services1.arcgis.com/jI1j5lArZnrgFYSc/ArcGIS/rest/services/Assisted_Living/FeatureServer/0","Texas Health and Human Services Commission"
"tx-hhsc-assisted-living:104858","UNIVERSITY VILLAGE MEMORY CARE","104858","assisted_living","Assisted Living","WILLIAMSON","4701 CAMPUS VILLAGE DRIVE","ROUND ROCK","TX","78665","(512) 248-2222","(512) 248-2234","74","","","","","","","","true","30.5672","-97.6618","21.3","tx-hhsc-assisted-living","Texas HHSC Assisted Living Facilities","https://services1.arcgis.com/jI1j5lArZnrgFYSc/ArcGIS/rest/services/Assisted_Living/FeatureServer/0","Texas Health and Human Services Commission"
"tx-hhsc-assisted-living:105977","NEW HAVEN ASSISTED LIVING AND MEMORY CARE OF KYLE, LLC","105977","assisted_living","Assisted Living","HAYS","107 CREEKSIDE TRAIL - BUILDING B","KYLE","TX","78640","(888) 774-2836","","16","","","","","","","","true","29.9743","-97.8578","21.4","tx-hhsc-assisted-living","Texas HHSC Assisted Living Facilities","https://services1.arcgis.com/jI1j5lArZnrgFYSc/ArcGIS/rest/services/Assisted_Living/FeatureServer/0","Texas Health and Human Services Commission"
"tx-hhsc-assisted-living:105976","NEW HAVEN ASSISTED LIVING AND MEMORY CARE OF KYLE, LLC","105976","assisted_living","Assisted Living","HAYS","107 CREEKSIDE TRAIL - BUILDING A","KYLE","TX","78640","(888) 774-2836","","16","","","","","","","","true","29.9743","-97.8578","21.4","tx-hhsc-assisted-living","Texas HHSC Assisted Living Facilities","https://services1.arcgis.com/jI1j5lArZnrgFYSc/ArcGIS/rest/services/Assisted_Living/FeatureServer/0","Texas Health and Human Services Commission"
"tx-hhsc-assisted-living:110102","MENTIS NEURO AUSTIN, LLC","110102","assisted_living","Assisted Living","WILLIAMSON","5150 N. AW GRIMES BLVD","ROUND ROCK","TX","78665","(512) 982-9929","(512) 218-3984","16","","","","","","","","true","30.5744","-97.6527","21.9","tx-hhsc-assisted-living","Texas HHSC Assisted Living Facilities","https://services1.arcgis.com/jI1j5lArZnrgFYSc/ArcGIS/rest/services/Assisted_Living/FeatureServer/0","Texas Health and Human Services Commission"
"tx-hhsc-assisted-living:000575","MENTIS NEURO HEALTH","000575","assisted_living","Assisted Living","HAYS","3035 HWY 290 W","DRIPPING SPRINGS","TX","78620","(512) 894-0701","(512) 858-5104","16","","","","","","","","true","30.2038","-98.1361","23.9","tx-hhsc-assisted-living","Texas HHSC Assisted Living Facilities","https://services1.arcgis.com/jI1j5lArZnrgFYSc/ArcGIS/rest/services/Assisted_Living/FeatureServer/0","Texas Health and Human Services Commission"
"tx-hhsc-assisted-living:000573","MENTIS NEURO HEALTH","000573","assisted_living","Assisted Living","HAYS","3035 HWY 290 W","DRIPPING SPRINGS","TX","78620","(512) 923-0940","(512) 858-5104","16","","","","","","","","true","30.2038","-98.1361","23.9","tx-hhsc-assisted-living","Texas HHSC Assisted Living Facilities","https://services1.arcgis.com/jI1j5lArZnrgFYSc/ArcGIS/rest/services/Assisted_Living/FeatureServer/0","Texas Health and Human Services Commission"
"tx-hhsc-assisted-living:106837","RIVA RIDGE ASSISTED LIVING","106837","assisted_living","Assisted Living","WILLIAMSON","807 RIVA RIDGE DR","LEANDER","TX","78641","(512) 259-1330","(512) 988-5024","16","","","","","","","","true","30.6153","-97.8524","24.9","tx-hhsc-assisted-living","Texas HHSC Assisted Living Facilities","https://services1.arcgis.com/jI1j5lArZnrgFYSc/ArcGIS/rest/services/Assisted_Living/FeatureServer/0","Texas Health and Human Services Commission"
"tx-hhsc-assisted-living:103482","RIVA RIDGE MEMORY CARE CENTER","103482","assisted_living","Assisted Living","WILLIAMSON","801 RIVA RIDGE DR","LEANDER","TX","78641","(512) 259-1330","(512) 986-5024","12","","","","","","","","true","30.6161","-97.8529","25","tx-hhsc-assisted-living","Texas HHSC Assisted Living Facilities","https://services1.arcgis.com/jI1j5lArZnrgFYSc/ArcGIS/rest/services/Assisted_Living/FeatureServer/0","Texas Health and Human Services Commission"
"tx-hhsc-assisted-living:110558","GRAND LIVING AT GEORGETOWN","110558","assisted_living","Assisted Living","WILLIAMSON","1330 UNIVERSITY AVENUE","GEORGETOWN","TX","78628","","","0","","","","","","","","true","30.6336","-97.7059","25.4","tx-hhsc-assisted-living","Texas HHSC Assisted Living Facilities","https://services1.arcgis.com/jI1j5lArZnrgFYSc/ArcGIS/rest/services/Assisted_Living/FeatureServer/0","Texas Health and Human Services Commission"
"tx-hhsc-assisted-living:110557","GRAND LIVING AT GEORGETOWN","110557","assisted_living","Assisted Living","WILLIAMSON","1330 UNIVERSITY AVENUE","GEORGETOWN","TX","78628","(512) 649-1339","(512) 649-1339","184","","","","","","","","true","30.6336","-97.7059","25.4","tx-hhsc-assisted-living","Texas HHSC Assisted Living Facilities","https://services1.arcgis.com/jI1j5lArZnrgFYSc/ArcGIS/rest/services/Assisted_Living/FeatureServer/0","Texas Health and Human Services Commission"
"tx-hhsc-assisted-living:000329","BROOKDALE GEORGETOWN","000329","assisted_living","Assisted Living","WILLIAMSON","2600 E UNIVERSITY AVE","GEORGETOWN","TX","78626","(512) 863-7700","(512) 819-9498","54","","","","","","","","true","30.637","-97.6484","26.2","tx-hhsc-assisted-living","Texas HHSC Assisted Living Facilities","https://services1.arcgis.com/jI1j5lArZnrgFYSc/ArcGIS/rest/services/Assisted_Living/FeatureServer/0","Texas Health and Human Services Commission"
"tx-hhsc-assisted-living:000435","RESCARE PREMIER SIERRA VERDE","000435","assisted_living","Assisted Living","CALDWELL","2385 FM 1984 AT REEDVILLE","MAXWELL","TX","78656","(512) 357-6033","(512) 357-2902","8","","","","","","","","true","29.8923","-97.8185","26.3","tx-hhsc-assisted-living","Texas HHSC Assisted Living Facilities","https://services1.arcgis.com/jI1j5lArZnrgFYSc/ArcGIS/rest/services/Assisted_Living/FeatureServer/0","Texas Health and Human Services Commission"
"tx-hhsc-assisted-living:100336","ARGENT COURT","100336","assisted_living","Assisted Living","BASTROP","508 OLD AUSTIN HWY","BASTROP","TX","78602","(512) 321-9500","(512) 321-9508","68","","","","","","","","true","30.1104","-97.3361","26.6","tx-hhsc-assisted-living","Texas HHSC Assisted Living Facilities","https://services1.arcgis.com/jI1j5lArZnrgFYSc/ArcGIS/rest/services/Assisted_Living/FeatureServer/0","Texas Health and Human Services Commission"
"tx-hhsc-assisted-living:103391","GARDEN GATE ASSISTED LIVING OF LOCKHART, LLC","103391","assisted_living","Assisted Living","CALDWELL","1017 BOIS D'ARC ST","LOCKHART","TX","78644","(512) 620-0900","(512) 620-0904","16","","","","","","","","true","29.885","-97.686","26.6","tx-hhsc-assisted-living","Texas HHSC Assisted Living Facilities","https://services1.arcgis.com/jI1j5lArZnrgFYSc/ArcGIS/rest/services/Assisted_Living/FeatureServer/0","Texas Health and Human Services Commission"
"tx-hhsc-assisted-living:103585","SODALIS ELDER LIVING SAN MARCOS I","103585","assisted_living","Assisted Living","HAYS","1001 CREPE MYRTLE DR","SAN MARCOS","TX","78666","(830) 624-1044","(830) 629-4884","16","","","","","","","","true","29.9003","-97.9044","27.1","tx-hhsc-assisted-living","Texas HHSC Assisted Living Facilities","https://services1.arcgis.com/jI1j5lArZnrgFYSc/ArcGIS/rest/services/Assisted_Living/FeatureServer/0","Texas Health and Human Services Commission"
"tx-hhsc-assisted-living:000974","WIMBERLEY LIFE CARE","000974","assisted_living","Assisted Living","HAYS","845 E SUMMIT DR","WIMBERLEY","TX","78676","(512) 847-5676","(512) 847-6577","10","","","","","","","","true","30.0203","-98.1022","27.4","tx-hhsc-assisted-living","Texas HHSC Assisted Living Facilities","https://services1.arcgis.com/jI1j5lArZnrgFYSc/ArcGIS/rest/services/Assisted_Living/FeatureServer/0","Texas Health and Human Services Commission"
"tx-hhsc-assisted-living:000763","RESCARE PREMIER ROCA VISTA","000763","assisted_living","Assisted Living","CALDWELL","320 MILL RD","MAXWELL","TX","78656","(512) 357-6022","(512) 357-2523","8","","","","","","","","true","29.8775","-97.8478","27.6","tx-hhsc-assisted-living","Texas HHSC Assisted Living Facilities","https://services1.arcgis.com/jI1j5lArZnrgFYSc/ArcGIS/rest/services/Assisted_Living/FeatureServer/0","Texas Health and Human Services Commission"
"tx-hhsc-assisted-living:110423","SYMPHONY OF WIMBERLEY ASSISTED LIVING","110423","assisted_living","Assisted Living","HAYS","501 FM 3237","WIMBERLEY","TX","78676","(512) 243-5852","(512) 261-3893","16","","","","","","","","true","29.9988","-98.0874","27.7","tx-hhsc-assisted-living","Texas HHSC Assisted Living Facilities","https://services1.arcgis.com/jI1j5lArZnrgFYSc/ArcGIS/rest/services/Assisted_Living/FeatureServer/0","Texas Health and Human Services Commission"
"tx-hhsc-assisted-living:110460","SYMPHONY OF WIMBERLEY LLC","110460","assisted_living","Assisted Living","HAYS","501 FM3237","WIMBERLEY","TX","78676","(512) 243-5852","","16","","","","","","","","true","29.9988","-98.0874","27.7","tx-hhsc-assisted-living","Texas HHSC Assisted Living Facilities","https://services1.arcgis.com/jI1j5lArZnrgFYSc/ArcGIS/rest/services/Assisted_Living/FeatureServer/0","Texas Health and Human Services Commission"
"tx-hhsc-assisted-living:106160","BADER HOUSE OF GEORGETOWN","106160","assisted_living","Assisted Living","WILLIAMSON","3600 WILLIAMS DRIVE","GEORGETOWN","TX","78628","(512) 789-6516","(512) 688-5145","50","","","","","","","","true","30.6678","-97.6974","27.8","tx-hhsc-assisted-living","Texas HHSC Assisted Living Facilities","https://services1.arcgis.com/jI1j5lArZnrgFYSc/ArcGIS/rest/services/Assisted_Living/FeatureServer/0","Texas Health and Human Services Commission"
"tx-hhsc-assisted-living:000767","GOLDEN AGE HOME PERSONAL CARE","000767","assisted_living","Assisted Living","CALDWELL","1505 S MAIN ST","LOCKHART","TX","78644","(512) 398-2421","(512) 398-5591","44","","","","","","","","true","29.8657","-97.6705","28.1","tx-hhsc-assisted-living","Texas HHSC Assisted Living Facilities","https://services1.arcgis.com/jI1j5lArZnrgFYSc/ArcGIS/rest/services/Assisted_Living/FeatureServer/0","Texas Health and Human Services Commission"
"tx-hhsc-assisted-living:110314","ALEXIS POINTE","110314","assisted_living","Assisted Living","HAYS","14390 RANCH ROAD 12","WIMBERLEY","TX","78676","(512) 847-2250","","96","","","","","","","","true","30.0016","-98.1016","28.2","tx-hhsc-assisted-living","Texas HHSC Assisted Living Facilities","https://services1.arcgis.com/jI1j5lArZnrgFYSc/ArcGIS/rest/services/Assisted_Living/FeatureServer/0","Texas Health and Human Services Commission"
"tx-hhsc-assisted-living:104746","THE WESLEYAN AT ESTRELLA ASSISTED LIVING","104746","assisted_living","Assisted Living","WILLIAMSON","109 ESTRELLA CROSSING","GEORGETOWN","TX","78628","(512) 943-9804","(512) 943-9808","104","","","","","","","","true","30.6771","-97.7069","28.4","tx-hhsc-assisted-living","Texas HHSC Assisted Living Facilities","https://services1.arcgis.com/jI1j5lArZnrgFYSc/ArcGIS/rest/services/Assisted_Living/FeatureServer/0","Texas Health and Human Services Commission"
"tx-hhsc-assisted-living:050254","BROOKDALE SAN MARCOS NORTH","050254","assisted_living","Assisted Living","HAYS","1720 OLD RANCH RD 12","SAN MARCOS","TX","78666","(512) 392-7200","(512) 396-3652","65","","","","","","","","true","29.8975","-97.9653","28.8","tx-hhsc-assisted-living","Texas HHSC Assisted Living Facilities","https://services1.arcgis.com/jI1j5lArZnrgFYSc/ArcGIS/rest/services/Assisted_Living/FeatureServer/0","Texas Health and Human Services Commission"
"tx-hhsc-assisted-living:050255","BROOKDALE SAN MARCOS NORTH","050255","assisted_living","Assisted Living","HAYS","1720 OLD RANCH RD 12","SAN MARCOS","TX","78666","(512) 392-7200","(512) 396-3652","12","","","","","","","","true","29.8975","-97.9653","28.8","tx-hhsc-assisted-living","Texas HHSC Assisted Living Facilities","https://services1.arcgis.com/jI1j5lArZnrgFYSc/ArcGIS/rest/services/Assisted_Living/FeatureServer/0","Texas Health and Human Services Commission"
"tx-hhsc-assisted-living:107134","NEW HAVEN ASSISTED LIVING OF BASTROP","107134","assisted_living","Assisted Living","BASTROP","2604 STATE HIGHWAY 71 E. BUILDING B","BASTROP","TX","78602","(512) 428-8488","","16","","","","","","","","true","30.1054","-97.2958","29","tx-hhsc-assisted-living","Texas HHSC Assisted Living Facilities","https://services1.arcgis.com/jI1j5lArZnrgFYSc/ArcGIS/rest/services/Assisted_Living/FeatureServer/0","Texas Health and Human Services Commission"
"tx-hhsc-assisted-living:107132","NEW HAVEN ASSISTED LIVING OF BASTROP","107132","assisted_living","Assisted Living","BASTROP","2604 STATE HIGHWAY 71 E. BUILDING A","BASTROP","TX","78602","(512) 428-8488","(801) 606-2793","16","","","","","","","","true","30.1054","-97.2958","29","tx-hhsc-assisted-living","Texas HHSC Assisted Living Facilities","https://services1.arcgis.com/jI1j5lArZnrgFYSc/ArcGIS/rest/services/Assisted_Living/FeatureServer/0","Texas Health and Human Services Commission"
"tx-hhsc-assisted-living:110418","PLATINUM RESORT ASSISTED LIVING AND MEMORY CARE","110418","assisted_living","Assisted Living","WILLIAMSON","208 MESA DR","GEORGETOWN","TX","78628","(512) 580-8037","","16","","","","","","","","true","30.687","-97.6982","29.1","tx-hhsc-assisted-living","Texas HHSC Assisted Living Facilities","https://services1.arcgis.com/jI1j5lArZnrgFYSc/ArcGIS/rest/services/Assisted_Living/FeatureServer/0","Texas Health and Human Services Commission"
"tx-hhsc-assisted-living:104086","SMITHHOUSE","104086","assisted_living","Assisted Living","HAYS","119 SMITH LN","SAN MARCOS","TX","78666","(512) 878-8755","(512) 878-0391","8","","","","","","","","true","29.876","-97.9272","29.2","tx-hhsc-assisted-living","Texas HHSC Assisted Living Facilities","https://services1.arcgis.com/jI1j5lArZnrgFYSc/ArcGIS/rest/services/Assisted_Living/FeatureServer/0","Texas Health and Human Services Commission"
"tx-hhsc-assisted-living:000635","RESCARE PREMIER TOWN","000635","assisted_living","Assisted Living","HAYS","618 W HUTCHISON","SAN MARCOS","TX","78666","(512) 396-1305","(512) 396-1707","8","","","","","","","","true","29.8812","-97.9492","29.4","tx-hhsc-assisted-living","Texas HHSC Assisted Living Facilities","https://services1.arcgis.com/jI1j5lArZnrgFYSc/ArcGIS/rest/services/Assisted_Living/FeatureServer/0","Texas Health and Human Services Commission"
"tx-hhsc-assisted-living:105556","LEGACY AT GEORGETOWN","105556","assisted_living","Assisted Living","WILLIAMSON","4907 WILLIAMS DRIVE","GEORGETOWN","TX","78633","(512) 686-1694","","156","","","","","","","","true","30.6946","-97.7323","29.5","tx-hhsc-assisted-living","Texas HHSC Assisted Living Facilities","https://services1.arcgis.com/jI1j5lArZnrgFYSc/ArcGIS/rest/services/Assisted_Living/FeatureServer/0","Texas Health and Human Services Commission"
"tx-hhsc-assisted-living:105653","SEDRO TRAIL ASSISTED LIVING AND MEMORY CARE","105653","assisted_living","Assisted Living","WILLIAMSON","292 SEDRO TRL","GEORGETOWN","TX","78633","(512) 943-4837","","12","","","","","","","","true","30.6959","-97.7236","29.6","tx-hhsc-assisted-living","Texas HHSC Assisted Living Facilities","https://services1.arcgis.com/jI1j5lArZnrgFYSc/ArcGIS/rest/services/Assisted_Living/FeatureServer/0","Texas Health and Human Services Commission"
"tx-hhsc-assisted-living:101695","SPJST ASSISTED LIVING FACILITY","101695","assisted_living","Assisted Living","WILLIAMSON","505 E LAKE DR","TAYLOR","TX","76574","(512) 352-6940","(512) 352-6947","64","","","","","","","","true","30.5849","-97.4065","29.7","tx-hhsc-assisted-living","Texas HHSC Assisted Living Facilities","https://services1.arcgis.com/jI1j5lArZnrgFYSc/ArcGIS/rest/services/Assisted_Living/FeatureServer/0","Texas Health and Human Services Commission"
"tx-hhsc-assisted-living:106705","THE DELANEY AT GEORGETOWN VILLAGE","106705","assisted_living","Assisted Living","WILLIAMSON","359 VILLAGE COMMONS BOULEVARD","GEORGETOWN","TX","78633","(512) 819-9500","(844) 789-0917","97","","","","","","","","true","30.6959","-97.7111","29.7","tx-hhsc-assisted-living","Texas HHSC Assisted Living Facilities","https://services1.arcgis.com/jI1j5lArZnrgFYSc/ArcGIS/rest/services/Assisted_Living/FeatureServer/0","Texas Health and Human Services Commission"
"tx-hhsc-assisted-living:104055","TIFFIN HOUSE LLC","104055","assisted_living","Assisted Living","WILLIAMSON","84 WOODCREST RD","GEORGETOWN","TX","78633","(512) 718-4280","(512) 869-7762","16","","","","","","","","true","30.7065","-97.7754","30.4","tx-hhsc-assisted-living","Texas HHSC Assisted Living Facilities","https://services1.arcgis.com/jI1j5lArZnrgFYSc/ArcGIS/rest/services/Assisted_Living/FeatureServer/0","Texas Health and Human Services Commission"
"tx-hhsc-assisted-living:105479","TIFFIN HOUSE II","105479","assisted_living","Assisted Living","WILLIAMSON","90 WOODCREST RD","GEORGETOWN","TX","78633","(512) 818-7697","(512) 869-7762","16","","","","","","","","true","30.7071","-97.7757","30.5","tx-hhsc-assisted-living","Texas HHSC Assisted Living Facilities","https://services1.arcgis.com/jI1j5lArZnrgFYSc/ArcGIS/rest/services/Assisted_Living/FeatureServer/0","Texas Health and Human Services Commission"
"tx-hhsc-assisted-living:104046","GEORGETOWN LIVING","104046","assisted_living","Assisted Living","WILLIAMSON","2700 SHELL RD","GEORGETOWN","TX","78628","(512) 863-9888","(512) 863-8222","16","","","","","","","","true","30.7073","-97.6855","30.6","tx-hhsc-assisted-living","Texas HHSC Assisted Living Facilities","https://services1.arcgis.com/jI1j5lArZnrgFYSc/ArcGIS/rest/services/Assisted_Living/FeatureServer/0","Texas Health and Human Services Commission"
"tx-hhsc-assisted-living:104973","GEORGETOWN LIVING II","104973","assisted_living","Assisted Living","WILLIAMSON","2700 SHELL RD","GEORGETOWN","TX","78628","(512) 843-0117","(512) 863-8222","16","","","","","","","","true","30.7073","-97.6855","30.6","tx-hhsc-assisted-living","Texas HHSC Assisted Living Facilities","https://services1.arcgis.com/jI1j5lArZnrgFYSc/ArcGIS/rest/services/Assisted_Living/FeatureServer/0","Texas Health and Human Services Commission"
"tx-hhsc-assisted-living:110422","SAGE SPRING SENIOR LIVING","110422","assisted_living","Assisted Living","HAYS","802 LEAH AVENUE","SAN MARCOS","TX","78666","(512) 270-8668","","106","","","","","","","","true","29.8573","-97.9459","30.8","tx-hhsc-assisted-living","Texas HHSC Assisted Living Facilities","https://services1.arcgis.com/jI1j5lArZnrgFYSc/ArcGIS/rest/services/Assisted_Living/FeatureServer/0","Texas Health and Human Services Commission"
"tx-hhsc-assisted-living:000743","BROOKDALE SAN MARCOS SOUTH","000743","assisted_living","Assisted Living","HAYS","1401 WONDER WORLD DR","SAN MARCOS","TX","78666","(512) 396-8271","(512) 396-8273","90","","","","","","","","true","29.8504","-97.9439","31.2","tx-hhsc-assisted-living","Texas HHSC Assisted Living Facilities","https://services1.arcgis.com/jI1j5lArZnrgFYSc/ArcGIS/rest/services/Assisted_Living/FeatureServer/0","Texas Health and Human Services Commission"
"tx-hhsc-assisted-living:000924","BROOKDALE SAN MARCOS SOUTH","000924","assisted_living","Assisted Living","HAYS","1401 WONDER WORLD DR","SAN MARCOS","TX","78666","(512) 396-8271","(512) 396-8273","60","","","","","","","","true","29.8504","-97.9439","31.2","tx-hhsc-assisted-living","Texas HHSC Assisted Living Facilities","https://services1.arcgis.com/jI1j5lArZnrgFYSc/ArcGIS/rest/services/Assisted_Living/FeatureServer/0","Texas Health and Human Services Commission"
"tx-hhsc-assisted-living:101807","LIVEOAK LIVING COMMUNITY","101807","assisted_living","Assisted Living","CALDWELL","7343 FM 621","MARTINDALE","TX","78655","(512) 357-1510","(512) 357-0264","16","","","","","","","","true","29.812","-97.8566","32.2","tx-hhsc-assisted-living","Texas HHSC Assisted Living Facilities","https://services1.arcgis.com/jI1j5lArZnrgFYSc/ArcGIS/rest/services/Assisted_Living/FeatureServer/0","Texas Health and Human Services Commission"
"tx-hhsc-assisted-living:103423","ROCKY HOLLOW CABINS","103423","assisted_living","Assisted Living","WILLIAMSON","1650 CR 245","GEORGETOWN","TX","78633","(512) 868-7885","(254) 793-2554","16","","","","","","","","true","30.7454","-97.7753","33.1","tx-hhsc-assisted-living","Texas HHSC Assisted Living Facilities","https://services1.arcgis.com/jI1j5lArZnrgFYSc/ArcGIS/rest/services/Assisted_Living/FeatureServer/0","Texas Health and Human Services Commission"
"tx-hhsc-assisted-living:106641","ROCKY HOLLOW LAKE HOUSE","106641","assisted_living","Assisted Living","WILLIAMSON","1650 COUNTY ROAD 245","GEORGETOWN","TX","78633","(254) 793-2311","","16","","","","","","","","true","30.7454","-97.7753","33.1","tx-hhsc-assisted-living","Texas HHSC Assisted Living Facilities","https://services1.arcgis.com/jI1j5lArZnrgFYSc/ArcGIS/rest/services/Assisted_Living/FeatureServer/0","Texas Health and Human Services Commission"
"tx-hhsc-assisted-living:102467","ROCKY HOLLOW LODGE","102467","assisted_living","Assisted Living","WILLIAMSON","1650 CR 245","GEORGETOWN","TX","78633","(512) 868-7885","(254) 793-2554","16","","","","","","","","true","30.7454","-97.7753","33.1","tx-hhsc-assisted-living","Texas HHSC Assisted Living Facilities","https://services1.arcgis.com/jI1j5lArZnrgFYSc/ArcGIS/rest/services/Assisted_Living/FeatureServer/0","Texas Health and Human Services Commission"
"tx-hhsc-assisted-living:110298","WILLOBELL ASSISTED LIVING, LLC","110298","assisted_living","Assisted Living","WILLIAMSON","800 N. COMMERCE STREET","GRANGER","TX","76530","(254) 527-3371","(254) 527-3173","40","","","","","","","","true","30.7245","-97.4413","36.3","tx-hhsc-assisted-living","Texas HHSC Assisted Living Facilities","https://services1.arcgis.com/jI1j5lArZnrgFYSc/ArcGIS/rest/services/Assisted_Living/FeatureServer/0","Texas Health and Human Services Commission"
"tx-hhsc-assisted-living:101238","GATEWAY GARDENS","101238","assisted_living","Assisted Living","BURNET","605 GATEWAY CENTRAL","MARBLE FALLS","TX","78654","(830) 693-1903","(830) 693-1990","52","","","","","","","","true","30.5602","-98.2739","37.6","tx-hhsc-assisted-living","Texas HHSC Assisted Living Facilities","https://services1.arcgis.com/jI1j5lArZnrgFYSc/ArcGIS/rest/services/Assisted_Living/FeatureServer/0","Texas Health and Human Services Commission"
"tx-hhsc-assisted-living:000875","GATEWAY VILLA","000875","assisted_living","Assisted Living","BURNET","601 STEVE HAWKINS PKWY","MARBLE FALLS","TX","78654","(830) 693-1800","(830) 693-2564","32","","","","","","","","true","30.5607","-98.2746","37.6","tx-hhsc-assisted-living","Texas HHSC Assisted Living Facilities","https://services1.arcgis.com/jI1j5lArZnrgFYSc/ArcGIS/rest/services/Assisted_Living/FeatureServer/0","Texas Health and Human Services Commission"
"tx-hhsc-assisted-living:105513","ARBOR HOUSE OF MARBLE FALLS","105513","assisted_living","Assisted Living","BURNET","1801 KING ROAD","MARBLE FALLS","TX","78654","(830) 613-3260","","52","","","","","","","","true","30.5855","-98.2636","38","tx-hhsc-assisted-living","Texas HHSC Assisted Living Facilities","https://services1.arcgis.com/jI1j5lArZnrgFYSc/ArcGIS/rest/services/Assisted_Living/FeatureServer/0","Texas Health and Human Services Commission"
"tx-hhsc-assisted-living:100058","800 CLAREMONT","100058","assisted_living","Assisted Living","BURNET","800 CLAREMONT","MARBLE FALLS","TX","78654","(830) 693-6446","(830) 693-8249","35","","","","","","","","true","30.5842","-98.2684","38.2","tx-hhsc-assisted-living","Texas HHSC Assisted Living Facilities","https://services1.arcgis.com/jI1j5lArZnrgFYSc/ArcGIS/rest/services/Assisted_Living/FeatureServer/0","Texas Health and Human Services Commission"
"tx-hhsc-assisted-living:000738","RESCARE PREMIER TANGRAM BEHAVIORAL PROGRAM NORTH CAMPUS","000738","assisted_living","Assisted Living","GUADALUPE","500 TANGRAM RANCH RD","SEGUIN","TX","78155","(830) 372-4774","(830) 372-0638","16","","","","","","","","true","29.7089","-97.9004","39.7","tx-hhsc-assisted-living","Texas HHSC Assisted Living Facilities","https://services1.arcgis.com/jI1j5lArZnrgFYSc/ArcGIS/rest/services/Assisted_Living/FeatureServer/0","Texas Health and Human Services Commission"
"tx-hhsc-assisted-living:030104","RESCARE PREMIER LOMA LINDA","030104","assisted_living","Assisted Living","GUADALUPE","301 TANGRAM RANCH RD","SEGUIN","TX","78155","(830) 372-4380","(830) 372-1822","6","","","","","","","","true","29.7069","-97.8991","39.8","tx-hhsc-assisted-living","Texas HHSC Assisted Living Facilities","https://services1.arcgis.com/jI1j5lArZnrgFYSc/ArcGIS/rest/services/Assisted_Living/FeatureServer/0","Texas Health and Human Services Commission"
"tx-hhsc-assisted-living:000554","HACIENDA ASSISTED LIVING CYPRESS HILL","000554","assisted_living","Assisted Living","GUADALUPE","3015 OLD LEHMANN RD","SEGUIN","TX","78155","(830) 372-2701","(830) 303-3870","16","","","","","","","","true","29.7041","-97.9015","40","tx-hhsc-assisted-living","Texas HHSC Assisted Living Facilities","https://services1.arcgis.com/jI1j5lArZnrgFYSc/ArcGIS/rest/services/Assisted_Living/FeatureServer/0","Texas Health and Human Services Commission"
"tx-hhsc-assisted-living:110563","THE BLAKE AT NEW BRAUNFELS, LLC","110563","assisted_living","Assisted Living","COMAL","220 CREEKSIDE CROSSING","NEW BRAUNFELS","TX","78130","(830) 623-2105","","159","","","","","","","","true","29.7263","-98.0757","42.3","tx-hhsc-assisted-living","Texas HHSC Assisted Living Facilities","https://services1.arcgis.com/jI1j5lArZnrgFYSc/ArcGIS/rest/services/Assisted_Living/FeatureServer/0","Texas Health and Human Services Commission"
"tx-hhsc-assisted-living:103926","RIO TERRA ASSISTED LIVING","103926","assisted_living","Assisted Living","COMAL","2294 COMMON ST.","NEW BRAUNFELS","TX","78130","(830) 221-4800","(830) 221-4850","75","","","","","","","","true","29.7324","-98.0976","42.6","tx-hhsc-assisted-living","Texas HHSC Assisted Living Facilities","https://services1.arcgis.com/jI1j5lArZnrgFYSc/ArcGIS/rest/services/Assisted_Living/FeatureServer/0","Texas Health and Human Services Commission"
"tx-hhsc-assisted-living:103402","GRUENE SENIOR LIVING LP","103402","assisted_living","Assisted Living","COMAL","1820 E COMMON ST","NEW BRAUNFELS","TX","78130","(830) 626-2111","(830) 626-2115","84","","","","","","","","true","29.7289","-98.0948","42.7","tx-hhsc-assisted-living","Texas HHSC Assisted Living Facilities","https://services1.arcgis.com/jI1j5lArZnrgFYSc/ArcGIS/rest/services/Assisted_Living/FeatureServer/0","Texas Health and Human Services Commission"
"tx-hhsc-assisted-living:104874","CELESTECARE OF HORSESHOE BAY","104874","assisted_living","Assisted Living","LLANO","26409 TX HWY 71","HORSESHOE BAY","TX","78657","(830) 596-1710","(830) 596-1713","16","","","","","","","","true","30.5196","-98.4034","43","tx-hhsc-assisted-living","Texas HHSC Assisted Living Facilities","https://services1.arcgis.com/jI1j5lArZnrgFYSc/ArcGIS/rest/services/Assisted_Living/FeatureServer/0","Texas Health and Human Services Commission"
"tx-hhsc-assisted-living:106255","CELESTECARE OF HORSESHOE BAY MEMORY CARE","106255","assisted_living","Assisted Living","LLANO","26409 TX HWY 71 BLDG B","HORSESHOE BAY","TX","78657","(512) 422-8787","","16","","","","","","","","true","30.5196","-98.4034","43","tx-hhsc-assisted-living","Texas HHSC Assisted Living Facilities","https://services1.arcgis.com/jI1j5lArZnrgFYSc/ArcGIS/rest/services/Assisted_Living/FeatureServer/0","Texas Health and Human Services Commission"
"tx-hhsc-assisted-living:100800","PAFFORD PLACE","100800","assisted_living","Assisted Living","BURNET","615 CR 340 A","BURNET","TX","78611","(512) 756-7854","(512) 756-8088","16","","","","","","","","true","30.7334","-98.2278","43.2","tx-hhsc-assisted-living","Texas HHSC Assisted Living Facilities","https://services1.arcgis.com/jI1j5lArZnrgFYSc/ArcGIS/rest/services/Assisted_Living/FeatureServer/0","Texas Health and Human Services Commission"
"tx-hhsc-assisted-living:103037","MERCY HOUSE B","103037","assisted_living","Assisted Living","COMAL","550 ROCK ST","NEW BRAUNFELS","TX","78130","(830) 624-7702","(830) 629-4884","16","","","","","","","","true","29.7256","-98.1221","43.8","tx-hhsc-assisted-living","Texas HHSC Assisted Living Facilities","https://services1.arcgis.com/jI1j5lArZnrgFYSc/ArcGIS/rest/services/Assisted_Living/FeatureServer/0","Texas Health and Human Services Commission"
"tx-hhsc-assisted-living:030347","SODALIS ELDER LIVING NEW BRAUNFELS I","030347","assisted_living","Assisted Living","COMAL","550 ROCK ST BLDG B","NEW BRAUNFELS","TX","78130","(830) 624-7702","(830) 608-0309","16","","","","","","","","true","29.7256","-98.1221","43.8","tx-hhsc-assisted-living","Texas HHSC Assisted Living Facilities","https://services1.arcgis.com/jI1j5lArZnrgFYSc/ArcGIS/rest/services/Assisted_Living/FeatureServer/0","Texas Health and Human Services Commission"
"tx-hhsc-assisted-living:000529","EDEN HOME INC","000529","assisted_living","Assisted Living","COMAL","631 LAKEVIEW BLVD","NEW BRAUNFELS","TX","78130","(830) 625-6291","(830) 620-7786","64","","","","","","","","true","29.7244","-98.1279","44","tx-hhsc-assisted-living","Texas HHSC Assisted Living Facilities","https://services1.arcgis.com/jI1j5lArZnrgFYSc/ArcGIS/rest/services/Assisted_Living/FeatureServer/0","Texas Health and Human Services Commission"
"tx-hhsc-assisted-living:101942","COUNTRY OAKS AT HAMILTON CREEK","101942","assisted_living","Assisted Living","BURNET","407 W JACKSON ST","BURNET","TX","78611","(512) 756-4724","(512) 756-1387","60","","","","","","","","true","30.7553","-98.2314","44.5","tx-hhsc-assisted-living","Texas HHSC Assisted Living Facilities","https://services1.arcgis.com/jI1j5lArZnrgFYSc/ArcGIS/rest/services/Assisted_Living/FeatureServer/0","Texas Health and Human Services Commission"
"tx-hhsc-assisted-living:000380","BROOKDALE NEW BRAUNFELS","000380","assisted_living","Assisted Living","COMAL","2457 LOOP 337","NEW BRAUNFELS","TX","78130","(830) 606-5300","(830) 625-7958","60","","","","","","","","true","29.7213","-98.1472","44.8","tx-hhsc-assisted-living","Texas HHSC Assisted Living Facilities","https://services1.arcgis.com/jI1j5lArZnrgFYSc/ArcGIS/rest/services/Assisted_Living/FeatureServer/0","Texas Health and Human Services Commission"
"tx-hhsc-assisted-living:000396","OAKTREE ASSISTED LIVING","000396","assisted_living","Assisted Living","COMAL","1750 HIGHWAY 46 WEST","NEW BRAUNFELS","TX","78132","(830) 608-9222","(830) 608-0995","60","","","","","","","","true","29.7182","-98.1608","45.4","tx-hhsc-assisted-living","Texas HHSC Assisted Living Facilities","https://services1.arcgis.com/jI1j5lArZnrgFYSc/ArcGIS/rest/services/Assisted_Living/FeatureServer/0","Texas Health and Human Services Commission"
"tx-hhsc-assisted-living:106504","MEMORY CARE OF NEW BRAUNFELS","106504","assisted_living","Assisted Living","COMAL","2022 TEXAS 46","NEW BRAUNFELS","TX","78132","(830) 420-5882","(830) 629-2389","64","","","","","","","","true","29.7219","-98.1712","45.6","tx-hhsc-assisted-living","Texas HHSC Assisted Living Facilities","https://services1.arcgis.com/jI1j5lArZnrgFYSc/ArcGIS/rest/services/Assisted_Living/FeatureServer/0","Texas Health and Human Services Commission"
"tx-hhsc-assisted-living:106312","ELAN WESTPOINTE","106312","assisted_living","Assisted Living","COMAL","2140 INDEPENDENCE DRIVE","NEW BRAUNFELS","TX","78132","830 4834900","830 6288021","128","","","","","","","","true","29.7132","-98.1636","45.8","tx-hhsc-assisted-living","Texas HHSC Assisted Living Facilities","https://services1.arcgis.com/jI1j5lArZnrgFYSc/ArcGIS/rest/services/Assisted_Living/FeatureServer/0","Texas Health and Human Services Commission"
"tx-hhsc-assisted-living:110107","BECS BLESSING, LLC","110107","assisted_living","Assisted Living","LEE","325 CACTUS STREET","GIDDINGS","TX","78942","(979) 540-6894","(979) 212-0472","16","","","","","","","","true","30.1917","-96.9284","48.9","tx-hhsc-assisted-living","Texas HHSC Assisted Living Facilities","https://services1.arcgis.com/jI1j5lArZnrgFYSc/ArcGIS/rest/services/Assisted_Living/FeatureServer/0","Texas Health and Human Services Commission"
"tx-hhsc-assisted-living:000702","THE BRAIN INJURY LIFECARE CENTER","000702","assisted_living","Assisted Living","GONZALES","239 PRIVATE ROAD 5091","GONZALES","TX","78629","(830) 672-6596","(830) 672-7446","8","","","","","","","","true","29.5807","-97.4968","49.7","tx-hhsc-assisted-living","Texas HHSC Assisted Living Facilities","https://services1.arcgis.com/jI1j5lArZnrgFYSc/ArcGIS/rest/services/Assisted_Living/FeatureServer/0","Texas Health and Human Services Commission"
"tx-hhsc-assisted-living:050604","SEGUIN ASSISTED LIVING","050604","assisted_living","Assisted Living","GUADALUPE","226 PRESTON DR","SEGUIN","TX","78155","(830) 379-8882","(830) 379-8998","60","","","","","","","","true","29.5661","-97.9392","49.8","tx-hhsc-assisted-living","Texas HHSC Assisted Living Facilities","https://services1.arcgis.com/jI1j5lArZnrgFYSc/ArcGIS/rest/services/Assisted_Living/FeatureServer/0","Texas Health and Human Services Commission"
"tx-hhsc-assisted-living:000359","WINDCHIME AT THE VILLAGE","000359","assisted_living","Assisted Living","LLANO","216 COVENANT LN","KINGSLAND","TX","78639","(325) 388-3502","(325) 388-0742","60","","","","","","","","true","30.6587","-98.4471","49.9","tx-hhsc-assisted-living","Texas HHSC Assisted Living Facilities","https://services1.arcgis.com/jI1j5lArZnrgFYSc/ArcGIS/rest/services/Assisted_Living/FeatureServer/0","Texas Health and Human Services Commission"
"tx-hhsc-assisted-living:030122","ARGENT COURT","030122","assisted_living","Assisted Living","GUADALUPE","953 S HWY 123 BYPASS","SEGUIN","TX","78155","(830) 372-1177","(830) 372-4477","56","","","","","","","","true","29.5606","-97.9433","50.3","tx-hhsc-assisted-living","Texas HHSC Assisted Living Facilities","https://services1.arcgis.com/jI1j5lArZnrgFYSc/ArcGIS/rest/services/Assisted_Living/FeatureServer/0","Texas Health and Human Services Commission"
"tx-hhsc-assisted-living:106447","THE VILLAGE OF GARDEN RIDGE","106447","assisted_living","Assisted Living","COMAL","9514 FM 1863","SAN ANTONIO","TX","78266","(210) 860-8964","(210) 651-7400","16","","","","","","","","true","29.7123","-98.2986","50.7","tx-hhsc-assisted-living","Texas HHSC Assisted Living Facilities","https://services1.arcgis.com/jI1j5lArZnrgFYSc/ArcGIS/rest/services/Assisted_Living/FeatureServer/0","Texas Health and Human Services Commission"
"tx-hhsc-assisted-living:110649","BELLA GROVES  BULVERDE I","110649","assisted_living","Assisted Living","COMAL","3650 WESTWARD SPUR","BULVERDE","TX","78163","210 2016931","","16","","","","","","","","true","29.7653","-98.433","53.9","tx-hhsc-assisted-living","Texas HHSC Assisted Living Facilities","https://services1.arcgis.com/jI1j5lArZnrgFYSc/ArcGIS/rest/services/Assisted_Living/FeatureServer/0","Texas Health and Human Services Commission"
"tx-hhsc-assisted-living:030010","THE ROMBERG HOUSE","030010","assisted_living","Assisted Living","GONZALES","210 QUALLS ST","GONZALES","TX","78629","(830) 672-8249","(830) 672-2493","16","","","","","","","","true","29.5127","-97.4601","54.8","tx-hhsc-assisted-living","Texas HHSC Assisted Living Facilities","https://services1.arcgis.com/jI1j5lArZnrgFYSc/ArcGIS/rest/services/Assisted_Living/FeatureServer/0","Texas Health and Human Services Commission"
"tx-hhsc-assisted-living:106854","BULVERDE ASSISTED LIVING INC","106854","assisted_living","Assisted Living","COMAL","1396 BULVERDE ROAD","BULVERDE","TX","78163","(830) 980-2254","(210) 783-8256","40","","","","","","","","true","29.7662","-98.4594","55.1","tx-hhsc-assisted-living","Texas HHSC Assisted Living Facilities","https://services1.arcgis.com/jI1j5lArZnrgFYSc/ArcGIS/rest/services/Assisted_Living/FeatureServer/0","Texas Health and Human Services Commission"
"tx-hhsc-assisted-living:101536","GARDEN RIDGE ASSISTED LIVING","101536","assisted_living","Assisted Living","COMAL","9621 MEADOW RUE","GARDEN RIDGE","TX","78266","(210) 744-2971","(210) 651-7400","8","","","","","","","","true","29.6281","-98.2946","55.1","tx-hhsc-assisted-living","Texas HHSC Assisted Living Facilities","https://services1.arcgis.com/jI1j5lArZnrgFYSc/ArcGIS/rest/services/Assisted_Living/FeatureServer/0","Texas Health and Human Services Commission"
"tx-hhsc-assisted-living:105480","NEW HAVEN ASSISTED LIVING OF SCHERTZ LLC","105480","assisted_living","Assisted Living","GUADALUPE","2300 FM 3009","CIBOLO","TX","78108","(210) 319-4965","(210) 309-4947","16","","","","","","","","true","29.5875","-98.2323","55.4","tx-hhsc-assisted-living","Texas HHSC Assisted Living Facilities","https://services1.arcgis.com/jI1j5lArZnrgFYSc/ArcGIS/rest/services/Assisted_Living/FeatureServer/0","Texas Health and Human Services Commission"
"tx-hhsc-assisted-living:105481","NEW HAVEN ASSISTED LIVING OF SCHERTZ LLC","105481","assisted_living","Assisted Living","GUADALUPE","2332 FM 3009","CIBOLO","TX","78108","(210) 319-4965","(210) 309-4947","16","","","","","","","","true","29.5875","-98.2323","55.4","tx-hhsc-assisted-living","Texas HHSC Assisted Living Facilities","https://services1.arcgis.com/jI1j5lArZnrgFYSc/ArcGIS/rest/services/Assisted_Living/FeatureServer/0","Texas Health and Human Services Commission"
"tx-hhsc-assisted-living:030300","THE ROSEWOOD RETIREMENT COMMUNITY","030300","assisted_living","Assisted Living","BELL","5700 E CENTRAL TEXAS EXPY","KILLEEN","TX","76543","(254) 680-5020","(254) 690-3238","85","","","","","","","","true","31.0731","-97.6868","55.8","tx-hhsc-assisted-living","Texas HHSC Assisted Living Facilities","https://services1.arcgis.com/jI1j5lArZnrgFYSc/ArcGIS/rest/services/Assisted_Living/FeatureServer/0","Texas Health and Human Services Commission"
"tx-hhsc-assisted-living:101917","SODALIS ELDER LIVING GRACELAND","101917","assisted_living","Assisted Living","COMAL","19095 FM 2252","GARDEN RIDGE","TX","78266","(210) 651-2377","","50","","","","","","","","true","29.6173","-98.3117","56.3","tx-hhsc-assisted-living","Texas HHSC Assisted Living Facilities","https://services1.arcgis.com/jI1j5lArZnrgFYSc/ArcGIS/rest/services/Assisted_Living/FeatureServer/0","Texas Health and Human Services Commission"
"tx-hhsc-assisted-living:106371","LEGACY AT FOREST RIDGE","106371","assisted_living","Assisted Living","GUADALUPE","5001 SCHERTZ PARKWAY","SCHERTZ","TX","78154","(210) 305-5713","","108","","","","","","","","true","29.5883","-98.2906","57.2","tx-hhsc-assisted-living","Texas HHSC Assisted Living Facilities","https://services1.arcgis.com/jI1j5lArZnrgFYSc/ArcGIS/rest/services/Assisted_Living/FeatureServer/0","Texas Health and Human Services Commission"
"tx-hhsc-assisted-living:110495","THE BROOKS OF CIBOLO","110495","assisted_living","Assisted Living","GUADALUPE","816 EVERYDAY WAY","CIBOLO","TX","78108","210 4551200","","126","","","","","","","","true","29.5542","-98.2299","57.2","tx-hhsc-assisted-living","Texas HHSC Assisted Living Facilities","https://services1.arcgis.com/jI1j5lArZnrgFYSc/ArcGIS/rest/services/Assisted_Living/FeatureServer/0","Texas Health and Human Services Commission"
"tx-hhsc-assisted-living:030411","JEFFERSON PLACE ASSISTED LIVING","030411","assisted_living","Assisted Living","FAYETTE","911 S JEFFERSON","LA GRANGE","TX","78945","(979) 968-9161","(979) 968-6962","45","","","","","","","","true","29.8979","-96.8707","58.1","tx-hhsc-assisted-living","Texas HHSC Assisted Living Facilities","https://services1.arcgis.com/jI1j5lArZnrgFYSc/ArcGIS/rest/services/Assisted_Living/FeatureServer/0","Texas Health and Human Services Commission"
"tx-hhsc-assisted-living:106767","SODALIS AT STONE OAK","106767","assisted_living","Assisted Living","BEXAR","25690 WILDERNESS OAKS","SAN ANTONIO","TX","78261","(830) 624-1044","(830) 626-4884","66","","","","","","","","true","29.6814","-98.4386","58.1","tx-hhsc-assisted-living","Texas HHSC Assisted Living Facilities","https://services1.arcgis.com/jI1j5lArZnrgFYSc/ArcGIS/rest/services/Assisted_Living/FeatureServer/0","Texas Health and Human Services Commission"
"tx-hhsc-assisted-living:104975","FIRST STREET ASSISTED LIVING AND ADULT DAY CARE","104975","assisted_living","Assisted Living","GUADALUPE","312 1ST STREET","SCHERTZ","TX","78154","(210) 566-6303","(210) 566-4191","16","","","","","","","","true","29.5511","-98.2699","58.7","tx-hhsc-assisted-living","Texas HHSC Assisted Living Facilities","https://services1.arcgis.com/jI1j5lArZnrgFYSc/ArcGIS/rest/services/Assisted_Living/FeatureServer/0","Texas Health and Human Services Commission"
"tx-hhsc-assisted-living:103463","CANYON CREEK MEMORY CARE","103463","assisted_living","Assisted Living","BELL","4257 LOWES DRIVE","TEMPLE","TX","76502","(254) 773-3081","(254) 231-3644","52","","","","","","","","true","31.058","-97.3659","59.1","tx-hhsc-assisted-living","Texas HHSC Assisted Living Facilities","https://services1.arcgis.com/jI1j5lArZnrgFYSc/ArcGIS/rest/services/Assisted_Living/FeatureServer/0","Texas Health and Human Services Commission"
"tx-hhsc-assisted-living:104460","STONEY BROOK OF BELTON","104460","assisted_living","Assisted Living","BELL","500 RIVER FAIR BLVD","BELTON","TX","76513","(254) 933-3800","","57","","","","","","","","true","31.0889","-97.4644","59.1","tx-hhsc-assisted-living","Texas HHSC Assisted Living Facilities","https://services1.arcgis.com/jI1j5lArZnrgFYSc/ArcGIS/rest/services/Assisted_Living/FeatureServer/0","Texas Health and Human Services Commission"
"tx-hhsc-assisted-living:104420","STONEY BROOK OF BELTON","104420","assisted_living","Assisted Living","BELL","500 RIVER FAIR BLVD","BELTON","TX","76513","(254) 933-3800","","56","","","","","","","","true","31.0889","-97.4644","59.1","tx-hhsc-assisted-living","Texas HHSC Assisted Living Facilities","https://services1.arcgis.com/jI1j5lArZnrgFYSc/ArcGIS/rest/services/Assisted_Living/FeatureServer/0","Texas Health and Human Services Commission"
"tx-hhsc-assisted-living:102947","AUTISM TREATMENT CENTER INC","102947","assisted_living","Assisted Living","BEXAR","16511 HUNTING VALLEY","SAN ANTONIO","TX","78247","(210) 590-2107","(210) 590-3143","7","","","","","","","","true","29.5909","-98.3627","59.7","tx-hhsc-assisted-living","Texas HHSC Assisted Living Facilities","https://services1.arcgis.com/jI1j5lArZnrgFYSc/ArcGIS/rest/services/Assisted_Living/FeatureServer/0","Texas Health and Human Services Commission"
"tx-hhsc-assisted-living:000365","SODALIS TEMPLE","000365","assisted_living","Assisted Living","BELL","3002 JACK RABBIT ROAD","TEMPLE","TX","76502","(254) 778-2222","(254) 778-2845","74","","","","","","","","true","31.074","-97.3791","59.8","tx-hhsc-assisted-living","Texas HHSC Assisted Living Facilities","https://services1.arcgis.com/jI1j5lArZnrgFYSc/ArcGIS/rest/services/Assisted_Living/FeatureServer/0","Texas Health and Human Services Commission"
"tx-hhsc-assisted-living:103040","THE MERCY HOUSE A","103040","assisted_living","Assisted Living","BELL","2728 COTTONWOOD LANE","TEMPLE","TX","76502","254 7719911","(866) 577-7154","16","","","","","","","","true","31.0744","-97.3818","59.8","tx-hhsc-assisted-living","Texas HHSC Assisted Living Facilities","https://services1.arcgis.com/jI1j5lArZnrgFYSc/ArcGIS/rest/services/Assisted_Living/FeatureServer/0","Texas Health and Human Services Commission"
"tx-hhsc-assisted-living:103473","THE MERCY HOUSE B","103473","assisted_living","Assisted Living","BELL","2728 COTTONWOOD LN","TEMPLE","TX","76502","254 7719911","(866) 577-7154","16","","","","","","","","true","31.0744","-97.3818","59.8","tx-hhsc-assisted-living","Texas HHSC Assisted Living Facilities","https://services1.arcgis.com/jI1j5lArZnrgFYSc/ArcGIS/rest/services/Assisted_Living/FeatureServer/0","Texas Health and Human Services Commission"
"tx-hhsc-assisted-living:106309","AUTISTIC TREATMENT CENTER","106309","assisted_living","Assisted Living","BEXAR","16330 MARTINS FERRY","SAN ANTONIO","TX","78247","(210) 590-2107","(210) 590-3143","5","","","","","","","","true","29.5866","-98.363","59.9","tx-hhsc-assisted-living","Texas HHSC Assisted Living Facilities","https://services1.arcgis.com/jI1j5lArZnrgFYSc/ArcGIS/rest/services/Assisted_Living/FeatureServer/0","Texas Health and Human Services Commission"
"tx-hhsc-assisted-living:110486","LAMPASAS ASSISTED LIVING","110486","assisted_living","Assisted Living","LAMPASAS","2032 HWY 281 SOUTH","LAMPASAS","TX","76550","(866) 304-6801","(972) 300-3640","50","","","","","","","","true","31.0501","-98.1826","60.1","tx-hhsc-assisted-living","Texas HHSC Assisted Living Facilities","https://services1.arcgis.com/jI1j5lArZnrgFYSc/ArcGIS/rest/services/Assisted_Living/FeatureServer/0","Texas Health and Human Services Commission"
"tx-hhsc-assisted-living:102468","SILVER CREEK ASSISTED LIVING LAMPASAS","102468","assisted_living","Assisted Living","LAMPASAS","1802 HWY 281 S","LAMPASAS","TX","76550","(512) 556-8990","(512) 556-8994","16","","","","","","","","true","31.0522","-98.1826","60.2","tx-hhsc-assisted-living","Texas HHSC Assisted Living Facilities","https://services1.arcgis.com/jI1j5lArZnrgFYSc/ArcGIS/rest/services/Assisted_Living/FeatureServer/0","Texas Health and Human Services Commission"
"tx-hhsc-assisted-living:104834","FRANKLIN PARK TPC PARKWAY","104834","assisted_living","Assisted Living","BEXAR","21802 ENCINO COMMONS","SAN ANTONIO","TX","78258","(210) 483-9999","","125","","","","","","","","true","29.6438","-98.4494","60.4","tx-hhsc-assisted-living","Texas HHSC Assisted Living Facilities","https://services1.arcgis.com/jI1j5lArZnrgFYSc/ArcGIS/rest/services/Assisted_Living/FeatureServer/0","Texas Health and Human Services Commission"
"tx-hhsc-assisted-living:105623","SEASON'S ALZHEIMERS AND ASSISTED CARE","105623","assisted_living","Assisted Living","BEXAR","15170 NACOGDOCHES ROAD","SAN ANTONIO","TX","78247","(210) 584-4238","","16","","","","","","","","true","29.58","-98.369","60.5","tx-hhsc-assisted-living","Texas HHSC Assisted Living Facilities","https://services1.arcgis.com/jI1j5lArZnrgFYSc/ArcGIS/rest/services/Assisted_Living/FeatureServer/0","Texas Health and Human Services Commission"
"tx-hhsc-assisted-living:106894","SEASONS ALZHEIMER'S CARE & ASSISTED LIVING LLC","106894","assisted_living","Assisted Living","BEXAR","15170 NACOGDOCHES ROAD BLDG 2","SAN ANTONIO","TX","78247","(210) 584-4238","(210) 584-4238","16","","","","","","","","true","29.58","-98.369","60.5","tx-hhsc-assisted-living","Texas HHSC Assisted Living Facilities","https://services1.arcgis.com/jI1j5lArZnrgFYSc/ArcGIS/rest/services/Assisted_Living/FeatureServer/0","Texas Health and Human Services Commission"
"tx-hhsc-assisted-living:104600","STONEY BROOK OF COPPERAS COVE","104600","assisted_living","Assisted Living","CORYELL","1808 MARTIN LUTHER KING JR DRIVE","COPPERAS COVE","TX","76522","(254) 547-1700","(254) 547-1788","28","","","","","","","","true","31.1358","-97.9192","60.9","tx-hhsc-assisted-living","Texas HHSC Assisted Living Facilities","https://services1.arcgis.com/jI1j5lArZnrgFYSc/ArcGIS/rest/services/Assisted_Living/FeatureServer/0","Texas Health and Human Services Commission"
"tx-hhsc-assisted-living:104601","STONEY BROOK OF COPPERAS COVE","104601","assisted_living","Assisted Living","CORYELL","1808 MARTIN LUTHER KING JR DRIVE","COPPERAS COVE","TX","76522","(254) 547-1700","(254) 547-1788","52","","","","","","","","true","31.1358","-97.9192","60.9","tx-hhsc-assisted-living","Texas HHSC Assisted Living Facilities","https://services1.arcgis.com/jI1j5lArZnrgFYSc/ArcGIS/rest/services/Assisted_Living/FeatureServer/0","Texas Health and Human Services Commission"
"tx-hhsc-assisted-living:000313","BROOKDALE NACOGDOCHES","000313","assisted_living","Assisted Living","BEXAR","14595 NACOGDOCHES RD","SAN ANTONIO","TX","78247","(210) 653-6100","(210) 653-2082","60","","","","","","","","true","29.5737","-98.3791","61.2","tx-hhsc-assisted-living","Texas HHSC Assisted Living Facilities","https://services1.arcgis.com/jI1j5lArZnrgFYSc/ArcGIS/rest/services/Assisted_Living/FeatureServer/0","Texas Health and Human Services Commission"
"tx-hhsc-assisted-living:030364","ESPLANADE GARDENS SENIOR INC","030364","assisted_living","Assisted Living","BEXAR","10790 TOEPPERWEIN","CONVERSE","TX","78109","(210) 566-7600","(210) 566-7605","120","","","","","","","","true","29.5376","-98.3319","61.5","tx-hhsc-assisted-living","Texas HHSC Assisted Living Facilities","https://services1.arcgis.com/jI1j5lArZnrgFYSc/ArcGIS/rest/services/Assisted_Living/FeatureServer/0","Texas Health and Human Services Commission"
"tx-hhsc-assisted-living:105159","MIRAMAR HOME CARE","105159","assisted_living","Assisted Living","BEXAR","8662 GAVEL DRIVE","CONVERSE","TX","78109","(210) 957-4769","(210) 932-8250","6","","","","","","","","true","29.5154","-98.2982","61.7","tx-hhsc-assisted-living","Texas HHSC Assisted Living Facilities","https://services1.arcgis.com/jI1j5lArZnrgFYSc/ArcGIS/rest/services/Assisted_Living/FeatureServer/0","Texas Health and Human Services Commission"
"tx-hhsc-assisted-living:110651","SERENITY OAKS ASSISTED LIVING AND MEMORY CARE","110651","assisted_living","Assisted Living","BEXAR","6674 RANDOLPH BLVD","LIVE OAK","TX","78233","","","16","","","","","","","","true","29.5504","-98.3571","61.7","tx-hhsc-assisted-living","Texas HHSC Assisted Living Facilities","https://services1.arcgis.com/jI1j5lArZnrgFYSc/ArcGIS/rest/services/Assisted_Living/FeatureServer/0","Texas Health and Human Services Commission"
"tx-hhsc-assisted-living:110554","SERENITY OAKS ASSISTED LIVING AND MEMORY CARE","110554","assisted_living","Assisted Living","BEXAR","6684 RANDOLPH BLVD","LIVE OAK","TX","78233","(210) 274-3556","","16","","","","","","","","true","29.5498","-98.357","61.7","tx-hhsc-assisted-living","Texas HHSC Assisted Living Facilities","https://services1.arcgis.com/jI1j5lArZnrgFYSc/ArcGIS/rest/services/Assisted_Living/FeatureServer/0","Texas Health and Human Services Commission"
"tx-hhsc-assisted-living:100002","WOODCREST HOME FOR SENIOR CITIZENS","100002","assisted_living","Assisted Living","BEXAR","11307 FOREST SHOWER","SAN ANTONIO","TX","78233","(210) 599-3053","(210) 627-6322","10","","","","","","","","true","29.5419","-98.3507","61.9","tx-hhsc-assisted-living","Texas HHSC Assisted Living Facilities","https://services1.arcgis.com/jI1j5lArZnrgFYSc/ArcGIS/rest/services/Assisted_Living/FeatureServer/0","Texas Health and Human Services Commission"
"tx-hhsc-assisted-living:000302","BROOKDALE WESTERN HILLS","000302","assisted_living","Assisted Living","BELL","3902 W ADAMS AVE","TEMPLE","TX","76504","(254) 791-8000","(254) 791-8003","54","","","","","","","","true","31.1089","-97.3824","62","tx-hhsc-assisted-living","Texas HHSC Assisted Living Facilities","https://services1.arcgis.com/jI1j5lArZnrgFYSc/ArcGIS/rest/services/Assisted_Living/FeatureServer/0","Texas Health and Human Services Commission"
"tx-hhsc-assisted-living:030135","GARDEN ESTATES OF TEMPLE ASSISTED LIVING COMMUNITY","030135","assisted_living","Assisted Living","BELL","5320 LOOP 205","TEMPLE","TX","76502","(254) 770-1017","(254) 770-1101","156","","","","","","","","true","31.1156","-97.3975","62.1","tx-hhsc-assisted-living","Texas HHSC Assisted Living Facilities","https://services1.arcgis.com/jI1j5lArZnrgFYSc/ArcGIS/rest/services/Assisted_Living/FeatureServer/0","Texas Health and Human Services Commission"
"tx-hhsc-assisted-living:000973","WILDFLOWER PLACE","000973","assisted_living","Assisted Living","BELL","706 RED COAT DR","TEMPLE","TX","76504","(254) 742-1581","(254) 742-0425","47","","","","","","","","true","31.1123","-97.3708","62.4","tx-hhsc-assisted-living","Texas HHSC Assisted Living Facilities","https://services1.arcgis.com/jI1j5lArZnrgFYSc/ArcGIS/rest/services/Assisted_Living/FeatureServer/0","Texas Health and Human Services Commission"
"tx-hhsc-assisted-living:110289","MENTIS NEURO HEALTH","110289","assisted_living","Assisted Living","BEXAR","18931 HARDY OAK BLVD","SAN ANTONIO","TX","78258","(210) 599-4400","(210) 599-1046","24","","","","","","","","true","29.6195","-98.4771","62.7","tx-hhsc-assisted-living","Texas HHSC Assisted Living Facilities","https://services1.arcgis.com/jI1j5lArZnrgFYSc/ArcGIS/rest/services/Assisted_Living/FeatureServer/0","Texas Health and Human Services Commission"
"tx-hhsc-assisted-living:010240","A & R GOLDEN CASA ASSISTED LIVING, INC","010240","assisted_living","Assisted Living","BEXAR","7715 BARREN RIDGE","SAN ANTONIO","TX","78239","(210) 669-0967","(210) 656-8024","11","","","","","","","","true","29.5196","-98.3401","62.8","tx-hhsc-assisted-living","Texas HHSC Assisted Living Facilities","https://services1.arcgis.com/jI1j5lArZnrgFYSc/ArcGIS/rest/services/Assisted_Living/FeatureServer/0","Texas Health and Human Services Commission"
"tx-hhsc-assisted-living:102130","SUSAN HOME CARE","102130","assisted_living","Assisted Living","BEXAR","8426 CASCADE RIDGE DR","SAN ANTONIO","TX","78239","(210) 630-9982","(210) 590-0860","10","","","","","","","","true","29.5143","-98.331","62.8","tx-hhsc-assisted-living","Texas HHSC Assisted Living Facilities","https://services1.arcgis.com/jI1j5lArZnrgFYSc/ArcGIS/rest/services/Assisted_Living/FeatureServer/0","Texas Health and Human Services Commission"
"tx-hhsc-assisted-living:000523","THE ARMY RESIDENCE COMMUNITY HEALTH CARE CENTER","000523","assisted_living","Assisted Living","BEXAR","7402 CRESTWAY DRIVE","SAN ANTONIO","TX","78239","(210) 646-5200","(210) 646-5395","30","","","","","","","","true","29.5209","-98.3426","62.8","tx-hhsc-assisted-living","Texas HHSC Assisted Living Facilities","https://services1.arcgis.com/jI1j5lArZnrgFYSc/ArcGIS/rest/services/Assisted_Living/FeatureServer/0","Texas Health and Human Services Commission"
"tx-hhsc-assisted-living:100102","INDEPENDENCE HILL ASSISTED LIVING","100102","assisted_living","Assisted Living","BEXAR","20500 HUEBNER RD","SAN ANTONIO","TX","78258","(210) 482-2000","(210) 482-2006","115","","","","","","","","true","29.6251","-98.4905","63","tx-hhsc-assisted-living","Texas HHSC Assisted Living Facilities","https://services1.arcgis.com/jI1j5lArZnrgFYSc/ArcGIS/rest/services/Assisted_Living/FeatureServer/0","Texas Health and Human Services Commission"
"tx-hhsc-assisted-living:101357","THE HAVEN IN STONE OAK","101357","assisted_living","Assisted Living","BEXAR","511 KNIGHTS CROSS DRIVE","SAN ANTONIO","TX","78258","210 4042687","210 4811599","60","","","","","","","","true","29.6338","-98.5011","63","tx-hhsc-assisted-living","Texas HHSC Assisted Living Facilities","https://services1.arcgis.com/jI1j5lArZnrgFYSc/ArcGIS/rest/services/Assisted_Living/FeatureServer/0","Texas Health and Human Services Commission"
"tx-hhsc-assisted-living:101554","THE LAURELS IN STONE OAK","101554","assisted_living","Assisted Living","BEXAR","575 KNIGHTS CROSS DRIVE","SAN ANTONIO","TX","78258","210 2490991","210 4975143","62","","","","","","","","true","29.6335","-98.4999","63","tx-hhsc-assisted-living","Texas HHSC Assisted Living Facilities","https://services1.arcgis.com/jI1j5lArZnrgFYSc/ArcGIS/rest/services/Assisted_Living/FeatureServer/0","Texas Health and Human Services Commission"
"tx-hhsc-assisted-living:101354","THE LAURELS IN STONE OAK","101354","assisted_living","Assisted Living","STARR","575 KNIGHTS CROSS DRIVE","SAN ANTONIO","TX","78258","210 2490991","210 4975143","62","","","","","","","","true","29.6335","-98.4999","63","tx-hhsc-assisted-living","Texas HHSC Assisted Living Facilities","https://services1.arcgis.com/jI1j5lArZnrgFYSc/ArcGIS/rest/services/Assisted_Living/FeatureServer/0","Texas Health and Human Services Commission"
"tx-hhsc-assisted-living:030383","SODALIS SAN ANTONIO","030383","assisted_living","Assisted Living","BEXAR","6849 CRESTWAY","SAN ANTONIO","TX","78239","(210) 946-4994","(210) 946-5775","113","","","","","","","","true","29.5224","-98.3536","63.1","tx-hhsc-assisted-living","Texas HHSC Assisted Living Facilities","https://services1.arcgis.com/jI1j5lArZnrgFYSc/ArcGIS/rest/services/Assisted_Living/FeatureServer/0","Texas Health and Human Services Commission"
"tx-hhsc-assisted-living:105022","LAKESIDE VILLAS AT THE ARC","105022","assisted_living","Assisted Living","BEXAR","10000 RHINELAND","SAN ANTONIO","TX","78239","(210) 646-5200","(210) 646-5395","68","","","","","","","","true","29.5148","-98.3425","63.2","tx-hhsc-assisted-living","Texas HHSC Assisted Living Facilities","https://services1.arcgis.com/jI1j5lArZnrgFYSc/ArcGIS/rest/services/Assisted_Living/FeatureServer/0","Texas Health and Human Services Commission"
"tx-hhsc-assisted-living:000652","CAMINO REAL SENIOR LIVING","000652","assisted_living","Assisted Living","BEXAR","4415 RIO DORO","SAN ANTONIO","TX","78233","(210) 653-3132","(210) 653-9791","205","","","","","","","","true","29.5524","-98.4036","63.3","tx-hhsc-assisted-living","Texas HHSC Assisted Living Facilities","https://services1.arcgis.com/jI1j5lArZnrgFYSc/ArcGIS/rest/services/Assisted_Living/FeatureServer/0","Texas Health and Human Services Commission"
"tx-hhsc-assisted-living:103524","HEART TO HEART RESIDENTIAL CARE HOME LLC","103524","assisted_living","Assisted Living","BEXAR","12119 SAN MIGUEL","SAN ANTONIO","TX","78233","(210) 777-1039","(210) 564-9319","12","","","","","","","","true","29.5513","-98.4014","63.3","tx-hhsc-assisted-living","Texas HHSC Assisted Living Facilities","https://services1.arcgis.com/jI1j5lArZnrgFYSc/ArcGIS/rest/services/Assisted_Living/FeatureServer/0","Texas Health and Human Services Commission"
"tx-hhsc-assisted-living:050192","IHCS RESIDENTIAL","050192","assisted_living","Assisted Living","BEXAR","15218 PEBBLE FOREST DR","SAN ANTONIO","TX","78232","(210) 559-9500","866 343 7707","9","","","","","","","","true","29.5821","-98.4457","63.3","tx-hhsc-assisted-living","Texas HHSC Assisted Living Facilities","https://services1.arcgis.com/jI1j5lArZnrgFYSc/ArcGIS/rest/services/Assisted_Living/FeatureServer/0","Texas Health and Human Services Commission"
"tx-hhsc-assisted-living:106920","IJNA ASSISTED FACILITY","106920","assisted_living","Assisted Living","BEXAR","8915 NEW WORLD","SAN ANTONIO","TX","78239","(210) 314-8919","(210) 314-8135","28","","","","","","","","true","29.5209","-98.3554","63.3","tx-hhsc-assisted-living","Texas HHSC Assisted Living Facilities","https://services1.arcgis.com/jI1j5lArZnrgFYSc/ArcGIS/rest/services/Assisted_Living/FeatureServer/0","Texas Health and Human Services Commission"
"tx-hhsc-assisted-living:103570","CAROL ANN'S HOME INC","103570","assisted_living","Assisted Living","BEXAR","4215 HILTON HEAD","SAN ANTONIO","TX","78217","(210) 966-0656","(210) 642-8113","8","","","","","","","","true","29.5555","-98.4108","63.4","tx-hhsc-assisted-living","Texas HHSC Assisted Living Facilities","https://services1.arcgis.com/jI1j5lArZnrgFYSc/ArcGIS/rest/services/Assisted_Living/FeatureServer/0","Texas Health and Human Services Commission"
"tx-hhsc-assisted-living:101026","FAITH HOME","101026","assisted_living","Assisted Living","BEXAR","4218 CLEAR LAKE","SAN ANTONIO","TX","78217","(210) 637-7848","(210) 637-7848","7","","","","","","","","true","29.5542","-98.4102","63.4","tx-hhsc-assisted-living","Texas HHSC Assisted Living Facilities","https://services1.arcgis.com/jI1j5lArZnrgFYSc/ArcGIS/rest/services/Assisted_Living/FeatureServer/0","Texas Health and Human Services Commission"
"tx-hhsc-assisted-living:000923","PIPESTONE PLACE ASSISTED LIVING","000923","assisted_living","Assisted Living","BEXAR","2104 PIPESTONE DR","SAN ANTONIO","TX","78232","(210) 545-6272","(210) 579-6557","16","","","","","","","","true","29.5917","-98.4604","63.4","tx-hhsc-assisted-living","Texas HHSC Assisted Living Facilities","https://services1.arcgis.com/jI1j5lArZnrgFYSc/ArcGIS/rest/services/Assisted_Living/FeatureServer/0","Texas Health and Human Services Commission"
"tx-hhsc-assisted-living:110685","PREMIER ASSISTED LIVING","110685","assisted_living","Assisted Living","BEXAR","1802 POPPY PEAK ST","SAN ANTONIO","TX","78232","(210) 437-1544","","6","","","","","","","","true","29.5951","-98.4654","63.5","tx-hhsc-assisted-living","Texas HHSC Assisted Living Facilities","https://services1.arcgis.com/jI1j5lArZnrgFYSc/ArcGIS/rest/services/Assisted_Living/FeatureServer/0","Texas Health and Human Services Commission"
"tx-hhsc-assisted-living:030200","BROOKDALE HOLLYWOOD PARK","030200","assisted_living","Assisted Living","BEXAR","16911 SAN PEDRO","HOLLYWOOD PARK","TX","78232","(210) 495-9340","(210) 495-3570","101","","","","","","","","true","29.5956","-98.4745","63.8","tx-hhsc-assisted-living","Texas HHSC Assisted Living Facilities","https://services1.arcgis.com/jI1j5lArZnrgFYSc/ArcGIS/rest/services/Assisted_Living/FeatureServer/0","Texas Health and Human Services Commission"
"tx-hhsc-assisted-living:104458","FRANKLIN PARK SONTERRA ASSISTED LIVING","104458","assisted_living","Assisted Living","BEXAR","18323 SONTERRA PLACE","SAN ANTONIO","TX","78258","(210) 404-1444","(210) 490-2801","70","","","","","","","","true","29.6111","-98.4993","64.1","tx-hhsc-assisted-living","Texas HHSC Assisted Living Facilities","https://services1.arcgis.com/jI1j5lArZnrgFYSc/ArcGIS/rest/services/Assisted_Living/FeatureServer/0","Texas Health and Human Services Commission"
"tx-hhsc-assisted-living:105598","THE LANDING AT STONE OAK","105598","assisted_living","Assisted Living","BEXAR","19110 HUEBNER ROAD","SAN ANTONIO","TX","78258","(210) 479-0155","","67","","","","","","","","true","29.6199","-98.5144","64.3","tx-hhsc-assisted-living","Texas HHSC Assisted Living Facilities","https://services1.arcgis.com/jI1j5lArZnrgFYSc/ArcGIS/rest/services/Assisted_Living/FeatureServer/0","Texas Health and Human Services Commission"
"tx-hhsc-assisted-living:103836","COPPERAS HOLLOW NURSING & REHABILITATION CENTER","103836","assisted_living","Assisted Living","BURLESON","343 COUNTRY CLUB DR","CALDWELL","TX","77836","(979) 567-6400","(979) 567-6434","16","","","","","","","","true","30.5438","-96.7112","64.4","tx-hhsc-assisted-living","Texas HHSC Assisted Living Facilities","https://services1.arcgis.com/jI1j5lArZnrgFYSc/ArcGIS/rest/services/Assisted_Living/FeatureServer/0","Texas Health and Human Services Commission"
"tx-hhsc-assisted-living:110704","OAK MIST ASSISTED LIVING, LLC","110704","assisted_living","Assisted Living","BEXAR","2035 OAK MIST DR.","SAN ANTONIO","TX","78232","","","6","","","","","","","","true","29.571","-98.4582","64.4","tx-hhsc-assisted-living","Texas HHSC Assisted Living Facilities","https://services1.arcgis.com/jI1j5lArZnrgFYSc/ArcGIS/rest/services/Assisted_Living/FeatureServer/0","Texas Health and Human Services Commission"
"tx-hhsc-assisted-living:000944","COLLEGE PLACE INC","000944","assisted_living","Assisted Living","FAYETTE","210 COLLEGE ST","SCHULENBURG","TX","78956","(979) 743-6180","(979) 743-3161","52","","","","","","","","true","29.684","-96.9007","64.5","tx-hhsc-assisted-living","Texas HHSC Assisted Living Facilities","https://services1.arcgis.com/jI1j5lArZnrgFYSc/ArcGIS/rest/services/Assisted_Living/FeatureServer/0","Texas Health and Human Services Commission"
"tx-hhsc-assisted-living:103674","CELESTECARE OF LLANO","103674","assisted_living","Assisted Living","LLANO","701 E YOUNG","LLANO","TX","78643","(512) 422-8787","(325) 247-5470","36","","","","","","","","true","30.7604","-98.6656","64.6","tx-hhsc-assisted-living","Texas HHSC Assisted Living Facilities","https://services1.arcgis.com/jI1j5lArZnrgFYSc/ArcGIS/rest/services/Assisted_Living/FeatureServer/0","Texas Health and Human Services Commission"
"tx-hhsc-assisted-living:000350","BROOKDALE MALTSBERGER","000350","assisted_living","Assisted Living","BEXAR","13303 JONES MALTSBERGER RD","SAN ANTONIO","TX","78247","(210) 402-3800","(210) 402-4047","60","","","","","","","","true","29.5629","-98.4583","64.8","tx-hhsc-assisted-living","Texas HHSC Assisted Living Facilities","https://services1.arcgis.com/jI1j5lArZnrgFYSc/ArcGIS/rest/services/Assisted_Living/FeatureServer/0","Texas Health and Human Services Commission"
"tx-hhsc-assisted-living:106553","CORNERSTONE ASSISTED LIVING","106553","assisted_living","Assisted Living","BEXAR","103 FAIRWAY CIRCLE","SAN ANTONIO","TX","78232","(206) 349-1816","(210) 908-9424","6","","","","","","","","true","29.6026","-98.5057","64.8","tx-hhsc-assisted-living","Texas HHSC Assisted Living Facilities","https://services1.arcgis.com/jI1j5lArZnrgFYSc/ArcGIS/rest/services/Assisted_Living/FeatureServer/0","Texas Health and Human Services Commission"
"tx-hhsc-assisted-living:107285","ASSISTED LIVING AT SWANS LANDING","107285","assisted_living","Assisted Living","BEXAR","4154 SWANS LANDING","SAN ANTONIO","TX","78217","(210) 379-7340","","16","","","","","","","","true","29.5241","-98.4118","65.1","tx-hhsc-assisted-living","Texas HHSC Assisted Living Facilities","https://services1.arcgis.com/jI1j5lArZnrgFYSc/ArcGIS/rest/services/Assisted_Living/FeatureServer/0","Texas Health and Human Services Commission"
"tx-hhsc-assisted-living:106890","CAROL ANN'S HOME","106890","assisted_living","Assisted Living","BEXAR","10506 WAYWARD","SAN ANTONIO","TX","78217","(210) 621-3685","(210) 354-7590","16","","","","","","","","true","29.5366","-98.4308","65.2","tx-hhsc-assisted-living","Texas HHSC Assisted Living Facilities","https://services1.arcgis.com/jI1j5lArZnrgFYSc/ArcGIS/rest/services/Assisted_Living/FeatureServer/0","Texas Health and Human Services Commission"
"tx-hhsc-assisted-living:101528","HOPES RESIDENCE","101528","assisted_living","Assisted Living","BEXAR","5102 GAWAIN DR","SAN ANTONIO","TX","78218","(210) 559-2551","(210) 559-1316","12","","","","","","","","true","29.5057","-98.3909","65.4","tx-hhsc-assisted-living","Texas HHSC Assisted Living Facilities","https://services1.arcgis.com/jI1j5lArZnrgFYSc/ArcGIS/rest/services/Assisted_Living/FeatureServer/0","Texas Health and Human Services Commission"
"tx-hhsc-assisted-living:110690","RED OAK MEMORY CARE","110690","assisted_living","Assisted Living","BEXAR","13311 CASSIA WAY","SAN ANTONIO","TX","78232","(210) 495-0397","(210) 495-0397","10","","","","","","","","true","29.5628","-98.4731","65.4","tx-hhsc-assisted-living","Texas HHSC Assisted Living Facilities","https://services1.arcgis.com/jI1j5lArZnrgFYSc/ArcGIS/rest/services/Assisted_Living/FeatureServer/0","Texas Health and Human Services Commission"
"tx-hhsc-assisted-living:106845","CELESTECARE OF FREDERICKSBURG","106845","assisted_living","Assisted Living","GILLESPIE","2230 N LLANO","FREDERICKSBURG","TX","78624","(830) 997-4613","(830) 997-3592","16","","","","","","","","true","30.2908","-98.8421","65.6","tx-hhsc-assisted-living","Texas HHSC Assisted Living Facilities","https://services1.arcgis.com/jI1j5lArZnrgFYSc/ArcGIS/rest/services/Assisted_Living/FeatureServer/0","Texas Health and Human Services Commission"
"tx-hhsc-assisted-living:106964","CELESTECARE OF FREDERICKSBURG MEMORY CARE","106964","assisted_living","Assisted Living","GILLESPIE","2230 N LLANO","FREDERICKSBURG","TX","78624","(830) 997-4613","(830) 997-3592","16","","","","","","","","true","30.2908","-98.8421","65.6","tx-hhsc-assisted-living","Texas HHSC Assisted Living Facilities","https://services1.arcgis.com/jI1j5lArZnrgFYSc/ArcGIS/rest/services/Assisted_Living/FeatureServer/0","Texas Health and Human Services Commission"
"tx-hhsc-assisted-living:030354","HOPES RESIDENCE","030354","assisted_living","Assisted Living","BEXAR","5046 GALAHAD DR","SAN ANTONIO","TX","78218","(210) 564-0870","(210) 251-4279","11","","","","","","","","true","29.5032","-98.3921","65.6","tx-hhsc-assisted-living","Texas HHSC Assisted Living Facilities","https://services1.arcgis.com/jI1j5lArZnrgFYSc/ArcGIS/rest/services/Assisted_Living/FeatureServer/0","Texas Health and Human Services Commission"
"tx-hhsc-assisted-living:110323","CHANGING SEASONS ON BLANCO","110323","assisted_living","Assisted Living","BEXAR","16400 BLANCO RD","SAN ANTONIO","TX","78232","(210) 540-8288","","119","","","","","","","","true","29.5896","-98.5123","65.7","tx-hhsc-assisted-living","Texas HHSC Assisted Living Facilities","https://services1.arcgis.com/jI1j5lArZnrgFYSc/ArcGIS/rest/services/Assisted_Living/FeatureServer/0","Texas Health and Human Services Commission"
"tx-hhsc-assisted-living:110359","LIVING WITH CHOICES","110359","assisted_living","Assisted Living","BEXAR","10327 LUZON DR.","SAN ANTONIO","TX","78217","(210) 748-2959","","6","","","","","","","","true","29.534","-98.4429","65.8","tx-hhsc-assisted-living","Texas HHSC Assisted Living Facilities","https://services1.arcgis.com/jI1j5lArZnrgFYSc/ArcGIS/rest/services/Assisted_Living/FeatureServer/0","Texas Health and Human Services Commission"
"tx-hhsc-assisted-living:104847","MORNING STAR MEMORY CARE OF FREDERICKSBURG TEXAS LLC","104847","assisted_living","Assisted Living","GILLESPIE","106 HERITAGE HILLS DR","FREDERICKSBURG","TX","78624","(830) 990-9007","(830) 990-8000","16","","","","","","","","true","30.248","-98.8477","65.9","tx-hhsc-assisted-living","Texas HHSC Assisted Living Facilities","https://services1.arcgis.com/jI1j5lArZnrgFYSc/ArcGIS/rest/services/Assisted_Living/FeatureServer/0","Texas Health and Human Services Commission"
"tx-hhsc-assisted-living:030089","HERITAGE PLACE","030089","assisted_living","Assisted Living","GILLESPIE","96 EAST FREDERICK ROAD","FREDERICKSBURG","TX","78624","830 9979406","830 9974374","70","","","","","","","","true","30.2879","-98.8498","66.1","tx-hhsc-assisted-living","Texas HHSC Assisted Living Facilities","https://services1.arcgis.com/jI1j5lArZnrgFYSc/ArcGIS/rest/services/Assisted_Living/FeatureServer/0","Texas Health and Human Services Commission"
"tx-hhsc-assisted-living:000793","THE INN AT LOS PATIOS","000793","assisted_living","Assisted Living","BEXAR","8700 POST OAK LN","SAN ANTONIO","TX","78217","(210) 829-7357","(210) 829-8238","30","","","","","","","","true","29.519","-98.434","66.2","tx-hhsc-assisted-living","Texas HHSC Assisted Living Facilities","https://services1.arcgis.com/jI1j5lArZnrgFYSc/ArcGIS/rest/services/Assisted_Living/FeatureServer/0","Texas Health and Human Services Commission"
"tx-hhsc-assisted-living:106436","SHAVANO PARK SENIOR LIVING","106436","assisted_living","Assisted Living","BEXAR","3220 N. LOOP 1604 W","SHAVANO PARK","TX","78231","(210) 492-4040","(210) 493-2559","90","","","","","","","","true","29.6007","-98.5446","66.5","tx-hhsc-assisted-living","Texas HHSC Assisted Living Facilities","https://services1.arcgis.com/jI1j5lArZnrgFYSc/ArcGIS/rest/services/Assisted_Living/FeatureServer/0","Texas Health and Human Services Commission"
"tx-hhsc-assisted-living:106230","BADER HOUSE OF SHAVANO PARK 1 LTD DBA SODALIS SHAVANO PARK","106230","assisted_living","Assisted Living","BEXAR","3411 PAESANO'S PARKWAY","SAN ANTONIO","TX","78231","(210) 408-1002","(210) 408-1004","24","","","","","","","","true","29.6","-98.5457","66.6","tx-hhsc-assisted-living","Texas HHSC Assisted Living Facilities","https://services1.arcgis.com/jI1j5lArZnrgFYSc/ArcGIS/rest/services/Assisted_Living/FeatureServer/0","Texas Health and Human Services Commission"
"tx-hhsc-assisted-living:030087","BROOKDALE OAKWELL","030087","assisted_living","Assisted Living","BEXAR","3360 OAKWELL COURT","SAN ANTONIO","TX","78218","(210) 820-8744","(210) 820-8233","136","","","","","","","","true","29.5082","-98.4306","66.7","tx-hhsc-assisted-living","Texas HHSC Assisted Living Facilities","https://services1.arcgis.com/jI1j5lArZnrgFYSc/ArcGIS/rest/services/Assisted_Living/FeatureServer/0","Texas Health and Human Services Commission"
"tx-hhsc-assisted-living:000552","KNOPP RETIREMENT CENTER, INC","000552","assisted_living","Assisted Living","GILLESPIE","103 E TRAILMOOR DR","FREDERICKSBURG","TX","78624","(830) 997-4426","(830) 997-5245","60","","","","","","","","true","30.2854","-98.8607","66.7","tx-hhsc-assisted-living","Texas HHSC Assisted Living Facilities","https://services1.arcgis.com/jI1j5lArZnrgFYSc/ArcGIS/rest/services/Assisted_Living/FeatureServer/0","Texas Health and Human Services Commission"
"tx-hhsc-assisted-living:030045","COLONIAL GARDENS OF SAN ANTONIO SA1","030045","assisted_living","Assisted Living","BEXAR","20 LYNN BATTS LANE","SAN ANTONIO","TX","78218","(210) 826-6594","(210) 826-0063","16","","","","","","","","true","29.5072","-98.433","66.8","tx-hhsc-assisted-living","Texas HHSC Assisted Living Facilities","https://services1.arcgis.com/jI1j5lArZnrgFYSc/ArcGIS/rest/services/Assisted_Living/FeatureServer/0","Texas Health and Human Services Commission"
"tx-hhsc-assisted-living:030288","COLONIAL GARDENS OF SAN ANTONIO SA2","030288","assisted_living","Assisted Living","BEXAR","10 LYNN BATTS LANE","SAN ANTONIO","TX","78218","(210) 826-6594","(210) 826-0063","20","","","","","","","","true","29.5066","-98.4328","66.8","tx-hhsc-assisted-living","Texas HHSC Assisted Living Facilities","https://services1.arcgis.com/jI1j5lArZnrgFYSc/ArcGIS/rest/services/Assisted_Living/FeatureServer/0","Texas Health and Human Services Commission"
"tx-hhsc-assisted-living:110535","ANTON ASSISTED LIVING HOME LLC","110535","assisted_living","Assisted Living","KENDALL","1033 E BLANCO RD","BOERNE","TX","78006","(210) 778-6078","","10","","","","","","","","true","29.7972","-98.7216","66.9","tx-hhsc-assisted-living","Texas HHSC Assisted Living Facilities","https://services1.arcgis.com/jI1j5lArZnrgFYSc/ArcGIS/rest/services/Assisted_Living/FeatureServer/0","Texas Health and Human Services Commission"
"tx-hhsc-assisted-living:106612","HEARTIS SAN ANTONIO","106612","assisted_living","Assisted Living","BEXAR","15430 HUEBNER ROAD","SAN ANTONIO","TX","78248","(210) 492-1928","","186","","","","","","","","true","29.5838","-98.5348","66.9","tx-hhsc-assisted-living","Texas HHSC Assisted Living Facilities","https://services1.arcgis.com/jI1j5lArZnrgFYSc/ArcGIS/rest/services/Assisted_Living/FeatureServer/0","Texas Health and Human Services Commission"
"tx-hhsc-assisted-living:106652","NEURORESTORATIVE SAN ANTONIO  FIVE OAKS","106652","assisted_living","Assisted Living","BEXAR","239 FIVE OAKS DR","SAN ANTONIO","TX","78209","(210) 832-0007","(210) 832-0012","5","","","","","","","","true","29.5081","-98.436","66.9","tx-hhsc-assisted-living","Texas HHSC Assisted Living Facilities","https://services1.arcgis.com/jI1j5lArZnrgFYSc/ArcGIS/rest/services/Assisted_Living/FeatureServer/0","Texas Health and Human Services Commission"
"tx-hhsc-assisted-living:103401","NEW HOPE ASSISTED LIVING INC","103401","assisted_living","Assisted Living","KENDALL","112 BUCKSKIN DR","BOERNE","TX","78006-8324","830 7554673","830 7558069","15","","","","","","","","true","29.7593","-98.6988","67.1","tx-hhsc-assisted-living","Texas HHSC Assisted Living Facilities","https://services1.arcgis.com/jI1j5lArZnrgFYSc/ArcGIS/rest/services/Assisted_Living/FeatureServer/0","Texas Health and Human Services Commission"
"tx-hhsc-assisted-living:106533","HAPPY LIVING CARE HOME","106533","assisted_living","Assisted Living","BEXAR","9143 AQUA DRIVE","BOERNE","TX","78006","(830) 755-4372","(830) 755-4372","11","","","","","","","","true","29.7145","-98.6667","67.2","tx-hhsc-assisted-living","Texas HHSC Assisted Living Facilities","https://services1.arcgis.com/jI1j5lArZnrgFYSc/ArcGIS/rest/services/Assisted_Living/FeatureServer/0","Texas Health and Human Services Commission"
"tx-hhsc-assisted-living:100213","ARDEN COURTS OF SAN ANTONIO","100213","assisted_living","Assisted Living","BEXAR","15290 HUEBNER RD","SAN ANTONIO","TX","78231","(210) 408-9100","(210) 408-9101","64","","","","","","","","true","29.5802","-98.5387","67.3","tx-hhsc-assisted-living","Texas HHSC Assisted Living Facilities","https://services1.arcgis.com/jI1j5lArZnrgFYSc/ArcGIS/rest/services/Assisted_Living/FeatureServer/0","Texas Health and Human Services Commission"
"tx-hhsc-assisted-living:106798","FRANKLIN PARK BOERNE ASSISTED LIVING","106798","assisted_living","Assisted Living","KENDALL","18 OLD SAN ANTONIO ROAD","BOERNE","TX","78006","(830) 816-5150","","88","","","","","","","","true","29.7789","-98.7195","67.5","tx-hhsc-assisted-living","Texas HHSC Assisted Living Facilities","https://services1.arcgis.com/jI1j5lArZnrgFYSc/ArcGIS/rest/services/Assisted_Living/FeatureServer/0","Texas Health and Human Services Commission"
"tx-hhsc-assisted-living:030325","PERSONALIZED CARE INC","030325","assisted_living","Assisted Living","LAVACA","122 AVENUE E","SHINER","TX","77984","(361) 594-2728","(361) 594-2273","10","","","","","","","","true","29.4265","-97.1684","67.5","tx-hhsc-assisted-living","Texas HHSC Assisted Living Facilities","https://services1.arcgis.com/jI1j5lArZnrgFYSc/ArcGIS/rest/services/Assisted_Living/FeatureServer/0","Texas Health and Human Services Commission"
"tx-hhsc-assisted-living:105889","ALPHA SENIOR CARE HOME","105889","assisted_living","Assisted Living","BEXAR","96 WINDMILL ROAD","SHAVANO PARK","TX","78231","(210) 290-9131","(210) 290-9131","6","","","","","","","","true","29.5833","-98.5514","67.6","tx-hhsc-assisted-living","Texas HHSC Assisted Living Facilities","https://services1.arcgis.com/jI1j5lArZnrgFYSc/ArcGIS/rest/services/Assisted_Living/FeatureServer/0","Texas Health and Human Services Commission"
"tx-hhsc-assisted-living:000432","KINCARE","000432","assisted_living","Assisted Living","BEXAR","107 BARBARA DR, SAN ANTONIO","SAN ANTONIO","TX","78216","(210) 551-9998","(210) 822-2494","14","","","","","","","","true","29.5356","-98.4927","67.6","tx-hhsc-assisted-living","Texas HHSC Assisted Living Facilities","https://services1.arcgis.com/jI1j5lArZnrgFYSc/ArcGIS/rest/services/Assisted_Living/FeatureServer/0","Texas Health and Human Services Commission"
"tx-hhsc-assisted-living:000740","DESERT SANDS ASSISTED LIVING LLC","000740","assisted_living","Assisted Living","BEXAR","10218 DESERT SANDS","SAN ANTONIO","TX","78216","(210) 341-1012","(210) 349-7876","42","","","","","","","","true","29.5333","-98.4926","67.7","tx-hhsc-assisted-living","Texas HHSC Assisted Living Facilities","https://services1.arcgis.com/jI1j5lArZnrgFYSc/ArcGIS/rest/services/Assisted_Living/FeatureServer/0","Texas Health and Human Services Commission"
"tx-hhsc-assisted-living:010340","HERITAGE PLACE","010340","assisted_living","Assisted Living","KENDALL","120 CROSSPOINT DRIVE","BOERNE","TX","78006","830 2499817","830 2490576","56","","","","","","","","true","29.7729","-98.7225","67.8","tx-hhsc-assisted-living","Texas HHSC Assisted Living Facilities","https://services1.arcgis.com/jI1j5lArZnrgFYSc/ArcGIS/rest/services/Assisted_Living/FeatureServer/0","Texas Health and Human Services Commission"
"tx-hhsc-assisted-living:103438","LEON SPRINGS LODGE LLC","103438","assisted_living","Assisted Living","BEXAR","24137 BOERNE STAGE RD","SAN ANTONIO","TX","78255","(210) 698-9365","(210) 698-7322","12","","","","","","","","true","29.6631","-98.6366","67.8","tx-hhsc-assisted-living","Texas HHSC Assisted Living Facilities","https://services1.arcgis.com/jI1j5lArZnrgFYSc/ArcGIS/rest/services/Assisted_Living/FeatureServer/0","Texas Health and Human Services Commission"
"tx-hhsc-assisted-living:030092","THE LODGE AT LEON SPRINGS","030092","assisted_living","Assisted Living","BEXAR","24137 BOERNE STAGE RD","SAN ANTONIO","TX","78255","(210) 698-9365","(210) 698-7322","14","","","","","","","","true","29.6631","-98.6366","67.8","tx-hhsc-assisted-living","Texas HHSC Assisted Living Facilities","https://services1.arcgis.com/jI1j5lArZnrgFYSc/ArcGIS/rest/services/Assisted_Living/FeatureServer/0","Texas Health and Human Services Commission"
"tx-hhsc-assisted-living:000530","KNOPP ASSISTED LIVING CENTER INC","000530","assisted_living","Assisted Living","GILLESPIE","202 BILLIE DR","FREDERICKSBURG","TX","78624","(830) 997-7924","(830) 990-4731","53","","","","","","","","true","30.257","-98.8843","68.1","tx-hhsc-assisted-living","Texas HHSC Assisted Living Facilities","https://services1.arcgis.com/jI1j5lArZnrgFYSc/ArcGIS/rest/services/Assisted_Living/FeatureServer/0","Texas Health and Human Services Commission"
"tx-hhsc-assisted-living:106675","DISCOVERY VILLAGE AT DOMINION","106675","assisted_living","Assisted Living","BEXAR","6906 HEUERMAN ROAD","SAN ANTONIO","TX","78257","(210) 947-7000","","148","","","","","","","","true","29.6359","-98.6182","68.2","tx-hhsc-assisted-living","Texas HHSC Assisted Living Facilities","https://services1.arcgis.com/jI1j5lArZnrgFYSc/ArcGIS/rest/services/Assisted_Living/FeatureServer/0","Texas Health and Human Services Commission"
"tx-hhsc-assisted-living:106581","FRANKLIN PARK ALAMO HEIGHTS ASSISTED LIVING","106581","assisted_living","Assisted Living","BEXAR","230 W. SUNSET ROAD","SAN ANTONIO","TX","78209","(210) 829-5955","(210) 829-5953","121","","","","","","","","true","29.5061","-98.469","68.2","tx-hhsc-assisted-living","Texas HHSC Assisted Living Facilities","https://services1.arcgis.com/jI1j5lArZnrgFYSc/ArcGIS/rest/services/Assisted_Living/FeatureServer/0","Texas Health and Human Services Commission"
"tx-hhsc-assisted-living:110340","SHINING STARS ASSISTED LIVING LLC","110340","assisted_living","Assisted Living","BEXAR","401 BRYN MAWR","SAN ANTONIO","TX","78209","(210) 777-1039","(210) 564-9319","16","","","","","","","","true","29.4908","-98.4449","68.2","tx-hhsc-assisted-living","Texas HHSC Assisted Living Facilities","https://services1.arcgis.com/jI1j5lArZnrgFYSc/ArcGIS/rest/services/Assisted_Living/FeatureServer/0","Texas Health and Human Services Commission"
"tx-hhsc-assisted-living:101799","MORNINGSIDE MINISTRIES AT MENGER SPRINGSTHE CIBOLO HOUSE","101799","assisted_living","Assisted Living","KENDALL","1000 GRAND BLVD","BOERNE","TX","78006","(830) 816-4900","(830) 816-4901","112","","","","","","","","true","29.7745","-98.7332","68.3","tx-hhsc-assisted-living","Texas HHSC Assisted Living Facilities","https://services1.arcgis.com/jI1j5lArZnrgFYSc/ArcGIS/rest/services/Assisted_Living/FeatureServer/0","Texas Health and Human Services Commission"
"tx-hhsc-assisted-living:104790","SENIOR HAVEN ASSISTED LIVING LLC","104790","assisted_living","Assisted Living","BEXAR","14706 HIDDEN GLEN WOODS","SAN ANTONIO","TX","78249","(210) 413-5072","(210) 855-1767","8","","","","","","","","true","29.5837","-98.5713","68.5","tx-hhsc-assisted-living","Texas HHSC Assisted Living Facilities","https://services1.arcgis.com/jI1j5lArZnrgFYSc/ArcGIS/rest/services/Assisted_Living/FeatureServer/0","Texas Health and Human Services Commission"
"tx-hhsc-assisted-living:110142","WINDCREST VILLAGE LLC, DBA THE VILLAGES OF WINDCREST","110142","assisted_living","Assisted Living","GILLESPIE","702 WEST WINDCREST STREET","FREDERICKSBURG","TX","78624","(830) 856-2450","","86","","","","","","","","true","30.2641","-98.8905","68.5","tx-hhsc-assisted-living","Texas HHSC Assisted Living Facilities","https://services1.arcgis.com/jI1j5lArZnrgFYSc/ArcGIS/rest/services/Assisted_Living/FeatureServer/0","Texas Health and Human Services Commission"
"tx-hhsc-assisted-living:010295","THE SPECIAL CARE CENTER AT THE FORUM AT LINCOLN HEIGHTS","010295","assisted_living","Assisted Living","BEXAR","311 WEST NOTTINGHAM","SAN ANTONIO","TX","78209","210 8242314","210 8246556","88","","","","","","","","true","29.5009","-98.472","68.6","tx-hhsc-assisted-living","Texas HHSC Assisted Living Facilities","https://services1.arcgis.com/jI1j5lArZnrgFYSc/ArcGIS/rest/services/Assisted_Living/FeatureServer/0","Texas Health and Human Services Commission"
"tx-hhsc-assisted-living:104864","ADANTE ASSISTED LIVING","104864","assisted_living","Assisted Living","BEXAR","2739 CEMBALO BLVD.","SAN ANTONIO","TX","78230","(210) 493-0103","(210) 493-0102","90","","","","","","","","true","29.5467","-98.5327","68.7","tx-hhsc-assisted-living","Texas HHSC Assisted Living Facilities","https://services1.arcgis.com/jI1j5lArZnrgFYSc/ArcGIS/rest/services/Assisted_Living/FeatureServer/0","Texas Health and Human Services Commission"
"tx-hhsc-assisted-living:104091","GOLDEN STAGE ASSISTED LIVING","104091","assisted_living","Assisted Living","BEXAR","24911 N SADDLE TRL","SAN ANTONIO","TX","78255","(210) 858-5200","","14","","","","","","","","true","29.668","-98.6586","68.7","tx-hhsc-assisted-living","Texas HHSC Assisted Living Facilities","https://services1.arcgis.com/jI1j5lArZnrgFYSc/ArcGIS/rest/services/Assisted_Living/FeatureServer/0","Texas Health and Human Services Commission"
"tx-hhsc-assisted-living:104245","SUNSHINE SENIOR LIVING","104245","assisted_living","Assisted Living","BEXAR","22310 CIELO VISTA","SAN ANTONIO","TX","78255","(210) 781-4873","(210) 592-1252","9","","","","","","","","true","29.6496","-98.6417","68.7","tx-hhsc-assisted-living","Texas HHSC Assisted Living Facilities","https://services1.arcgis.com/jI1j5lArZnrgFYSc/ArcGIS/rest/services/Assisted_Living/FeatureServer/0","Texas Health and Human Services Commission"
"tx-hhsc-assisted-living:104432","BLOSSOM CARE ASSISTED LIVING","104432","assisted_living","Assisted Living","BEXAR","24803 BROAD OAK TRL","SAN ANTONIO","TX","78255","(210) 267-9106","(210) 272-0800","16","","","","","","","","true","29.6673","-98.6605","68.8","tx-hhsc-assisted-living","Texas HHSC Assisted Living Facilities","https://services1.arcgis.com/jI1j5lArZnrgFYSc/ArcGIS/rest/services/Assisted_Living/FeatureServer/0","Texas Health and Human Services Commission"
"tx-hhsc-assisted-living:000945","JUNIPER VILLAGE AT LINCOLN HEIGHTS","000945","assisted_living","Assisted Living","BEXAR","855 E BASSE RD","SAN ANTONIO","TX","78209","(210) 930-1040","(210) 930-1844","97","","","","","","","","true","29.4981","-98.4718","68.8","tx-hhsc-assisted-living","Texas HHSC Assisted Living Facilities","https://services1.arcgis.com/jI1j5lArZnrgFYSc/ArcGIS/rest/services/Assisted_Living/FeatureServer/0","Texas Health and Human Services Commission"
"tx-hhsc-assisted-living:106739","SOUTHERN CARE ASSISTED LIVING LLC","106739","assisted_living","Assisted Living","BEXAR","8919 SADDLE TRAIL","SAN ANTONIO","TX","78255","(210) 727-5353","210 2575197","7","","","","","","","","true","29.6678","-98.6618","68.8","tx-hhsc-assisted-living","Texas HHSC Assisted Living Facilities","https://services1.arcgis.com/jI1j5lArZnrgFYSc/ArcGIS/rest/services/Assisted_Living/FeatureServer/0","Texas Health and Human Services Commission"
